#VRML V2.0 utf8

Shape {
  appearance Appearance {
    material Material {
      diffuseColor 0.2235 0.2235 0.2235
      specularColor 0.1137 0.1137 0.1137
      ambientIntensity 0.2
      transparency 0.0000
      shininess 0.5
    }
  }
  geometry IndexedFaceSet {
    ccw TRUE
    solid FALSE
    coord DEF co Coordinate {
      point [
        -0.590551 0.354331 0.000000,
        -0.590551 0.590551 0.000000,
        -0.460630 0.354331 0.000000,
        -0.454516 0.353526 0.000000,
        0.278755 0.448819 0.000000,
        0.282509 0.443926 0.000000,
        0.185039 0.440172 0.000000,
        -0.275591 -0.460630 0.000000,
        -0.276395 -0.454516 0.000000,
        -0.226378 -0.344488 0.000000,
        -0.278755 -0.448819 0.000000,
        -0.282509 -0.443926 0.000000,
        0.590551 0.590551 0.000000,
        0.590551 0.354331 0.000000,
        0.460630 0.354331 0.000000,
        0.454516 0.353526 0.000000,
        0.448819 0.351166 0.000000,
        0.344488 0.344488 0.000000,
        0.440172 0.129921 0.000000,
        0.443926 0.125029 0.000000,
        0.344488 -0.344488 0.000000,
        0.440172 -0.342520 0.000000,
        0.443926 -0.347412 0.000000,
        0.590551 -0.354331 0.000000,
        0.590551 -0.590551 0.000000,
        0.460630 -0.354331 0.000000,
        0.454516 -0.353526 0.000000,
        -0.354331 0.590551 0.000000,
        -0.354331 0.460630 0.000000,
        -0.342520 0.440172 0.000000,
        -0.336822 0.437813 0.000000,
        -0.344488 0.344488 0.000000,
        -0.448819 -0.193686 0.000000,
        -0.443926 -0.189931 0.000000,
        -0.344488 -0.226378 0.000000,
        -0.440172 -0.185039 0.000000,
        -0.437813 -0.179342 0.000000,
        -0.437008 -0.173228 0.000000,
        -0.437008 -0.141732 0.000000,
        -0.437813 -0.135619 0.000000,
        0.354331 -0.590551 0.000000,
        0.354331 -0.460630 0.000000,
        0.342520 -0.440172 0.000000,
        0.336822 -0.437813 0.000000,
        0.443926 0.347412 0.000000,
        0.440172 0.342520 0.000000,
        0.437813 0.336822 0.000000,
        -0.353526 0.454516 0.000000,
        -0.351166 0.448819 0.000000,
        -0.347412 0.443926 0.000000,
        0.135619 0.437813 0.000000,
        0.129921 0.440172 0.000000,
        0.125029 0.443926 0.000000,
        -0.437813 0.336822 0.000000,
        -0.437008 0.330709 0.000000,
        -0.437008 0.299213 0.000000,
        -0.440172 0.342520 0.000000,
        -0.443926 0.347412 0.000000,
        -0.448819 0.351166 0.000000,
        0.353526 -0.454516 0.000000,
        0.351166 -0.448819 0.000000,
        0.347412 -0.443926 0.000000,
        -0.135619 -0.437813 0.000000,
        -0.129921 -0.440172 0.000000,
        -0.125029 -0.443926 0.000000,
        0.437813 0.135619 0.000000,
        0.437008 -0.173228 0.000000,
        0.437813 -0.179342 0.000000,
        0.448819 -0.351166 0.000000,
        0.293099 0.437813 0.000000,
        0.287402 0.440172 0.000000,
        0.354331 0.590551 0.000000,
        0.354331 0.460630 0.000000,
        0.353526 0.454516 0.000000,
        -0.590551 -0.275591 0.000000,
        -0.590551 -0.196850 0.000000,
        -0.460630 -0.275591 0.000000,
        -0.460630 -0.196850 0.000000,
        -0.454516 -0.196046 0.000000,
        -0.440172 -0.129921 0.000000,
        -0.443926 -0.125029 0.000000,
        -0.437813 -0.021862 0.000000,
        -0.448819 -0.121275 0.000000,
        -0.440172 -0.027559 0.000000,
        -0.443926 0.125029 0.000000,
        -0.440172 0.129921 0.000000,
        -0.437813 0.135619 0.000000,
        -0.437008 0.141732 0.000000,
        -0.437008 0.173228 0.000000,
        -0.437813 0.179342 0.000000,
        -0.440172 0.185039 0.000000,
        -0.443926 0.282509 0.000000,
        -0.440172 0.287402 0.000000,
        -0.437813 0.293099 0.000000,
        -0.354331 -0.590551 0.000000,
        -0.590551 -0.590551 0.000000,
        -0.354331 -0.460630 0.000000,
        -0.590551 -0.354331 0.000000,
        -0.353526 -0.454516 0.000000,
        -0.448819 -0.278755 0.000000,
        -0.443926 -0.282509 0.000000,
        -0.440172 -0.287402 0.000000,
        -0.454516 -0.276395 0.000000,
        0.437813 0.293099 0.000000,
        0.440172 0.287402 0.000000,
        0.443926 0.282509 0.000000,
        0.448819 -0.278755 0.000000,
        0.443926 -0.282509 0.000000,
        0.454516 -0.196046 0.000000,
        -0.189931 0.443926 0.000000,
        -0.185039 0.440172 0.000000,
        -0.179342 0.437813 0.000000,
        -0.173228 0.437008 0.000000,
        -0.032451 0.443926 0.000000,
        -0.027559 0.440172 0.000000,
        -0.021862 0.437813 0.000000,
        -0.015748 0.437008 0.000000,
        0.015748 0.437008 0.000000,
        0.021862 0.437813 0.000000,
        0.027559 0.440172 0.000000,
        -0.454516 -0.038565 0.000000,
        -0.448819 -0.036206 0.000000,
        -0.443926 -0.032451 0.000000,
        -0.443926 0.189931 0.000000,
        -0.448819 0.193686 0.000000,
        -0.448819 0.278755 0.000000,
        -0.454516 0.276395 0.000000,
        -0.440172 -0.342520 0.000000,
        -0.437813 -0.336822 0.000000,
        0.189931 -0.443926 0.000000,
        0.185039 -0.440172 0.000000,
        0.179342 -0.437813 0.000000,
        0.173228 -0.437008 0.000000,
        0.032451 -0.443926 0.000000,
        0.027559 -0.440172 0.000000,
        0.021862 -0.437813 0.000000,
        0.015748 -0.437008 0.000000,
        -0.015748 -0.437008 0.000000,
        -0.021862 -0.437813 0.000000,
        -0.027559 -0.440172 0.000000,
        -0.141732 -0.437008 0.000000,
        -0.173228 -0.437008 0.000000,
        -0.179342 -0.437813 0.000000,
        0.437008 0.330709 0.000000,
        0.437008 0.299213 0.000000,
        0.454516 0.196046 0.000000,
        0.448819 0.278755 0.000000,
        0.448819 0.193686 0.000000,
        0.443926 0.189931 0.000000,
        0.440172 0.185039 0.000000,
        0.437008 -0.015748 0.000000,
        0.437813 -0.021862 0.000000,
        0.440172 -0.027559 0.000000,
        0.443926 -0.032451 0.000000,
        0.448819 -0.036206 0.000000,
        0.454516 -0.118915 0.000000,
        0.448819 -0.121275 0.000000,
        0.443926 -0.125029 0.000000,
        -0.330709 0.437008 0.000000,
        -0.299213 0.437008 0.000000,
        -0.293099 0.437813 0.000000,
        -0.038565 0.454516 0.000000,
        -0.036206 0.448819 0.000000,
        -0.121275 0.448819 0.000000,
        -0.125029 0.443926 0.000000,
        0.032451 0.443926 0.000000,
        0.036206 0.448819 0.000000,
        0.121275 0.448819 0.000000,
        0.118915 0.454516 0.000000,
        0.141732 0.437008 0.000000,
        0.173228 0.437008 0.000000,
        0.179342 0.437813 0.000000,
        0.330709 -0.437008 0.000000,
        0.299213 -0.437008 0.000000,
        0.293099 -0.437813 0.000000,
        0.121275 -0.448819 0.000000,
        0.038565 -0.454516 0.000000,
        0.125029 -0.443926 0.000000,
        0.036206 -0.448819 0.000000,
        -0.032451 -0.443926 0.000000,
        -0.036206 -0.448819 0.000000,
        -0.121275 -0.448819 0.000000,
        -0.118915 -0.454516 0.000000,
        -0.185039 -0.440172 0.000000,
        -0.189931 -0.443926 0.000000,
        -0.193686 -0.448819 0.000000,
        -0.196850 -0.590551 0.000000,
        -0.275591 -0.590551 0.000000,
        -0.196850 -0.460630 0.000000,
        -0.196046 -0.454516 0.000000,
        0.460630 0.275591 0.000000,
        0.590551 0.275591 0.000000,
        0.590551 0.196850 0.000000,
        0.448819 0.121275 0.000000,
        0.454516 0.038565 0.000000,
        0.448819 0.036206 0.000000,
        0.443926 0.032451 0.000000,
        0.460630 -0.039370 0.000000,
        0.590551 -0.039370 0.000000,
        0.590551 -0.118110 0.000000,
        0.440172 -0.129921 0.000000,
        0.437813 -0.135619 0.000000,
        0.437008 -0.141732 0.000000,
        0.440172 -0.185039 0.000000,
        0.443926 -0.189931 0.000000,
        0.448819 -0.193686 0.000000,
        -0.196046 0.454516 0.000000,
        -0.282509 0.443926 0.000000,
        -0.278755 0.448819 0.000000,
        -0.275591 0.460630 0.000000,
        -0.275591 0.590551 0.000000,
        -0.196850 0.590551 0.000000,
        -0.193686 0.448819 0.000000,
        -0.287402 0.440172 0.000000,
        -0.141732 0.437008 0.000000,
        -0.135619 0.437813 0.000000,
        -0.129921 0.440172 0.000000,
        0.276395 0.454516 0.000000,
        0.189931 0.443926 0.000000,
        0.193686 0.448819 0.000000,
        0.196850 0.460630 0.000000,
        0.196850 0.590551 0.000000,
        0.275591 0.590551 0.000000,
        0.299213 0.437008 0.000000,
        0.330709 0.437008 0.000000,
        0.336822 0.437813 0.000000,
        0.342520 0.440172 0.000000,
        0.347412 0.443926 0.000000,
        0.351166 0.448819 0.000000,
        -0.460630 -0.118110 0.000000,
        -0.590551 -0.118110 0.000000,
        -0.590551 -0.039370 0.000000,
        -0.437008 -0.015748 0.000000,
        -0.437008 0.015748 0.000000,
        -0.437813 0.021862 0.000000,
        -0.440172 0.027559 0.000000,
        -0.443926 0.032451 0.000000,
        -0.448819 0.036206 0.000000,
        -0.448819 0.121275 0.000000,
        -0.454516 0.118915 0.000000,
        -0.460630 0.196850 0.000000,
        -0.590551 0.196850 0.000000,
        -0.590551 0.275591 0.000000,
        -0.287402 -0.440172 0.000000,
        -0.293099 -0.437813 0.000000,
        -0.299213 -0.437008 0.000000,
        -0.330709 -0.437008 0.000000,
        -0.437008 -0.330709 0.000000,
        -0.437008 -0.299213 0.000000,
        -0.437813 -0.293099 0.000000,
        0.196046 -0.454516 0.000000,
        0.282509 -0.443926 0.000000,
        0.278755 -0.448819 0.000000,
        0.275591 -0.460630 0.000000,
        0.275591 -0.590551 0.000000,
        0.196850 -0.590551 0.000000,
        0.193686 -0.448819 0.000000,
        0.287402 -0.440172 0.000000,
        0.141732 -0.437008 0.000000,
        0.135619 -0.437813 0.000000,
        0.129921 -0.440172 0.000000,
        0.454516 0.276395 0.000000,
        0.460630 0.196850 0.000000,
        0.437813 0.179342 0.000000,
        0.437008 0.173228 0.000000,
        0.437008 0.141732 0.000000,
        0.460630 0.118110 0.000000,
        0.590551 0.118110 0.000000,
        0.590551 0.039370 0.000000,
        0.454516 -0.038565 0.000000,
        0.460630 -0.118110 0.000000,
        -0.276395 0.454516 0.000000,
        -0.196850 0.460630 0.000000,
        -0.118110 0.460630 0.000000,
        -0.118110 0.590551 0.000000,
        -0.039370 0.590551 0.000000,
        0.039370 0.460630 0.000000,
        0.039370 0.590551 0.000000,
        0.118110 0.590551 0.000000,
        0.196046 0.454516 0.000000,
        0.275591 0.460630 0.000000,
        -0.454516 -0.118915 0.000000,
        -0.460630 -0.039370 0.000000,
        -0.454516 0.196046 0.000000,
        -0.460630 0.275591 0.000000,
        -0.336822 -0.437813 0.000000,
        -0.342520 -0.440172 0.000000,
        -0.443926 -0.347412 0.000000,
        -0.347412 -0.443926 0.000000,
        -0.448819 -0.351166 0.000000,
        -0.351166 -0.448819 0.000000,
        -0.454516 -0.353526 0.000000,
        -0.460630 -0.354331 0.000000,
        0.276395 -0.454516 0.000000,
        0.196850 -0.460630 0.000000,
        -0.039370 -0.460630 0.000000,
        -0.039370 -0.590551 0.000000,
        -0.118110 -0.590551 0.000000,
        0.454516 0.118915 0.000000,
        0.460630 0.039370 0.000000,
        0.440172 0.027559 0.000000,
        0.437813 0.021862 0.000000,
        0.437008 0.015748 0.000000,
        0.440172 -0.287402 0.000000,
        0.437813 -0.293099 0.000000,
        0.437008 -0.299213 0.000000,
        -0.118915 0.454516 0.000000,
        -0.039370 0.460630 0.000000,
        0.038565 0.454516 0.000000,
        0.118110 0.460630 0.000000,
        -0.460630 0.039370 0.000000,
        -0.590551 0.039370 0.000000,
        -0.590551 0.118110 0.000000,
        0.118110 -0.460630 0.000000,
        0.118110 -0.590551 0.000000,
        0.039370 -0.590551 0.000000,
        -0.038565 -0.454516 0.000000,
        -0.118110 -0.460630 0.000000,
        0.590551 -0.196850 0.000000,
        0.590551 -0.275591 0.000000,
        0.460630 -0.196850 0.000000,
        0.460630 -0.275591 0.000000,
        0.454516 -0.276395 0.000000,
        0.437008 -0.330709 0.000000,
        0.437813 -0.336822 0.000000,
        -0.454516 0.038565 0.000000,
        -0.460630 0.118110 0.000000,
        0.118915 -0.454516 0.000000,
        0.039370 -0.460630 0.000000,
        0.386258 -0.545554 0.354331,
        0.384659 -0.545744 0.354331,
        0.393949 -0.545744 0.354331,
        0.357558 -0.449591 0.354331,
        0.360394 -0.449244 0.354331,
        0.345637 -0.449244 0.354331,
        0.367121 -0.486711 0.354331,
        0.364742 -0.486939 0.354331,
        0.377007 -0.486939 0.354331,
        0.275796 -0.478593 0.354331,
        0.282903 -0.484678 0.354331,
        0.307735 -0.449244 0.354331,
        0.307735 -0.486939 0.354331,
        0.240477 -0.445413 0.354331,
        0.246176 -0.449244 0.354331,
        0.252232 -0.453316 0.354331,
        0.260838 -0.463235 0.354331,
        0.266464 -0.474137 0.354331,
        0.267973 -0.474650 0.354331,
        0.191154 -0.445926 0.354331,
        0.203304 -0.441228 0.354331,
        -0.155144 0.590551 0.354331,
        0.307735 0.590551 0.354331,
        0.216388 -0.439611 0.354331,
        0.227251 -0.440752 0.354331,
        0.136794 -0.473609 0.354331,
        0.139104 -0.471458 0.354331,
        -0.155144 -0.449244 0.354331,
        0.185802 -0.449244 0.354331,
        0.184761 -0.449890 0.354331,
        0.147938 -0.465520 0.354331,
        0.157772 -0.461991 0.354331,
        0.167103 -0.460959 0.354331,
        0.178568 -0.455194 0.354331,
        0.170134 -0.461124 0.354331,
        0.173165 -0.461486 0.354331,
        -0.155144 -0.486939 0.354331,
        -0.155144 -0.497807 0.354331,
        0.125070 -0.497807 0.354331,
        0.126567 -0.490227 0.354331,
        0.128120 -0.486939 0.354331,
        0.130988 -0.480871 0.354331,
        0.152068 -0.543621 0.354331,
        0.142689 -0.538713 0.354331,
        -0.155144 -0.545744 0.354331,
        0.135476 -0.532383 0.354331,
        0.134525 -0.531290 0.354331,
        0.128950 -0.522807 0.354331,
        0.125435 -0.512937 0.354331,
        0.124407 -0.503655 0.354331,
        0.124514 -0.500626 0.354331,
        0.156561 -0.545033 0.354331,
        0.156893 -0.545744 0.354331,
        0.159197 -0.550677 0.354331,
        0.163114 -0.555516 0.354331,
        0.192513 -0.560429 0.354331,
        0.187967 -0.562172 0.354331,
        0.307735 -0.590551 0.354331,
        0.181599 -0.562955 0.354331,
        0.180569 -0.562936 0.354331,
        -0.155144 -0.590551 0.354331,
        0.174347 -0.561962 0.354331,
        -0.155144 -0.560429 0.354331,
        0.170702 -0.560429 0.354331,
        0.168268 -0.559404 0.354331,
        0.206299 -0.545744 0.354331,
        0.206283 -0.545811 0.354331,
        0.307735 -0.560429 0.354331,
        0.203174 -0.551691 0.354331,
        0.199096 -0.556267 0.354331,
        0.193846 -0.559917 0.354331,
        0.282804 -0.533700 0.354331,
        0.275372 -0.539939 0.354331,
        0.307735 -0.545744 0.354331,
        0.287878 -0.526700 0.354331,
        0.201365 -0.518941 0.354331,
        0.236682 -0.500493 0.354331,
        0.196768 -0.514754 0.354331,
        0.191178 -0.511754 0.354331,
        0.276090 -0.506650 0.354331,
        0.274860 -0.501585 0.354331,
        0.272831 -0.497807 0.354331,
        0.141665 -0.497807 0.354331,
        0.241848 -0.529459 0.354331,
        0.244852 -0.514461 0.354331,
        0.240032 -0.530151 0.354331,
        0.238400 -0.531279 0.354331,
        0.241941 -0.545360 0.354331,
        0.240190 -0.544712 0.354331,
        0.238456 -0.543530 0.354331,
        0.237685 -0.542755 0.354331,
        0.143200 -0.513604 0.354331,
        0.146363 -0.518993 0.354331,
        0.159746 -0.521696 0.354331,
        0.151091 -0.523845 0.354331,
        0.156824 -0.527375 0.354331,
        0.169497 -0.512976 0.354331,
        0.164106 -0.516717 0.354331,
        0.141011 -0.503128 0.354331,
        0.141320 -0.507150 0.354331,
        0.243798 -0.529220 0.354331,
        0.244054 -0.529239 0.354331,
        0.244845 -0.529414 0.354331,
        0.267305 -0.543804 0.354331,
        0.258821 -0.545561 0.354331,
        0.243271 -0.545561 0.354331,
        0.175320 -0.510752 0.354331,
        0.181599 -0.509980 0.354331,
        0.184817 -0.510172 0.354331,
        0.291406 -0.500270 0.354331,
        0.292556 -0.508663 0.354331,
        0.307735 -0.497807 0.354331,
        0.292540 -0.509759 0.354331,
        0.291260 -0.518394 0.354331,
        0.235628 -0.537390 0.354331,
        0.235661 -0.536656 0.354331,
        0.207954 -0.533964 0.354331,
        0.236113 -0.534631 0.354331,
        0.237064 -0.532789 0.354331,
        0.236548 -0.541094 0.354331,
        0.235865 -0.539305 0.354331,
        0.207816 -0.539303 0.354331,
        0.207954 -0.536600 0.354331,
        0.270872 -0.522860 0.354331,
        0.273770 -0.518748 0.354331,
        0.275585 -0.514050 0.354331,
        0.276215 -0.508926 0.354331,
        0.245379 -0.529483 0.354331,
        0.257239 -0.529483 0.354331,
        0.261944 -0.528585 0.354331,
        0.266598 -0.526437 0.354331,
        0.270499 -0.523259 0.354331,
        0.253550 -0.488369 0.354331,
        0.144049 -0.490881 0.354331,
        0.141794 -0.496760 0.354331,
        0.255658 -0.488369 0.354331,
        0.272416 -0.497033 0.354331,
        0.269350 -0.493607 0.354331,
        0.265261 -0.490754 0.354331,
        0.260661 -0.488985 0.354331,
        0.242778 -0.466257 0.354331,
        0.240961 -0.464567 0.354331,
        0.181335 -0.480726 0.354331,
        0.248502 -0.473553 0.354331,
        0.146790 -0.486939 0.354331,
        0.179405 -0.479673 0.354331,
        0.253259 -0.486939 0.354331,
        0.252294 -0.482176 0.354331,
        0.233512 -0.459511 0.354331,
        0.225220 -0.456432 0.354331,
        0.185112 -0.472780 0.354331,
        0.216652 -0.455424 0.354331,
        0.173493 -0.477525 0.354331,
        0.167367 -0.476772 0.354331,
        0.164663 -0.476911 0.354331,
        0.206852 -0.456700 0.354331,
        0.198243 -0.460218 0.354331,
        0.190929 -0.465651 0.354331,
        0.158155 -0.478443 0.354331,
        0.152275 -0.481553 0.354331,
        0.147700 -0.485630 0.354331,
        0.284504 -0.486939 0.354331,
        0.288236 -0.492208 0.354331,
        0.290438 -0.497807 0.354331,
        0.462615 -0.476487 0.354331,
        0.449013 -0.476487 0.354331,
        0.466396 -0.486626 0.354331,
        0.449013 -0.486939 0.354331,
        0.471683 -0.486626 0.354331,
        0.590551 -0.486939 0.354331,
        0.590551 -0.449244 0.354331,
        0.457565 -0.449557 0.354331,
        0.449013 -0.449244 0.354331,
        0.447179 -0.476487 0.354331,
        0.443616 -0.486626 0.354331,
        0.437301 -0.486939 0.354331,
        0.438329 -0.486626 0.354331,
        0.437301 -0.449244 0.354331,
        0.449013 -0.458575 0.354331,
        0.452448 -0.449557 0.354331,
        0.393949 -0.469930 0.354331,
        0.383938 -0.469930 0.354331,
        0.393949 -0.482400 0.354331,
        0.383938 -0.482400 0.354331,
        0.402591 -0.449244 0.354331,
        0.393949 -0.449244 0.354331,
        0.398246 -0.449557 0.354331,
        0.393949 -0.449557 0.354331,
        0.398246 -0.453821 0.354331,
        0.399090 -0.482400 0.354331,
        0.402591 -0.486939 0.354331,
        0.399090 -0.486626 0.354331,
        0.393949 -0.486939 0.354331,
        0.397195 -0.469930 0.354331,
        0.397195 -0.465685 0.354331,
        0.393949 -0.465685 0.354331,
        0.393949 -0.453821 0.354331,
        0.383938 -0.453821 0.354331,
        0.383938 -0.465685 0.354331,
        0.379153 -0.449557 0.354331,
        0.377007 -0.449244 0.354331,
        0.379153 -0.486626 0.354331,
        0.371733 -0.450448 0.354331,
        0.367847 -0.449320 0.354331,
        0.366897 -0.449244 0.354331,
        0.393949 -0.486626 0.354331,
        0.371733 -0.455451 0.354331,
        0.371101 -0.485406 0.354331,
        0.363906 -0.482922 0.354331,
        0.368096 -0.482139 0.354331,
        0.371733 -0.480504 0.354331,
        0.371733 -0.485091 0.354331,
        0.367561 -0.453797 0.354331,
        0.362997 -0.453252 0.354331,
        0.349001 -0.468508 0.354331,
        0.350832 -0.476572 0.354331,
        0.352640 -0.479083 0.354331,
        0.353367 -0.479802 0.354331,
        0.355788 -0.481515 0.354331,
        0.358429 -0.482536 0.354331,
        0.362163 -0.482987 0.354331,
        0.352896 -0.457365 0.354331,
        0.350874 -0.460176 0.354331,
        0.355420 -0.455281 0.354331,
        0.358335 -0.453931 0.354331,
        0.361561 -0.453310 0.354331,
        0.349625 -0.463366 0.354331,
        0.371321 -0.455228 0.354331,
        0.349041 -0.469873 0.354331,
        0.349634 -0.473583 0.354331,
        0.345637 0.590551 0.354331,
        0.362950 -0.448931 0.354331,
        0.377007 0.590551 0.354331,
        0.363002 -0.448931 0.354331,
        0.346645 -0.457902 0.354331,
        0.349333 -0.454389 0.354331,
        0.350223 -0.453539 0.354331,
        0.353689 -0.451101 0.354331,
        0.345637 -0.477200 0.354331,
        0.344724 -0.474879 0.354331,
        0.343415 -0.486939 0.354331,
        0.343979 -0.468793 0.354331,
        0.344044 -0.466859 0.354331,
        0.343415 -0.449244 0.354331,
        0.344885 -0.462020 0.354331,
        0.345637 -0.460258 0.354331,
        0.351719 -0.484669 0.354331,
        0.348736 -0.482191 0.354331,
        0.345637 -0.486939 0.354331,
        0.346241 -0.478735 0.354331,
        0.361471 -0.487251 0.354331,
        0.359235 -0.487146 0.354331,
        0.345637 -0.497807 0.354331,
        0.358229 -0.486939 0.354331,
        0.355217 -0.486319 0.354331,
        -0.452787 -0.449244 0.354331,
        -0.449109 -0.452066 0.354331,
        -0.434695 -0.486865 0.354331,
        -0.436372 -0.474128 0.354331,
        -0.441289 -0.462258 0.354331,
        -0.459302 -0.444245 0.354331,
        -0.471171 -0.439329 0.354331,
        -0.483908 -0.437652 0.354331,
        -0.590551 0.590551 0.354331,
        -0.496645 -0.439329 0.354331,
        -0.533111 -0.486939 0.354331,
        -0.533120 -0.486865 0.354331,
        -0.590551 -0.449244 0.354331,
        -0.531444 -0.474128 0.354331,
        -0.526527 -0.462258 0.354331,
        -0.518706 -0.452066 0.354331,
        -0.515029 -0.449244 0.354331,
        -0.508514 -0.444245 0.354331,
        -0.590551 -0.486939 0.354331,
        -0.590551 -0.497807 0.354331,
        -0.531680 -0.497807 0.354331,
        -0.436136 -0.497807 0.354331,
        -0.436372 -0.499602 0.354331,
        -0.441289 -0.511471 0.354331,
        -0.449109 -0.521663 0.354331,
        -0.459302 -0.529484 0.354331,
        -0.471171 -0.534400 0.354331,
        -0.508514 -0.529484 0.354331,
        -0.590551 -0.545744 0.354331,
        -0.496645 -0.534400 0.354331,
        -0.483908 -0.536077 0.354331,
        -0.518706 -0.521663 0.354331,
        -0.526527 -0.511471 0.354331,
        -0.531444 -0.499602 0.354331,
        -0.434705 -0.486939 0.354331,
        0.435265 -0.474312 0.354331,
        0.433441 -0.478146 0.354331,
        0.423073 -0.449244 0.354331,
        0.423073 -0.450454 0.354331,
        0.426800 -0.451815 0.354331,
        0.423073 -0.485673 0.354331,
        0.423073 -0.486939 0.354331,
        0.426846 -0.484190 0.354331,
        0.430682 -0.481433 0.354331,
        0.430682 -0.454465 0.354331,
        0.431967 -0.455720 0.354331,
        0.434268 -0.458946 0.354331,
        0.435646 -0.462474 0.354331,
        0.436272 -0.467618 0.354331,
        0.436162 -0.469970 0.354331,
        0.416667 -0.449557 0.354331,
        0.422326 -0.450181 0.354331,
        0.422628 -0.485848 0.354331,
        0.416288 -0.486626 0.354331,
        0.406093 -0.486626 0.354331,
        0.406093 -0.449557 0.354331,
        0.359929 -0.545131 0.354331,
        0.358204 -0.545744 0.354331,
        0.363926 -0.545432 0.354331,
        0.349162 -0.532821 0.354331,
        0.349883 -0.525324 0.354331,
        0.348236 -0.534152 0.354331,
        0.347602 -0.535791 0.354331,
        0.361616 -0.544015 0.354331,
        0.352910 -0.545734 0.354331,
        0.351130 -0.545062 0.354331,
        0.345637 -0.545744 0.354331,
        0.348127 -0.542100 0.354331,
        0.347548 -0.540550 0.354331,
        0.360153 -0.522291 0.354331,
        0.358562 -0.522122 0.354331,
        0.356080 -0.529702 0.354331,
        0.350581 -0.531587 0.354331,
        0.352555 -0.530572 0.354331,
        0.353096 -0.523307 0.354331,
        0.356004 -0.522367 0.354331,
        0.349570 -0.543973 0.354331,
        0.349104 -0.543506 0.354331,
        0.363926 -0.541339 0.354331,
        0.363802 -0.541339 0.354331,
        0.363082 -0.542435 0.354331,
        0.347296 -0.538344 0.354331,
        0.347308 -0.537799 0.354331,
        0.349883 -0.520814 0.354331,
        0.350820 -0.520270 0.354331,
        0.354268 -0.518928 0.354331,
        0.358998 -0.518350 0.354331,
        0.376966 -0.531084 0.354331,
        0.374861 -0.539709 0.354331,
        0.377007 -0.531111 0.354331,
        0.376530 -0.540754 0.354331,
        0.377007 -0.540941 0.354331,
        0.376206 -0.530290 0.354331,
        0.375606 -0.529332 0.354331,
        0.368569 -0.528394 0.354331,
        0.375091 -0.527917 0.354331,
        0.368107 -0.524465 0.354331,
        0.374889 -0.526102 0.354331,
        0.363926 -0.528603 0.354331,
        0.363769 -0.526576 0.354331,
        0.363291 -0.524912 0.354331,
        0.362747 -0.523952 0.354331,
        0.359024 -0.518350 0.354331,
        0.362280 -0.518710 0.354331,
        0.364122 -0.519367 0.354331,
        0.362047 -0.523203 0.354331,
        0.361226 -0.522669 0.354331,
        0.377007 -0.497807 0.354331,
        0.376358 -0.521844 0.354331,
        0.365587 -0.520308 0.354331,
        0.375035 -0.524608 0.354331,
        0.375543 -0.523108 0.354331,
        0.367341 -0.522484 0.354331,
        0.366357 -0.521055 0.354331,
        0.358039 -0.545803 0.354331,
        0.377007 -0.560429 0.354331,
        0.345637 -0.560429 0.354331,
        0.355691 -0.546057 0.354331,
        0.353003 -0.545744 0.354331,
        0.374861 -0.544504 0.354331,
        0.368569 -0.545432 0.354331,
        0.377007 -0.545258 0.354331,
        0.377007 -0.545744 0.354331,
        0.378117 -0.545648 0.354331,
        0.379042 -0.545744 0.354331,
        0.382043 -0.546057 0.354331,
        0.391471 -0.519526 0.354331,
        0.391471 -0.524036 0.354331,
        0.377007 -0.521246 0.354331,
        0.377864 -0.520454 0.354331,
        0.378995 -0.519758 0.354331,
        0.392522 -0.540089 0.354331,
        0.391954 -0.541561 0.354331,
        0.391090 -0.542786 0.354331,
        0.381481 -0.518797 0.354331,
        0.385198 -0.518350 0.354331,
        0.393949 -0.497807 0.354331,
        0.388456 -0.518639 0.354331,
        0.391187 -0.533853 0.354331,
        0.392050 -0.535124 0.354331,
        0.392547 -0.536492 0.354331,
        0.392741 -0.538230 0.354331,
        0.389756 -0.543954 0.354331,
        0.388694 -0.544608 0.354331,
        0.384744 -0.522122 0.354331,
        0.383369 -0.522225 0.354331,
        0.379674 -0.525685 0.354331,
        0.382127 -0.522554 0.354331,
        0.381086 -0.523107 0.354331,
        0.379717 -0.526302 0.354331,
        0.379901 -0.527024 0.354331,
        0.380235 -0.527650 0.354331,
        0.380688 -0.528148 0.354331,
        0.382325 -0.529172 0.354331,
        0.387987 -0.522516 0.354331,
        0.385198 -0.530422 0.354331,
        0.390614 -0.523534 0.354331,
        0.386996 -0.531150 0.354331,
        0.390080 -0.532865 0.354331,
        0.380385 -0.523726 0.354331,
        0.379987 -0.524317 0.354331,
        0.379758 -0.524944 0.354331,
        0.379434 -0.541889 0.354331,
        0.381920 -0.533796 0.354331,
        0.379152 -0.532527 0.354331,
        0.382498 -0.542267 0.354331,
        0.382703 -0.542266 0.354331,
        0.384969 -0.535073 0.354331,
        0.385083 -0.541999 0.354331,
        0.387975 -0.538685 0.354331,
        0.387930 -0.538108 0.354331,
        0.386281 -0.541561 0.354331,
        0.386704 -0.541304 0.354331,
        0.387237 -0.540831 0.354331,
        0.387643 -0.540231 0.354331,
        0.387879 -0.539571 0.354331,
        0.387719 -0.537383 0.354331,
        0.387359 -0.536767 0.354331,
        0.386781 -0.536165 0.354331,
        0.415757 -0.518957 0.354331,
        0.420571 -0.518957 0.354331,
        0.423073 -0.497807 0.354331,
        0.407267 -0.538856 0.354331,
        0.407836 -0.541035 0.354331,
        0.407959 -0.541035 0.354331,
        0.402591 -0.497807 0.354331,
        0.402591 -0.525404 0.354331,
        0.408528 -0.538894 0.354331,
        0.408172 -0.540128 0.354331,
        0.402591 -0.545744 0.354331,
        0.402591 -0.537867 0.354331,
        0.395157 -0.518957 0.354331,
        0.400350 -0.518957 0.354331,
        0.405543 -0.545375 0.354331,
        0.405386 -0.545744 0.354331,
        0.403506 -0.550189 0.354331,
        0.393949 -0.560429 0.354331,
        0.396115 -0.557523 0.354331,
        0.396115 -0.553392 0.354331,
        0.397064 -0.553703 0.354331,
        0.398749 -0.553922 0.354331,
        0.399637 -0.553844 0.354331,
        0.400659 -0.553525 0.354331,
        0.401529 -0.552994 0.354331,
        0.402443 -0.552063 0.354331,
        0.402591 -0.551802 0.354331,
        0.402591 -0.557061 0.354331,
        0.401121 -0.557652 0.354331,
        0.402591 -0.560429 0.354331,
        0.399109 -0.557902 0.354331,
        0.398084 -0.557865 0.354331,
        0.423073 -0.560429 0.354331,
        0.404518 -0.555784 0.354331,
        0.402940 -0.556921 0.354331,
        0.410009 -0.545744 0.354331,
        0.408556 -0.549431 0.354331,
        0.406428 -0.553562 0.354331,
        0.437301 -0.528736 0.354331,
        0.430359 -0.528736 0.354331,
        0.437301 -0.541206 0.354331,
        0.430359 -0.541206 0.354331,
        0.444668 -0.508363 0.354331,
        0.444668 -0.512627 0.354331,
        0.449013 -0.497807 0.354331,
        0.445511 -0.541206 0.354331,
        0.449013 -0.545744 0.354331,
        0.445511 -0.545432 0.354331,
        0.437301 -0.545744 0.354331,
        0.443616 -0.528736 0.354331,
        0.443616 -0.524491 0.354331,
        0.437301 -0.524491 0.354331,
        0.437301 -0.512627 0.354331,
        0.430359 -0.512627 0.354331,
        0.430359 -0.524491 0.354331,
        0.437301 -0.545432 0.354331,
        0.425574 -0.545432 0.354331,
        0.423073 -0.545744 0.354331,
        0.425574 -0.508363 0.354331,
        0.437301 -0.508363 0.354331,
        0.437301 -0.497807 0.354331,
        0.393949 0.590551 0.354331,
        0.402591 0.590551 0.354331,
        0.423073 0.590551 0.354331,
        0.437301 0.590551 0.354331,
        0.449013 0.590551 0.354331,
        0.590551 0.590551 0.354331,
        0.343415 0.590551 0.354331,
        0.342463 -0.482400 0.354331,
        0.342463 -0.486626 0.354331,
        0.322915 -0.486626 0.354331,
        0.322915 -0.449557 0.354331,
        0.327700 -0.449557 0.354331,
        0.327700 -0.482400 0.354331,
        0.343415 -0.497807 0.354331,
        0.490038 -0.545432 0.354331,
        0.484750 -0.545432 0.354331,
        0.512817 -0.545432 0.354331,
        0.509036 -0.535293 0.354331,
        0.493600 -0.535293 0.354331,
        0.518105 -0.545432 0.354331,
        0.590551 -0.545744 0.354331,
        0.503986 -0.508363 0.354331,
        0.590551 -0.497807 0.354331,
        0.498869 -0.508363 0.354331,
        0.481687 -0.533118 0.354331,
        0.482583 -0.528777 0.354331,
        0.482694 -0.526424 0.354331,
        0.482067 -0.521281 0.354331,
        0.479863 -0.536953 0.354331,
        0.477103 -0.540239 0.354331,
        0.473267 -0.542996 0.354331,
        0.452514 -0.508363 0.354331,
        0.452514 -0.545432 0.354331,
        0.462709 -0.545432 0.354331,
        0.469050 -0.544654 0.354331,
        0.477103 -0.513272 0.354331,
        0.478389 -0.514526 0.354331,
        0.480689 -0.517752 0.354331,
        0.463089 -0.508363 0.354331,
        0.468747 -0.508988 0.354331,
        0.473221 -0.510622 0.354331,
        0.343415 -0.545744 0.354331,
        0.322915 -0.545432 0.354331,
        0.342852 -0.545432 0.354331,
        0.342852 -0.541206 0.354331,
        0.342008 -0.512627 0.354331,
        0.322915 -0.508363 0.354331,
        0.342008 -0.508363 0.354331,
        0.327700 -0.528736 0.354331,
        0.327700 -0.541206 0.354331,
        0.340956 -0.528736 0.354331,
        0.340956 -0.524491 0.354331,
        0.327700 -0.524491 0.354331,
        0.327700 -0.512627 0.354331,
        0.437301 -0.560429 0.354331,
        0.449013 -0.560429 0.354331,
        0.590551 -0.560429 0.354331,
        0.343415 -0.560429 0.354331,
        0.343415 -0.590551 0.354331,
        0.345637 -0.590551 0.354331,
        0.377007 -0.590551 0.354331,
        0.393949 -0.590551 0.354331,
        0.402591 -0.590551 0.354331,
        0.423073 -0.590551 0.354331,
        0.437301 -0.590551 0.354331,
        0.449013 -0.590551 0.354331,
        0.590551 -0.590551 0.354331,
        -0.590551 -0.560429 0.354331,
        -0.590551 -0.590551 0.354331,
        0.590551 -0.196850 0.031496,
        0.590551 -0.118110 0.031496,
        0.590551 -0.275591 0.031496,
        0.590551 -0.354331 0.031496,
        0.590551 0.118110 0.031496,
        0.590551 0.196850 0.031496,
        0.590551 0.039370 0.031496,
        0.590551 -0.039370 0.031496,
        0.590551 0.354331 0.031496,
        0.590551 0.275591 0.031496,
        0.275591 0.590551 0.031496,
        -0.039370 0.590551 0.031496,
        0.196850 0.590551 0.031496,
        0.118110 0.590551 0.031496,
        -0.196850 0.590551 0.031496,
        -0.275591 0.590551 0.031496,
        0.039370 0.590551 0.031496,
        -0.118110 0.590551 0.031496,
        -0.354331 0.590551 0.031496,
        0.354331 0.590551 0.031496,
        -0.590551 0.196850 0.031496,
        -0.590551 0.118110 0.031496,
        -0.590551 0.275591 0.031496,
        -0.590551 0.354331 0.031496,
        -0.590551 -0.118110 0.031496,
        -0.590551 -0.196850 0.031496,
        -0.590551 -0.039370 0.031496,
        -0.590551 0.039370 0.031496,
        -0.590551 -0.354331 0.031496,
        -0.590551 -0.275591 0.031496,
        -0.275591 -0.590551 0.031496,
        0.039370 -0.590551 0.031496,
        0.118110 -0.590551 0.031496,
        0.196850 -0.590551 0.031496,
        -0.118110 -0.590551 0.031496,
        -0.039370 -0.590551 0.031496,
        -0.196850 -0.590551 0.031496,
        -0.354331 -0.590551 0.031496,
        0.354331 -0.590551 0.031496,
        0.275591 -0.590551 0.031496,
      ]
    }
    coordIndex [
      0, 1, 2, -1,
      2, 1, 3, -1,
      4, 5, 6, -1,
      7, 8, 9, -1,
      9, 8, 10, -1,
      9, 10, 11, -1,
      12, 13, 14, -1,
      14, 15, 12, -1,
      12, 15, 16, -1,
      12, 16, 17, -1,
      18, 19, 20, -1,
      20, 21, 22, -1,
      23, 24, 25, -1,
      25, 24, 26, -1,
      1, 27, 28, -1,
      29, 30, 31, -1,
      32, 33, 34, -1,
      34, 33, 35, -1,
      34, 35, 36, -1,
      36, 37, 34, -1,
      34, 37, 38, -1,
      34, 38, 39, -1,
      24, 40, 41, -1,
      42, 43, 20, -1,
      16, 44, 17, -1,
      17, 44, 45, -1,
      17, 45, 46, -1,
      28, 47, 1, -1,
      1, 47, 48, -1,
      1, 48, 31, -1,
      31, 48, 49, -1,
      31, 49, 29, -1,
      50, 31, 51, -1,
      51, 31, 52, -1,
      53, 31, 54, -1,
      54, 31, 55, -1,
      53, 56, 31, -1,
      31, 56, 57, -1,
      31, 57, 1, -1,
      1, 57, 58, -1,
      1, 58, 3, -1,
      41, 59, 24, -1,
      24, 59, 60, -1,
      24, 60, 20, -1,
      20, 60, 61, -1,
      20, 61, 42, -1,
      62, 9, 63, -1,
      63, 9, 20, -1,
      63, 20, 64, -1,
      18, 20, 65, -1,
      66, 67, 20, -1,
      20, 22, 24, -1,
      24, 22, 68, -1,
      24, 68, 26, -1,
      69, 17, 70, -1,
      70, 17, 31, -1,
      70, 31, 5, -1,
      71, 12, 72, -1,
      72, 12, 73, -1,
      74, 75, 76, -1,
      76, 75, 77, -1,
      76, 77, 78, -1,
      79, 80, 81, -1,
      81, 80, 82, -1,
      81, 82, 83, -1,
      34, 84, 85, -1,
      85, 86, 34, -1,
      34, 86, 87, -1,
      34, 87, 31, -1,
      31, 87, 88, -1,
      31, 88, 89, -1,
      90, 91, 89, -1,
      89, 91, 92, -1,
      89, 92, 31, -1,
      31, 92, 93, -1,
      31, 93, 55, -1,
      94, 95, 96, -1,
      96, 95, 97, -1,
      96, 97, 98, -1,
      99, 34, 100, -1,
      100, 34, 101, -1,
      78, 32, 76, -1,
      76, 32, 34, -1,
      76, 34, 102, -1,
      102, 34, 99, -1,
      17, 103, 20, -1,
      20, 103, 104, -1,
      20, 104, 105, -1,
      106, 107, 108, -1,
      109, 110, 31, -1,
      31, 110, 111, -1,
      31, 111, 112, -1,
      113, 114, 31, -1,
      31, 114, 115, -1,
      31, 115, 116, -1,
      116, 117, 31, -1,
      31, 117, 118, -1,
      31, 118, 52, -1,
      52, 118, 119, -1,
      120, 121, 82, -1,
      82, 121, 122, -1,
      82, 122, 83, -1,
      90, 123, 91, -1,
      91, 123, 124, -1,
      91, 124, 125, -1,
      125, 124, 126, -1,
      127, 128, 9, -1,
      129, 130, 20, -1,
      20, 130, 131, -1,
      20, 131, 132, -1,
      133, 134, 20, -1,
      20, 134, 135, -1,
      20, 135, 136, -1,
      136, 137, 20, -1,
      20, 137, 138, -1,
      20, 138, 64, -1,
      64, 138, 139, -1,
      62, 140, 9, -1,
      9, 140, 141, -1,
      9, 141, 142, -1,
      46, 143, 17, -1,
      17, 143, 144, -1,
      17, 144, 103, -1,
      145, 105, 146, -1,
      145, 147, 105, -1,
      105, 147, 148, -1,
      105, 148, 149, -1,
      150, 151, 20, -1,
      20, 151, 152, -1,
      20, 152, 153, -1,
      154, 155, 153, -1,
      153, 155, 156, -1,
      153, 156, 157, -1,
      30, 158, 31, -1,
      31, 158, 159, -1,
      31, 159, 160, -1,
      161, 162, 163, -1,
      163, 162, 113, -1,
      163, 113, 164, -1,
      119, 165, 52, -1,
      52, 165, 166, -1,
      52, 166, 167, -1,
      167, 166, 168, -1,
      50, 169, 31, -1,
      31, 169, 170, -1,
      31, 170, 5, -1,
      5, 170, 171, -1,
      5, 171, 6, -1,
      43, 172, 20, -1,
      20, 172, 173, -1,
      20, 173, 174, -1,
      175, 176, 177, -1,
      177, 176, 178, -1,
      177, 178, 133, -1,
      139, 179, 64, -1,
      64, 179, 180, -1,
      64, 180, 181, -1,
      181, 180, 182, -1,
      142, 183, 9, -1,
      9, 183, 184, -1,
      9, 184, 7, -1,
      7, 184, 185, -1,
      186, 187, 188, -1,
      188, 187, 7, -1,
      188, 7, 189, -1,
      189, 7, 185, -1,
      190, 191, 192, -1,
      193, 194, 19, -1,
      19, 194, 195, -1,
      19, 195, 196, -1,
      197, 198, 199, -1,
      157, 200, 153, -1,
      153, 200, 201, -1,
      153, 201, 20, -1,
      20, 201, 202, -1,
      20, 202, 66, -1,
      67, 203, 20, -1,
      20, 203, 204, -1,
      20, 204, 107, -1,
      107, 204, 205, -1,
      107, 205, 108, -1,
      206, 207, 208, -1,
      209, 210, 211, -1,
      109, 31, 212, -1,
      212, 31, 160, -1,
      212, 160, 206, -1,
      206, 160, 213, -1,
      206, 213, 207, -1,
      112, 214, 31, -1,
      31, 214, 215, -1,
      31, 215, 113, -1,
      113, 215, 216, -1,
      113, 216, 164, -1,
      4, 6, 217, -1,
      217, 6, 218, -1,
      217, 218, 219, -1,
      220, 221, 222, -1,
      69, 223, 17, -1,
      17, 223, 224, -1,
      17, 224, 225, -1,
      225, 226, 17, -1,
      17, 226, 227, -1,
      17, 227, 12, -1,
      12, 227, 228, -1,
      12, 228, 73, -1,
      229, 230, 231, -1,
      232, 34, 81, -1,
      81, 34, 39, -1,
      81, 39, 79, -1,
      232, 233, 34, -1,
      34, 233, 234, -1,
      34, 234, 84, -1,
      84, 234, 235, -1,
      235, 236, 84, -1,
      84, 236, 237, -1,
      84, 237, 238, -1,
      238, 237, 239, -1,
      240, 241, 242, -1,
      11, 243, 9, -1,
      9, 243, 244, -1,
      9, 244, 127, -1,
      127, 244, 245, -1,
      127, 245, 246, -1,
      128, 247, 9, -1,
      9, 247, 248, -1,
      9, 248, 34, -1,
      34, 248, 249, -1,
      34, 249, 101, -1,
      250, 251, 252, -1,
      253, 254, 255, -1,
      129, 20, 256, -1,
      256, 20, 174, -1,
      256, 174, 250, -1,
      250, 174, 257, -1,
      250, 257, 251, -1,
      132, 258, 20, -1,
      20, 258, 259, -1,
      20, 259, 133, -1,
      133, 259, 260, -1,
      133, 260, 177, -1,
      146, 261, 145, -1,
      145, 261, 190, -1,
      145, 190, 262, -1,
      262, 190, 192, -1,
      149, 263, 105, -1,
      105, 263, 264, -1,
      105, 264, 20, -1,
      20, 264, 265, -1,
      20, 265, 65, -1,
      266, 267, 268, -1,
      154, 269, 155, -1,
      155, 269, 197, -1,
      155, 197, 270, -1,
      270, 197, 199, -1,
      208, 271, 206, -1,
      206, 271, 209, -1,
      206, 209, 272, -1,
      272, 209, 211, -1,
      273, 274, 275, -1,
      276, 277, 278, -1,
      219, 279, 217, -1,
      217, 279, 220, -1,
      217, 220, 280, -1,
      280, 220, 222, -1,
      82, 281, 120, -1,
      120, 281, 229, -1,
      120, 229, 282, -1,
      282, 229, 231, -1,
      124, 283, 126, -1,
      126, 283, 240, -1,
      126, 240, 284, -1,
      284, 240, 242, -1,
      246, 285, 127, -1,
      127, 285, 286, -1,
      127, 286, 287, -1,
      287, 286, 288, -1,
      287, 288, 289, -1,
      289, 288, 290, -1,
      289, 290, 291, -1,
      291, 290, 98, -1,
      291, 98, 292, -1,
      292, 98, 97, -1,
      252, 293, 250, -1,
      250, 293, 253, -1,
      250, 253, 294, -1,
      294, 253, 255, -1,
      295, 296, 297, -1,
      193, 298, 194, -1,
      194, 298, 266, -1,
      194, 266, 299, -1,
      299, 266, 268, -1,
      196, 300, 19, -1,
      19, 300, 301, -1,
      19, 301, 20, -1,
      20, 301, 302, -1,
      20, 302, 150, -1,
      107, 303, 20, -1,
      20, 303, 304, -1,
      20, 304, 305, -1,
      163, 306, 161, -1,
      161, 306, 273, -1,
      161, 273, 307, -1,
      307, 273, 275, -1,
      166, 308, 168, -1,
      168, 308, 276, -1,
      168, 276, 309, -1,
      309, 276, 278, -1,
      310, 311, 312, -1,
      313, 314, 315, -1,
      180, 316, 182, -1,
      182, 316, 295, -1,
      182, 295, 317, -1,
      317, 295, 297, -1,
      318, 319, 320, -1,
      320, 319, 321, -1,
      320, 321, 108, -1,
      108, 321, 322, -1,
      108, 322, 106, -1,
      305, 323, 20, -1,
      20, 323, 324, -1,
      20, 324, 21, -1,
      237, 325, 239, -1,
      239, 325, 310, -1,
      239, 310, 326, -1,
      326, 310, 312, -1,
      175, 327, 176, -1,
      176, 327, 313, -1,
      176, 313, 328, -1,
      328, 313, 315, -1,
      329, 330, 331, -1,
      332, 333, 334, -1,
      335, 336, 337, -1,
      338, 339, 340, -1,
      340, 339, 341, -1,
      342, 343, 340, -1,
      340, 343, 344, -1,
      340, 344, 345, -1,
      345, 346, 340, -1,
      340, 346, 347, -1,
      340, 347, 338, -1,
      348, 349, 350, -1,
      350, 349, 351, -1,
      351, 349, 352, -1,
      351, 352, 353, -1,
      354, 355, 356, -1,
      348, 350, 357, -1,
      357, 350, 356, -1,
      357, 356, 358, -1,
      355, 359, 356, -1,
      356, 359, 360, -1,
      356, 360, 358, -1,
      358, 360, 361, -1,
      358, 361, 362, -1,
      362, 361, 363, -1,
      362, 363, 364, -1,
      365, 366, 367, -1,
      367, 368, 365, -1,
      365, 368, 369, -1,
      365, 369, 356, -1,
      356, 369, 370, -1,
      356, 370, 354, -1,
      371, 372, 373, -1,
      372, 374, 373, -1,
      373, 374, 375, -1,
      373, 375, 376, -1,
      377, 378, 366, -1,
      366, 378, 379, -1,
      366, 379, 367, -1,
      380, 371, 381, -1,
      381, 371, 373, -1,
      381, 373, 382, -1,
      382, 373, 383, -1,
      384, 385, 386, -1,
      385, 387, 386, -1,
      386, 387, 388, -1,
      386, 388, 389, -1,
      389, 388, 390, -1,
      389, 390, 391, -1,
      391, 390, 392, -1,
      391, 392, 373, -1,
      373, 392, 393, -1,
      373, 393, 383, -1,
      394, 395, 396, -1,
      396, 395, 397, -1,
      397, 398, 396, -1,
      396, 398, 399, -1,
      396, 399, 384, -1,
      400, 401, 402, -1,
      400, 402, 403, -1,
      404, 405, 406, -1,
      406, 405, 407, -1,
      408, 409, 405, -1,
      405, 409, 410, -1,
      405, 410, 411, -1,
      412, 413, 414, -1,
      414, 413, 415, -1,
      416, 417, 394, -1,
      394, 417, 418, -1,
      394, 418, 419, -1,
      420, 421, 422, -1,
      422, 421, 423, -1,
      422, 423, 424, -1,
      425, 411, 426, -1,
      426, 411, 427, -1,
      426, 427, 422, -1,
      422, 427, 428, -1,
      422, 428, 420, -1,
      412, 429, 413, -1,
      413, 429, 430, -1,
      413, 430, 431, -1,
      401, 432, 402, -1,
      402, 432, 433, -1,
      402, 433, 394, -1,
      394, 433, 434, -1,
      394, 434, 416, -1,
      425, 435, 411, -1,
      411, 435, 436, -1,
      411, 436, 405, -1,
      405, 436, 437, -1,
      405, 437, 407, -1,
      438, 439, 440, -1,
      440, 439, 441, -1,
      440, 441, 402, -1,
      402, 441, 442, -1,
      402, 442, 403, -1,
      443, 444, 445, -1,
      445, 444, 446, -1,
      445, 446, 413, -1,
      413, 446, 447, -1,
      413, 447, 415, -1,
      419, 448, 394, -1,
      394, 448, 449, -1,
      394, 449, 450, -1,
      450, 449, 443, -1,
      450, 443, 451, -1,
      451, 443, 445, -1,
      452, 453, 413, -1,
      413, 453, 454, -1,
      413, 454, 405, -1,
      405, 454, 455, -1,
      405, 455, 408, -1,
      431, 456, 413, -1,
      413, 456, 457, -1,
      413, 457, 458, -1,
      458, 459, 413, -1,
      413, 459, 460, -1,
      413, 460, 452, -1,
      461, 462, 463, -1,
      463, 411, 461, -1,
      461, 411, 410, -1,
      461, 410, 464, -1,
      464, 410, 465, -1,
      465, 466, 464, -1,
      464, 466, 467, -1,
      464, 467, 468, -1,
      469, 470, 471, -1,
      469, 471, 472, -1,
      473, 471, 474, -1,
      462, 461, 473, -1,
      473, 461, 475, -1,
      473, 475, 471, -1,
      471, 475, 476, -1,
      471, 476, 472, -1,
      470, 477, 471, -1,
      471, 477, 478, -1,
      471, 478, 479, -1,
      479, 478, 480, -1,
      474, 481, 473, -1,
      473, 481, 482, -1,
      473, 482, 483, -1,
      484, 485, 480, -1,
      480, 485, 486, -1,
      480, 486, 479, -1,
      487, 488, 483, -1,
      483, 488, 489, -1,
      483, 489, 473, -1,
      339, 490, 341, -1,
      341, 490, 491, -1,
      341, 491, 440, -1,
      440, 491, 492, -1,
      440, 492, 438, -1,
      493, 494, 495, -1,
      495, 494, 496, -1,
      495, 496, 497, -1,
      498, 499, 500, -1,
      500, 499, 501, -1,
      494, 502, 496, -1,
      496, 502, 503, -1,
      496, 503, 504, -1,
      504, 503, 505, -1,
      504, 505, 506, -1,
      506, 505, 507, -1,
      506, 507, 501, -1,
      501, 507, 508, -1,
      501, 508, 500, -1,
      509, 510, 511, -1,
      511, 510, 512, -1,
      513, 514, 515, -1,
      515, 514, 516, -1,
      515, 517, 513, -1,
      513, 517, 518, -1,
      513, 518, 519, -1,
      519, 518, 520, -1,
      519, 520, 521, -1,
      509, 511, 522, -1,
      522, 511, 518, -1,
      522, 518, 523, -1,
      523, 518, 517, -1,
      523, 517, 524, -1,
      517, 525, 524, -1,
      524, 525, 526, -1,
      524, 526, 527, -1,
      516, 514, 528, -1,
      528, 514, 529, -1,
      528, 529, 530, -1,
      531, 529, 532, -1,
      532, 529, 533, -1,
      520, 534, 521, -1,
      521, 534, 530, -1,
      521, 530, 337, -1,
      337, 530, 529, -1,
      337, 529, 535, -1,
      535, 529, 531, -1,
      335, 337, 536, -1,
      537, 538, 535, -1,
      535, 538, 539, -1,
      535, 539, 337, -1,
      337, 539, 540, -1,
      337, 540, 536, -1,
      541, 542, 543, -1,
      544, 545, 535, -1,
      535, 545, 546, -1,
      535, 546, 547, -1,
      547, 548, 535, -1,
      535, 548, 549, -1,
      535, 549, 537, -1,
      550, 551, 552, -1,
      552, 551, 553, -1,
      542, 554, 543, -1,
      543, 554, 553, -1,
      543, 553, 555, -1,
      555, 553, 551, -1,
      541, 543, 556, -1,
      556, 543, 557, -1,
      556, 557, 535, -1,
      535, 557, 558, -1,
      535, 558, 544, -1,
      559, 560, 561, -1,
      561, 560, 562, -1,
      561, 562, 533, -1,
      334, 563, 564, -1,
      564, 565, 334, -1,
      334, 565, 566, -1,
      334, 566, 332, -1,
      567, 568, 569, -1,
      569, 568, 570, -1,
      570, 571, 572, -1,
      572, 571, 573, -1,
      572, 573, 334, -1,
      334, 573, 574, -1,
      334, 574, 563, -1,
      575, 576, 577, -1,
      577, 576, 578, -1,
      579, 580, 581, -1,
      581, 580, 582, -1,
      581, 582, 577, -1,
      577, 582, 583, -1,
      577, 583, 575, -1,
      356, 584, 585, -1,
      586, 365, 587, -1,
      587, 365, 356, -1,
      587, 356, 588, -1,
      588, 356, 585, -1,
      584, 356, 589, -1,
      589, 356, 350, -1,
      589, 350, 590, -1,
      590, 350, 591, -1,
      591, 350, 592, -1,
      591, 592, 593, -1,
      594, 595, 596, -1,
      596, 595, 597, -1,
      596, 597, 598, -1,
      598, 599, 596, -1,
      596, 599, 600, -1,
      596, 600, 592, -1,
      592, 600, 601, -1,
      592, 601, 593, -1,
      596, 602, 594, -1,
      594, 602, 603, -1,
      594, 603, 604, -1,
      605, 606, 373, -1,
      373, 606, 607, -1,
      607, 608, 373, -1,
      373, 608, 609, -1,
      373, 609, 610, -1,
      611, 612, 613, -1,
      613, 612, 614, -1,
      611, 615, 612, -1,
      612, 615, 616, -1,
      612, 616, 603, -1,
      603, 616, 617, -1,
      603, 617, 604, -1,
      586, 618, 365, -1,
      365, 618, 605, -1,
      365, 605, 366, -1,
      366, 605, 373, -1,
      366, 373, 377, -1,
      377, 373, 376, -1,
      619, 620, 504, -1,
      621, 622, 506, -1,
      506, 622, 623, -1,
      624, 625, 626, -1,
      626, 625, 504, -1,
      626, 504, 627, -1,
      627, 504, 620, -1,
      623, 628, 506, -1,
      506, 628, 629, -1,
      506, 629, 630, -1,
      630, 631, 506, -1,
      506, 631, 632, -1,
      506, 632, 504, -1,
      504, 632, 633, -1,
      504, 633, 619, -1,
      513, 634, 621, -1,
      621, 634, 635, -1,
      621, 635, 622, -1,
      624, 636, 625, -1,
      625, 636, 637, -1,
      625, 637, 519, -1,
      519, 637, 638, -1,
      519, 638, 513, -1,
      513, 638, 639, -1,
      513, 639, 634, -1,
      640, 641, 642, -1,
      643, 644, 645, -1,
      645, 644, 646, -1,
      640, 642, 647, -1,
      648, 649, 650, -1,
      650, 651, 652, -1,
      653, 654, 655, -1,
      643, 656, 644, -1,
      644, 656, 657, -1,
      644, 657, 658, -1,
      658, 657, 655, -1,
      658, 655, 659, -1,
      659, 655, 654, -1,
      649, 660, 650, -1,
      650, 660, 661, -1,
      650, 661, 651, -1,
      662, 663, 642, -1,
      642, 663, 664, -1,
      642, 664, 647, -1,
      652, 665, 650, -1,
      650, 665, 666, -1,
      650, 666, 581, -1,
      581, 666, 646, -1,
      581, 646, 667, -1,
      667, 646, 644, -1,
      667, 668, 581, -1,
      581, 668, 669, -1,
      581, 669, 670, -1,
      671, 672, 673, -1,
      673, 672, 674, -1,
      673, 674, 675, -1,
      676, 677, 678, -1,
      678, 677, 679, -1,
      678, 679, 680, -1,
      680, 679, 681, -1,
      682, 683, 655, -1,
      655, 683, 684, -1,
      655, 684, 685, -1,
      670, 686, 581, -1,
      581, 686, 687, -1,
      581, 687, 688, -1,
      685, 689, 655, -1,
      655, 689, 690, -1,
      655, 690, 653, -1,
      336, 579, 691, -1,
      691, 579, 581, -1,
      691, 581, 692, -1,
      692, 581, 688, -1,
      692, 688, 693, -1,
      681, 694, 680, -1,
      680, 694, 695, -1,
      680, 695, 696, -1,
      696, 695, 692, -1,
      696, 692, 697, -1,
      697, 692, 693, -1,
      641, 698, 699, -1,
      699, 698, 700, -1,
      700, 698, 701, -1,
      700, 701, 702, -1,
      671, 676, 672, -1,
      672, 676, 678, -1,
      672, 678, 703, -1,
      703, 678, 704, -1,
      703, 704, 705, -1,
      705, 704, 706, -1,
      705, 706, 707, -1,
      707, 706, 708, -1,
      709, 708, 699, -1,
      699, 708, 706, -1,
      699, 706, 641, -1,
      641, 706, 704, -1,
      641, 704, 642, -1,
      710, 711, 331, -1,
      692, 712, 691, -1,
      691, 712, 713, -1,
      691, 713, 714, -1,
      715, 716, 331, -1,
      331, 716, 717, -1,
      714, 718, 691, -1,
      691, 718, 719, -1,
      691, 719, 720, -1,
      720, 719, 721, -1,
      720, 721, 710, -1,
      722, 723, 711, -1,
      711, 723, 724, -1,
      711, 724, 331, -1,
      331, 724, 725, -1,
      331, 725, 715, -1,
      717, 726, 331, -1,
      331, 726, 727, -1,
      331, 727, 329, -1,
      728, 729, 730, -1,
      730, 729, 731, -1,
      730, 731, 732, -1,
      730, 733, 728, -1,
      728, 733, 734, -1,
      728, 734, 735, -1,
      735, 736, 728, -1,
      728, 736, 737, -1,
      728, 737, 738, -1,
      738, 737, 739, -1,
      738, 739, 740, -1,
      740, 739, 741, -1,
      740, 741, 711, -1,
      711, 741, 742, -1,
      711, 742, 722, -1,
      743, 744, 732, -1,
      732, 744, 745, -1,
      732, 745, 730, -1,
      746, 747, 675, -1,
      675, 747, 748, -1,
      675, 748, 673, -1,
      746, 749, 747, -1,
      747, 749, 750, -1,
      747, 750, 751, -1,
      751, 750, 752, -1,
      751, 753, 754, -1,
      752, 755, 751, -1,
      751, 755, 756, -1,
      751, 756, 757, -1,
      757, 758, 751, -1,
      751, 758, 759, -1,
      751, 759, 753, -1,
      754, 760, 751, -1,
      751, 760, 761, -1,
      751, 761, 762, -1,
      763, 764, 765, -1,
      766, 767, 768, -1,
      765, 769, 763, -1,
      763, 769, 770, -1,
      763, 770, 771, -1,
      771, 770, 766, -1,
      771, 766, 772, -1,
      772, 766, 768, -1,
      773, 774, 331, -1,
      331, 774, 775, -1,
      710, 331, 720, -1,
      720, 331, 775, -1,
      720, 775, 769, -1,
      769, 775, 776, -1,
      769, 776, 770, -1,
      777, 774, 778, -1,
      778, 774, 773, -1,
      778, 773, 779, -1,
      780, 781, 782, -1,
      709, 699, 330, -1,
      330, 699, 780, -1,
      330, 780, 331, -1,
      331, 780, 782, -1,
      331, 782, 773, -1,
      773, 782, 783, -1,
      773, 783, 784, -1,
      784, 785, 773, -1,
      773, 785, 786, -1,
      773, 786, 787, -1,
      787, 788, 773, -1,
      773, 788, 789, -1,
      773, 789, 779, -1,
      790, 791, 792, -1,
      792, 791, 793, -1,
      792, 793, 780, -1,
      780, 793, 794, -1,
      780, 794, 781, -1,
      795, 796, 792, -1,
      792, 796, 797, -1,
      792, 797, 790, -1,
      798, 799, 795, -1,
      795, 799, 800, -1,
      795, 800, 796, -1,
      801, 802, 803, -1,
      803, 802, 804, -1,
      805, 806, 807, -1,
      807, 806, 808, -1,
      807, 808, 809, -1,
      809, 808, 810, -1,
      809, 810, 811, -1,
      801, 803, 812, -1,
      812, 803, 808, -1,
      812, 808, 813, -1,
      813, 808, 806, -1,
      813, 806, 814, -1,
      806, 815, 814, -1,
      814, 815, 816, -1,
      814, 816, 817, -1,
      810, 818, 811, -1,
      811, 818, 819, -1,
      811, 819, 820, -1,
      820, 819, 821, -1,
      805, 807, 822, -1,
      822, 807, 823, -1,
      822, 823, 821, -1,
      821, 823, 765, -1,
      821, 765, 820, -1,
      820, 765, 764, -1,
      820, 764, 798, -1,
      533, 529, 561, -1,
      561, 529, 514, -1,
      561, 514, 824, -1,
      824, 514, 513, -1,
      824, 513, 825, -1,
      825, 513, 621, -1,
      825, 621, 826, -1,
      826, 621, 506, -1,
      826, 506, 827, -1,
      827, 506, 501, -1,
      827, 501, 828, -1,
      828, 501, 499, -1,
      828, 499, 829, -1,
      351, 572, 830, -1,
      830, 572, 334, -1,
      830, 334, 559, -1,
      559, 334, 333, -1,
      559, 333, 560, -1,
      570, 572, 569, -1,
      569, 572, 831, -1,
      569, 831, 832, -1,
      341, 833, 340, -1,
      340, 833, 834, -1,
      340, 834, 835, -1,
      836, 831, 835, -1,
      835, 831, 572, -1,
      835, 572, 340, -1,
      340, 572, 351, -1,
      340, 351, 342, -1,
      342, 351, 353, -1,
      336, 691, 337, -1,
      337, 691, 720, -1,
      337, 720, 521, -1,
      521, 720, 769, -1,
      521, 769, 519, -1,
      519, 769, 765, -1,
      519, 765, 625, -1,
      625, 765, 823, -1,
      625, 823, 504, -1,
      504, 823, 807, -1,
      504, 807, 496, -1,
      832, 833, 569, -1,
      569, 833, 341, -1,
      569, 341, 837, -1,
      837, 341, 440, -1,
      838, 839, 809, -1,
      840, 841, 842, -1,
      842, 838, 840, -1,
      840, 838, 809, -1,
      840, 809, 843, -1,
      843, 809, 844, -1,
      843, 844, 845, -1,
      845, 844, 846, -1,
      500, 497, 498, -1,
      498, 497, 496, -1,
      498, 496, 846, -1,
      846, 496, 807, -1,
      846, 807, 845, -1,
      845, 807, 847, -1,
      848, 839, 849, -1,
      849, 839, 847, -1,
      849, 847, 850, -1,
      850, 847, 851, -1,
      848, 852, 839, -1,
      839, 852, 853, -1,
      839, 853, 854, -1,
      855, 807, 856, -1,
      856, 807, 809, -1,
      856, 809, 857, -1,
      857, 809, 839, -1,
      857, 839, 858, -1,
      858, 839, 854, -1,
      859, 860, 847, -1,
      847, 860, 861, -1,
      847, 861, 851, -1,
      855, 862, 807, -1,
      807, 862, 863, -1,
      807, 863, 847, -1,
      847, 863, 864, -1,
      847, 864, 859, -1,
      578, 567, 577, -1,
      577, 567, 569, -1,
      577, 569, 581, -1,
      581, 569, 837, -1,
      581, 837, 650, -1,
      650, 837, 865, -1,
      402, 865, 866, -1,
      866, 865, 867, -1,
      867, 865, 868, -1,
      868, 865, 837, -1,
      868, 837, 869, -1,
      402, 866, 440, -1,
      440, 866, 870, -1,
      440, 870, 837, -1,
      837, 870, 871, -1,
      837, 871, 869, -1,
      872, 873, 874, -1,
      874, 873, 868, -1,
      874, 868, 875, -1,
      875, 868, 869, -1,
      875, 869, 876, -1,
      876, 869, 877, -1,
      798, 795, 820, -1,
      820, 795, 878, -1,
      820, 878, 811, -1,
      811, 878, 879, -1,
      811, 879, 809, -1,
      809, 879, 880, -1,
      809, 880, 844, -1,
      394, 396, 402, -1,
      402, 396, 881, -1,
      402, 881, 865, -1,
      865, 881, 700, -1,
      865, 700, 650, -1,
      650, 700, 702, -1,
      650, 702, 648, -1,
      384, 386, 396, -1,
      396, 386, 882, -1,
      396, 882, 881, -1,
      881, 882, 883, -1,
      881, 883, 700, -1,
      700, 883, 884, -1,
      700, 884, 699, -1,
      699, 884, 885, -1,
      699, 885, 780, -1,
      780, 885, 886, -1,
      780, 886, 792, -1,
      792, 886, 887, -1,
      792, 887, 795, -1,
      795, 887, 888, -1,
      795, 888, 878, -1,
      878, 888, 889, -1,
      878, 889, 879, -1,
      879, 889, 890, -1,
      879, 890, 880, -1,
      610, 614, 373, -1,
      373, 614, 612, -1,
      373, 612, 391, -1,
      391, 612, 891, -1,
      391, 891, 389, -1,
      389, 891, 892, -1,
      893, 894, 829, -1,
      895, 319, 318, -1,
      318, 893, 895, -1,
      895, 893, 829, -1,
      895, 829, 896, -1,
      896, 829, 890, -1,
      896, 890, 23, -1,
      23, 890, 24, -1,
      897, 898, 829, -1,
      899, 268, 267, -1,
      267, 897, 899, -1,
      899, 897, 829, -1,
      899, 829, 900, -1,
      900, 829, 894, -1,
      900, 894, 198, -1,
      198, 894, 199, -1,
      13, 12, 901, -1,
      901, 12, 829, -1,
      901, 829, 902, -1,
      902, 829, 898, -1,
      902, 898, 191, -1,
      191, 898, 192, -1,
      903, 222, 221, -1,
      829, 12, 71, -1,
      904, 275, 274, -1,
      905, 906, 829, -1,
      211, 210, 907, -1,
      907, 210, 908, -1,
      278, 277, 906, -1,
      906, 277, 909, -1,
      906, 909, 829, -1,
      829, 909, 904, -1,
      829, 904, 910, -1,
      910, 904, 274, -1,
      27, 1, 911, -1,
      911, 1, 592, -1,
      911, 592, 908, -1,
      908, 592, 829, -1,
      908, 829, 907, -1,
      907, 829, 910, -1,
      71, 912, 829, -1,
      829, 912, 903, -1,
      829, 903, 905, -1,
      905, 903, 221, -1,
      913, 914, 892, -1,
      915, 242, 241, -1,
      241, 913, 915, -1,
      915, 913, 892, -1,
      915, 892, 916, -1,
      916, 892, 592, -1,
      916, 592, 0, -1,
      0, 592, 1, -1,
      917, 918, 892, -1,
      919, 231, 230, -1,
      230, 917, 919, -1,
      919, 917, 892, -1,
      919, 892, 920, -1,
      920, 892, 914, -1,
      920, 914, 311, -1,
      311, 914, 312, -1,
      97, 95, 921, -1,
      921, 95, 892, -1,
      921, 892, 922, -1,
      922, 892, 918, -1,
      922, 918, 74, -1,
      74, 918, 75, -1,
      923, 187, 186, -1,
      892, 95, 94, -1,
      924, 315, 314, -1,
      925, 926, 890, -1,
      297, 296, 927, -1,
      927, 296, 928, -1,
      186, 929, 923, -1,
      923, 929, 892, -1,
      923, 892, 930, -1,
      930, 892, 94, -1,
      314, 925, 924, -1,
      924, 925, 890, -1,
      924, 890, 928, -1,
      928, 890, 892, -1,
      928, 892, 927, -1,
      927, 892, 929, -1,
      40, 24, 931, -1,
      931, 24, 890, -1,
      931, 890, 932, -1,
      932, 890, 926, -1,
      932, 926, 254, -1,
      254, 926, 255, -1,
    ]
  }
}

Shape {
  appearance Appearance {
    material Material {
      diffuseColor 1.0000 1.0000 1.0000
      specularColor 0.5020 0.5020 0.5020
      ambientIntensity 0.2
      transparency 0.0000
      shininess 0.5
    }
  }
  geometry IndexedFaceSet {
    ccw TRUE
    solid FALSE
    coord DEF co Coordinate {
      point [
        -0.449109 -0.452066 0.354331,
        -0.434695 -0.486865 0.354331,
        -0.436372 -0.474128 0.354331,
        -0.441289 -0.462258 0.354331,
        -0.459302 -0.444245 0.354331,
        -0.471171 -0.439329 0.354331,
        -0.483908 -0.437652 0.354331,
        -0.496645 -0.439329 0.354331,
        -0.533120 -0.486865 0.354331,
        -0.531444 -0.474128 0.354331,
        -0.526527 -0.462258 0.354331,
        -0.518706 -0.452066 0.354331,
        -0.508514 -0.444245 0.354331,
        -0.436372 -0.499602 0.354331,
        -0.441289 -0.511471 0.354331,
        -0.449109 -0.521663 0.354331,
        -0.459302 -0.529484 0.354331,
        -0.471171 -0.534400 0.354331,
        -0.508514 -0.529484 0.354331,
        -0.496645 -0.534400 0.354331,
        -0.483908 -0.536077 0.354331,
        -0.518706 -0.521663 0.354331,
        -0.526527 -0.511471 0.354331,
        -0.531444 -0.499602 0.354331,
        -0.434695 -0.486865 0.353937,
        -0.436372 -0.474128 0.353937,
        -0.441289 -0.462258 0.353937,
        -0.449109 -0.452066 0.353937,
        -0.459302 -0.444245 0.353937,
        -0.471171 -0.439329 0.353937,
        -0.483908 -0.437652 0.353937,
        -0.496645 -0.439329 0.353937,
        -0.508514 -0.444245 0.353937,
        -0.518706 -0.452066 0.353937,
        -0.526527 -0.462258 0.353937,
        -0.531444 -0.474128 0.353937,
        -0.533120 -0.486865 0.353937,
        -0.531444 -0.499602 0.353937,
        -0.526527 -0.511471 0.353937,
        -0.518706 -0.521663 0.353937,
        -0.508514 -0.529484 0.353937,
        -0.496645 -0.534400 0.353937,
        -0.483908 -0.536077 0.353937,
        -0.471171 -0.534400 0.353937,
        -0.459302 -0.529484 0.353937,
        -0.449109 -0.521663 0.353937,
        -0.441289 -0.511471 0.353937,
        -0.436372 -0.499602 0.353937,
        -0.483908 -0.486865 0.353937,
      ]
    }
    coordIndex [
      24, 1, 25, -1,
      25, 1, 2, -1,
      25, 2, 26, -1,
      26, 2, 3, -1,
      26, 3, 27, -1,
      27, 3, 0, -1,
      27, 0, 28, -1,
      28, 0, 4, -1,
      28, 4, 29, -1,
      29, 4, 5, -1,
      29, 5, 30, -1,
      30, 5, 6, -1,
      30, 6, 31, -1,
      31, 6, 7, -1,
      31, 7, 32, -1,
      32, 7, 12, -1,
      32, 12, 33, -1,
      33, 12, 11, -1,
      33, 11, 34, -1,
      34, 11, 10, -1,
      34, 10, 35, -1,
      35, 10, 9, -1,
      35, 9, 36, -1,
      36, 9, 8, -1,
      36, 8, 37, -1,
      37, 8, 23, -1,
      37, 23, 38, -1,
      38, 23, 22, -1,
      38, 22, 39, -1,
      39, 22, 21, -1,
      39, 21, 40, -1,
      40, 21, 18, -1,
      40, 18, 41, -1,
      41, 18, 19, -1,
      41, 19, 42, -1,
      42, 19, 20, -1,
      42, 20, 43, -1,
      43, 20, 17, -1,
      43, 17, 44, -1,
      44, 17, 16, -1,
      44, 16, 45, -1,
      45, 16, 15, -1,
      45, 15, 46, -1,
      46, 15, 14, -1,
      46, 14, 47, -1,
      47, 14, 13, -1,
      47, 13, 24, -1,
      24, 13, 1, -1,
      46, 47, 48, -1,
      48, 47, 24, -1,
      48, 24, 25, -1,
      43, 44, 48, -1,
      48, 44, 45, -1,
      48, 45, 46, -1,
      40, 41, 48, -1,
      48, 41, 42, -1,
      48, 42, 43, -1,
      37, 38, 48, -1,
      48, 38, 39, -1,
      48, 39, 40, -1,
      34, 35, 48, -1,
      48, 35, 36, -1,
      48, 36, 37, -1,
      31, 32, 48, -1,
      48, 32, 33, -1,
      48, 33, 34, -1,
      28, 29, 48, -1,
      48, 29, 30, -1,
      48, 30, 31, -1,
      25, 26, 48, -1,
      48, 26, 27, -1,
      48, 27, 28, -1,
    ]
  }
}

Shape {
  appearance Appearance {
    material Material {
      diffuseColor 0.6667 0.6980 0.7686
      specularColor 0.3333 0.3490 0.3843
      ambientIntensity 0.2
      transparency 0.0000
      shininess 0.5
    }
  }
  geometry IndexedFaceSet {
    ccw TRUE
    solid FALSE
    coord DEF co Coordinate {
      point [
        -0.590551 0.354331 0.000000,
        -0.460630 0.354331 0.000000,
        -0.454516 0.353526 0.000000,
        0.278755 0.448819 0.000000,
        0.282509 0.443926 0.000000,
        0.185039 0.440172 0.000000,
        -0.275591 -0.460630 0.000000,
        -0.276395 -0.454516 0.000000,
        -0.278755 -0.448819 0.000000,
        -0.282509 -0.443926 0.000000,
        0.590551 0.354331 0.000000,
        0.460630 0.354331 0.000000,
        0.454516 0.353526 0.000000,
        0.448819 0.351166 0.000000,
        0.440172 0.129921 0.000000,
        0.443926 0.125029 0.000000,
        0.440172 -0.342520 0.000000,
        0.443926 -0.347412 0.000000,
        0.590551 -0.354331 0.000000,
        0.460630 -0.354331 0.000000,
        0.454516 -0.353526 0.000000,
        -0.354331 0.590551 0.000000,
        -0.354331 0.460630 0.000000,
        -0.342520 0.440172 0.000000,
        -0.336822 0.437813 0.000000,
        -0.448819 -0.193686 0.000000,
        -0.443926 -0.189931 0.000000,
        -0.440172 -0.185039 0.000000,
        -0.437813 -0.179342 0.000000,
        -0.437008 -0.173228 0.000000,
        -0.437008 -0.141732 0.000000,
        -0.437813 -0.135619 0.000000,
        0.354331 -0.590551 0.000000,
        0.354331 -0.460630 0.000000,
        0.342520 -0.440172 0.000000,
        0.336822 -0.437813 0.000000,
        0.443926 0.347412 0.000000,
        0.440172 0.342520 0.000000,
        0.437813 0.336822 0.000000,
        -0.353526 0.454516 0.000000,
        -0.351166 0.448819 0.000000,
        -0.347412 0.443926 0.000000,
        0.135619 0.437813 0.000000,
        0.129921 0.440172 0.000000,
        0.125029 0.443926 0.000000,
        -0.437813 0.336822 0.000000,
        -0.437008 0.330709 0.000000,
        -0.437008 0.299213 0.000000,
        -0.440172 0.342520 0.000000,
        -0.443926 0.347412 0.000000,
        -0.448819 0.351166 0.000000,
        0.353526 -0.454516 0.000000,
        0.351166 -0.448819 0.000000,
        0.347412 -0.443926 0.000000,
        -0.135619 -0.437813 0.000000,
        -0.129921 -0.440172 0.000000,
        -0.125029 -0.443926 0.000000,
        0.437813 0.135619 0.000000,
        0.437008 -0.173228 0.000000,
        0.437813 -0.179342 0.000000,
        0.448819 -0.351166 0.000000,
        0.293099 0.437813 0.000000,
        0.287402 0.440172 0.000000,
        0.354331 0.590551 0.000000,
        0.354331 0.460630 0.000000,
        0.353526 0.454516 0.000000,
        -0.590551 -0.275591 0.000000,
        -0.590551 -0.196850 0.000000,
        -0.460630 -0.275591 0.000000,
        -0.460630 -0.196850 0.000000,
        -0.454516 -0.196046 0.000000,
        -0.440172 -0.129921 0.000000,
        -0.443926 -0.125029 0.000000,
        -0.437813 -0.021862 0.000000,
        -0.448819 -0.121275 0.000000,
        -0.440172 -0.027559 0.000000,
        -0.443926 0.125029 0.000000,
        -0.440172 0.129921 0.000000,
        -0.437813 0.135619 0.000000,
        -0.437008 0.141732 0.000000,
        -0.437008 0.173228 0.000000,
        -0.437813 0.179342 0.000000,
        -0.440172 0.185039 0.000000,
        -0.443926 0.282509 0.000000,
        -0.440172 0.287402 0.000000,
        -0.437813 0.293099 0.000000,
        -0.354331 -0.590551 0.000000,
        -0.354331 -0.460630 0.000000,
        -0.590551 -0.354331 0.000000,
        -0.353526 -0.454516 0.000000,
        -0.448819 -0.278755 0.000000,
        -0.443926 -0.282509 0.000000,
        -0.440172 -0.287402 0.000000,
        -0.454516 -0.276395 0.000000,
        0.437813 0.293099 0.000000,
        0.440172 0.287402 0.000000,
        0.443926 0.282509 0.000000,
        0.448819 -0.278755 0.000000,
        0.443926 -0.282509 0.000000,
        0.454516 -0.196046 0.000000,
        -0.189931 0.443926 0.000000,
        -0.185039 0.440172 0.000000,
        -0.179342 0.437813 0.000000,
        -0.173228 0.437008 0.000000,
        -0.032451 0.443926 0.000000,
        -0.027559 0.440172 0.000000,
        -0.021862 0.437813 0.000000,
        -0.015748 0.437008 0.000000,
        0.015748 0.437008 0.000000,
        0.021862 0.437813 0.000000,
        0.027559 0.440172 0.000000,
        -0.454516 -0.038565 0.000000,
        -0.448819 -0.036206 0.000000,
        -0.443926 -0.032451 0.000000,
        -0.443926 0.189931 0.000000,
        -0.448819 0.193686 0.000000,
        -0.448819 0.278755 0.000000,
        -0.454516 0.276395 0.000000,
        0.189931 -0.443926 0.000000,
        0.185039 -0.440172 0.000000,
        0.179342 -0.437813 0.000000,
        0.173228 -0.437008 0.000000,
        0.032451 -0.443926 0.000000,
        0.027559 -0.440172 0.000000,
        0.021862 -0.437813 0.000000,
        0.015748 -0.437008 0.000000,
        -0.015748 -0.437008 0.000000,
        -0.021862 -0.437813 0.000000,
        -0.027559 -0.440172 0.000000,
        -0.141732 -0.437008 0.000000,
        -0.173228 -0.437008 0.000000,
        -0.179342 -0.437813 0.000000,
        0.437008 0.330709 0.000000,
        0.437008 0.299213 0.000000,
        0.454516 0.196046 0.000000,
        0.448819 0.278755 0.000000,
        0.448819 0.193686 0.000000,
        0.443926 0.189931 0.000000,
        0.440172 0.185039 0.000000,
        0.437008 -0.015748 0.000000,
        0.437813 -0.021862 0.000000,
        0.440172 -0.027559 0.000000,
        0.443926 -0.032451 0.000000,
        0.448819 -0.036206 0.000000,
        0.454516 -0.118915 0.000000,
        0.448819 -0.121275 0.000000,
        0.443926 -0.125029 0.000000,
        -0.330709 0.437008 0.000000,
        -0.299213 0.437008 0.000000,
        -0.293099 0.437813 0.000000,
        -0.038565 0.454516 0.000000,
        -0.036206 0.448819 0.000000,
        -0.121275 0.448819 0.000000,
        -0.125029 0.443926 0.000000,
        0.032451 0.443926 0.000000,
        0.036206 0.448819 0.000000,
        0.121275 0.448819 0.000000,
        0.118915 0.454516 0.000000,
        0.141732 0.437008 0.000000,
        0.173228 0.437008 0.000000,
        0.179342 0.437813 0.000000,
        0.330709 -0.437008 0.000000,
        0.299213 -0.437008 0.000000,
        0.293099 -0.437813 0.000000,
        0.121275 -0.448819 0.000000,
        0.038565 -0.454516 0.000000,
        0.125029 -0.443926 0.000000,
        0.036206 -0.448819 0.000000,
        -0.032451 -0.443926 0.000000,
        -0.036206 -0.448819 0.000000,
        -0.121275 -0.448819 0.000000,
        -0.118915 -0.454516 0.000000,
        -0.185039 -0.440172 0.000000,
        -0.189931 -0.443926 0.000000,
        -0.193686 -0.448819 0.000000,
        -0.196850 -0.590551 0.000000,
        -0.275591 -0.590551 0.000000,
        -0.196850 -0.460630 0.000000,
        -0.196046 -0.454516 0.000000,
        0.460630 0.275591 0.000000,
        0.590551 0.275591 0.000000,
        0.590551 0.196850 0.000000,
        0.448819 0.121275 0.000000,
        0.454516 0.038565 0.000000,
        0.448819 0.036206 0.000000,
        0.443926 0.032451 0.000000,
        0.460630 -0.039370 0.000000,
        0.590551 -0.039370 0.000000,
        0.590551 -0.118110 0.000000,
        0.440172 -0.129921 0.000000,
        0.437813 -0.135619 0.000000,
        0.437008 -0.141732 0.000000,
        0.440172 -0.185039 0.000000,
        0.443926 -0.189931 0.000000,
        0.448819 -0.193686 0.000000,
        -0.196046 0.454516 0.000000,
        -0.282509 0.443926 0.000000,
        -0.278755 0.448819 0.000000,
        -0.275591 0.460630 0.000000,
        -0.275591 0.590551 0.000000,
        -0.196850 0.590551 0.000000,
        -0.193686 0.448819 0.000000,
        -0.287402 0.440172 0.000000,
        -0.141732 0.437008 0.000000,
        -0.135619 0.437813 0.000000,
        -0.129921 0.440172 0.000000,
        0.276395 0.454516 0.000000,
        0.189931 0.443926 0.000000,
        0.193686 0.448819 0.000000,
        0.196850 0.460630 0.000000,
        0.196850 0.590551 0.000000,
        0.275591 0.590551 0.000000,
        0.299213 0.437008 0.000000,
        0.330709 0.437008 0.000000,
        0.336822 0.437813 0.000000,
        0.342520 0.440172 0.000000,
        0.347412 0.443926 0.000000,
        0.351166 0.448819 0.000000,
        -0.460630 -0.118110 0.000000,
        -0.590551 -0.118110 0.000000,
        -0.590551 -0.039370 0.000000,
        -0.437008 -0.015748 0.000000,
        -0.437008 0.015748 0.000000,
        -0.437813 0.021862 0.000000,
        -0.440172 0.027559 0.000000,
        -0.443926 0.032451 0.000000,
        -0.448819 0.036206 0.000000,
        -0.448819 0.121275 0.000000,
        -0.454516 0.118915 0.000000,
        -0.460630 0.196850 0.000000,
        -0.590551 0.196850 0.000000,
        -0.590551 0.275591 0.000000,
        -0.287402 -0.440172 0.000000,
        -0.293099 -0.437813 0.000000,
        -0.299213 -0.437008 0.000000,
        -0.330709 -0.437008 0.000000,
        -0.437008 -0.330709 0.000000,
        -0.437008 -0.299213 0.000000,
        -0.437813 -0.293099 0.000000,
        0.196046 -0.454516 0.000000,
        0.282509 -0.443926 0.000000,
        0.278755 -0.448819 0.000000,
        0.275591 -0.460630 0.000000,
        0.275591 -0.590551 0.000000,
        0.196850 -0.590551 0.000000,
        0.193686 -0.448819 0.000000,
        0.287402 -0.440172 0.000000,
        0.141732 -0.437008 0.000000,
        0.135619 -0.437813 0.000000,
        0.129921 -0.440172 0.000000,
        0.454516 0.276395 0.000000,
        0.460630 0.196850 0.000000,
        0.437813 0.179342 0.000000,
        0.437008 0.173228 0.000000,
        0.437008 0.141732 0.000000,
        0.460630 0.118110 0.000000,
        0.590551 0.118110 0.000000,
        0.590551 0.039370 0.000000,
        0.454516 -0.038565 0.000000,
        0.460630 -0.118110 0.000000,
        -0.276395 0.454516 0.000000,
        -0.196850 0.460630 0.000000,
        -0.118110 0.460630 0.000000,
        -0.118110 0.590551 0.000000,
        -0.039370 0.590551 0.000000,
        0.039370 0.460630 0.000000,
        0.039370 0.590551 0.000000,
        0.118110 0.590551 0.000000,
        0.196046 0.454516 0.000000,
        0.275591 0.460630 0.000000,
        -0.454516 -0.118915 0.000000,
        -0.460630 -0.039370 0.000000,
        -0.454516 0.196046 0.000000,
        -0.460630 0.275591 0.000000,
        -0.336822 -0.437813 0.000000,
        -0.342520 -0.440172 0.000000,
        -0.347412 -0.443926 0.000000,
        -0.351166 -0.448819 0.000000,
        -0.460630 -0.354331 0.000000,
        0.276395 -0.454516 0.000000,
        0.196850 -0.460630 0.000000,
        -0.039370 -0.460630 0.000000,
        -0.039370 -0.590551 0.000000,
        -0.118110 -0.590551 0.000000,
        0.454516 0.118915 0.000000,
        0.460630 0.039370 0.000000,
        0.440172 0.027559 0.000000,
        0.437813 0.021862 0.000000,
        0.437008 0.015748 0.000000,
        0.440172 -0.287402 0.000000,
        0.437813 -0.293099 0.000000,
        0.437008 -0.299213 0.000000,
        -0.118915 0.454516 0.000000,
        -0.039370 0.460630 0.000000,
        0.038565 0.454516 0.000000,
        0.118110 0.460630 0.000000,
        -0.460630 0.039370 0.000000,
        -0.590551 0.039370 0.000000,
        -0.590551 0.118110 0.000000,
        0.118110 -0.460630 0.000000,
        0.118110 -0.590551 0.000000,
        0.039370 -0.590551 0.000000,
        -0.038565 -0.454516 0.000000,
        -0.118110 -0.460630 0.000000,
        0.590551 -0.196850 0.000000,
        0.590551 -0.275591 0.000000,
        0.460630 -0.196850 0.000000,
        0.460630 -0.275591 0.000000,
        0.454516 -0.276395 0.000000,
        0.437008 -0.330709 0.000000,
        0.437813 -0.336822 0.000000,
        -0.454516 0.038565 0.000000,
        -0.460630 0.118110 0.000000,
        0.118915 -0.454516 0.000000,
        0.039370 -0.460630 0.000000,
        0.590551 -0.196850 0.031496,
        0.590551 -0.118110 0.031496,
        0.590551 -0.275591 0.031496,
        0.590551 -0.354331 0.031496,
        0.590551 0.118110 0.031496,
        0.590551 0.196850 0.031496,
        0.590551 0.039370 0.031496,
        0.590551 -0.039370 0.031496,
        0.590551 0.354331 0.031496,
        0.590551 0.275591 0.031496,
        0.275591 0.590551 0.031496,
        -0.039370 0.590551 0.031496,
        0.196850 0.590551 0.031496,
        0.118110 0.590551 0.031496,
        -0.196850 0.590551 0.031496,
        -0.275591 0.590551 0.031496,
        0.039370 0.590551 0.031496,
        -0.118110 0.590551 0.031496,
        -0.354331 0.590551 0.031496,
        0.354331 0.590551 0.031496,
        -0.590551 0.196850 0.031496,
        -0.590551 0.118110 0.031496,
        -0.590551 0.275591 0.031496,
        -0.590551 0.354331 0.031496,
        -0.590551 -0.118110 0.031496,
        -0.590551 -0.196850 0.031496,
        -0.590551 -0.039370 0.031496,
        -0.590551 0.039370 0.031496,
        -0.590551 -0.354331 0.031496,
        -0.590551 -0.275591 0.031496,
        -0.275591 -0.590551 0.031496,
        0.039370 -0.590551 0.031496,
        0.118110 -0.590551 0.031496,
        0.196850 -0.590551 0.031496,
        -0.118110 -0.590551 0.031496,
        -0.039370 -0.590551 0.031496,
        -0.196850 -0.590551 0.031496,
        -0.354331 -0.590551 0.031496,
        0.354331 -0.590551 0.031496,
        0.275591 -0.590551 0.031496,
        -0.354331 -0.594488 0.031496,
        -0.275591 -0.594488 0.031496,
        -0.354331 -0.460630 -0.011811,
        -0.354331 -0.594488 -0.011811,
        -0.275591 -0.594488 -0.011811,
        -0.275591 -0.460630 -0.011811,
        -0.276395 -0.454516 -0.011811,
        -0.278755 -0.448819 -0.011811,
        -0.282509 -0.443926 -0.011811,
        -0.287402 -0.440172 -0.011811,
        -0.293099 -0.437813 -0.011811,
        -0.299213 -0.437008 -0.011811,
        -0.330709 -0.437008 -0.011811,
        -0.336822 -0.437813 -0.011811,
        -0.342520 -0.440172 -0.011811,
        -0.347412 -0.443926 -0.011811,
        -0.351166 -0.448819 -0.011811,
        -0.353526 -0.454516 -0.011811,
        -0.196850 -0.594488 0.031496,
        -0.118110 -0.594488 0.031496,
        -0.118110 -0.594488 -0.011811,
        -0.118110 -0.460630 -0.011811,
        -0.118915 -0.454516 -0.011811,
        -0.121275 -0.448819 -0.011811,
        -0.125029 -0.443926 -0.011811,
        -0.129921 -0.440172 -0.011811,
        -0.135619 -0.437813 -0.011811,
        -0.141732 -0.437008 -0.011811,
        -0.173228 -0.437008 -0.011811,
        -0.179342 -0.437813 -0.011811,
        -0.185039 -0.440172 -0.011811,
        -0.189931 -0.443926 -0.011811,
        -0.193686 -0.448819 -0.011811,
        -0.196046 -0.454516 -0.011811,
        -0.196850 -0.460630 -0.011811,
        -0.196850 -0.594488 -0.011811,
        -0.039370 -0.594488 0.031496,
        0.039370 -0.594488 0.031496,
        0.039370 -0.594488 -0.011811,
        0.039370 -0.460630 -0.011811,
        0.038565 -0.454516 -0.011811,
        0.036206 -0.448819 -0.011811,
        0.032451 -0.443926 -0.011811,
        0.027559 -0.440172 -0.011811,
        0.021862 -0.437813 -0.011811,
        0.015748 -0.437008 -0.011811,
        -0.015748 -0.437008 -0.011811,
        -0.021862 -0.437813 -0.011811,
        -0.027559 -0.440172 -0.011811,
        -0.032451 -0.443926 -0.011811,
        -0.036206 -0.448819 -0.011811,
        -0.038565 -0.454516 -0.011811,
        -0.039370 -0.460630 -0.011811,
        -0.039370 -0.594488 -0.011811,
        0.118110 -0.594488 0.031496,
        0.196850 -0.594488 0.031496,
        0.196850 -0.594488 -0.011811,
        0.196850 -0.460630 -0.011811,
        0.196046 -0.454516 -0.011811,
        0.193686 -0.448819 -0.011811,
        0.189931 -0.443926 -0.011811,
        0.185039 -0.440172 -0.011811,
        0.179342 -0.437813 -0.011811,
        0.173228 -0.437008 -0.011811,
        0.141732 -0.437008 -0.011811,
        0.135619 -0.437813 -0.011811,
        0.129921 -0.440172 -0.011811,
        0.125029 -0.443926 -0.011811,
        0.121275 -0.448819 -0.011811,
        0.118915 -0.454516 -0.011811,
        0.118110 -0.460630 -0.011811,
        0.118110 -0.594488 -0.011811,
        0.275591 -0.594488 0.031496,
        0.354331 -0.594488 0.031496,
        0.354331 -0.594488 -0.011811,
        0.354331 -0.460630 -0.011811,
        0.353526 -0.454516 -0.011811,
        0.351166 -0.448819 -0.011811,
        0.347412 -0.443926 -0.011811,
        0.342520 -0.440172 -0.011811,
        0.336822 -0.437813 -0.011811,
        0.330709 -0.437008 -0.011811,
        0.299213 -0.437008 -0.011811,
        0.293099 -0.437813 -0.011811,
        0.287402 -0.440172 -0.011811,
        0.282509 -0.443926 -0.011811,
        0.278755 -0.448819 -0.011811,
        0.276395 -0.454516 -0.011811,
        0.275591 -0.460630 -0.011811,
        0.275591 -0.594488 -0.011811,
        0.594488 -0.354331 0.031496,
        0.594488 -0.275591 0.031496,
        0.460630 -0.354331 -0.011811,
        0.594488 -0.354331 -0.011811,
        0.594488 -0.275591 -0.011811,
        0.460630 -0.275591 -0.011811,
        0.454516 -0.276395 -0.011811,
        0.448819 -0.278755 -0.011811,
        0.443926 -0.282509 -0.011811,
        0.440172 -0.287402 -0.011811,
        0.437813 -0.293099 -0.011811,
        0.437008 -0.299213 -0.011811,
        0.437008 -0.330709 -0.011811,
        0.437813 -0.336822 -0.011811,
        0.440172 -0.342520 -0.011811,
        0.443926 -0.347412 -0.011811,
        0.448819 -0.351166 -0.011811,
        0.454516 -0.353526 -0.011811,
        0.594488 -0.196850 0.031496,
        0.594488 -0.118110 0.031496,
        0.594488 -0.118110 -0.011811,
        0.460630 -0.118110 -0.011811,
        0.454516 -0.118915 -0.011811,
        0.448819 -0.121275 -0.011811,
        0.443926 -0.125029 -0.011811,
        0.440172 -0.129921 -0.011811,
        0.437813 -0.135619 -0.011811,
        0.437008 -0.141732 -0.011811,
        0.437008 -0.173228 -0.011811,
        0.437813 -0.179342 -0.011811,
        0.440172 -0.185039 -0.011811,
        0.443926 -0.189931 -0.011811,
        0.448819 -0.193686 -0.011811,
        0.454516 -0.196046 -0.011811,
        0.460630 -0.196850 -0.011811,
        0.594488 -0.196850 -0.011811,
        0.594488 -0.039370 0.031496,
        0.594488 0.039370 0.031496,
        0.594488 0.039370 -0.011811,
        0.460630 0.039370 -0.011811,
        0.454516 0.038565 -0.011811,
        0.448819 0.036206 -0.011811,
        0.443926 0.032451 -0.011811,
        0.440172 0.027559 -0.011811,
        0.437813 0.021862 -0.011811,
        0.437008 0.015748 -0.011811,
        0.437008 -0.015748 -0.011811,
        0.437813 -0.021862 -0.011811,
        0.440172 -0.027559 -0.011811,
        0.443926 -0.032451 -0.011811,
        0.448819 -0.036206 -0.011811,
        0.454516 -0.038565 -0.011811,
        0.460630 -0.039370 -0.011811,
        0.594488 -0.039370 -0.011811,
        0.594488 0.118110 0.031496,
        0.594488 0.196850 0.031496,
        0.594488 0.196850 -0.011811,
        0.460630 0.196850 -0.011811,
        0.454516 0.196046 -0.011811,
        0.448819 0.193686 -0.011811,
        0.443926 0.189931 -0.011811,
        0.440172 0.185039 -0.011811,
        0.437813 0.179342 -0.011811,
        0.437008 0.173228 -0.011811,
        0.437008 0.141732 -0.011811,
        0.437813 0.135619 -0.011811,
        0.440172 0.129921 -0.011811,
        0.443926 0.125029 -0.011811,
        0.448819 0.121275 -0.011811,
        0.454516 0.118915 -0.011811,
        0.460630 0.118110 -0.011811,
        0.594488 0.118110 -0.011811,
        0.594488 0.275591 0.031496,
        0.594488 0.354331 0.031496,
        0.594488 0.354331 -0.011811,
        0.460630 0.354331 -0.011811,
        0.454516 0.353526 -0.011811,
        0.448819 0.351166 -0.011811,
        0.443926 0.347412 -0.011811,
        0.440172 0.342520 -0.011811,
        0.437813 0.336822 -0.011811,
        0.437008 0.330709 -0.011811,
        0.437008 0.299213 -0.011811,
        0.437813 0.293099 -0.011811,
        0.440172 0.287402 -0.011811,
        0.443926 0.282509 -0.011811,
        0.448819 0.278755 -0.011811,
        0.454516 0.276395 -0.011811,
        0.460630 0.275591 -0.011811,
        0.594488 0.275591 -0.011811,
        0.354331 0.594488 0.031496,
        0.275591 0.594488 0.031496,
        0.354331 0.460630 -0.011811,
        0.354331 0.594488 -0.011811,
        0.275591 0.594488 -0.011811,
        0.275591 0.460630 -0.011811,
        0.276395 0.454516 -0.011811,
        0.278755 0.448819 -0.011811,
        0.282509 0.443926 -0.011811,
        0.287402 0.440172 -0.011811,
        0.293099 0.437813 -0.011811,
        0.299213 0.437008 -0.011811,
        0.330709 0.437008 -0.011811,
        0.336822 0.437813 -0.011811,
        0.342520 0.440172 -0.011811,
        0.347412 0.443926 -0.011811,
        0.351166 0.448819 -0.011811,
        0.353526 0.454516 -0.011811,
        0.196850 0.594488 0.031496,
        0.118110 0.594488 0.031496,
        0.118110 0.594488 -0.011811,
        0.118110 0.460630 -0.011811,
        0.118915 0.454516 -0.011811,
        0.121275 0.448819 -0.011811,
        0.125029 0.443926 -0.011811,
        0.129921 0.440172 -0.011811,
        0.135619 0.437813 -0.011811,
        0.141732 0.437008 -0.011811,
        0.173228 0.437008 -0.011811,
        0.179342 0.437813 -0.011811,
        0.185039 0.440172 -0.011811,
        0.189931 0.443926 -0.011811,
        0.193686 0.448819 -0.011811,
        0.196046 0.454516 -0.011811,
        0.196850 0.460630 -0.011811,
        0.196850 0.594488 -0.011811,
        0.039370 0.594488 0.031496,
        -0.039370 0.594488 0.031496,
        -0.039370 0.594488 -0.011811,
        -0.039370 0.460630 -0.011811,
        -0.038565 0.454516 -0.011811,
        -0.036206 0.448819 -0.011811,
        -0.032451 0.443926 -0.011811,
        -0.027559 0.440172 -0.011811,
        -0.021862 0.437813 -0.011811,
        -0.015748 0.437008 -0.011811,
        0.015748 0.437008 -0.011811,
        0.021862 0.437813 -0.011811,
        0.027559 0.440172 -0.011811,
        0.032451 0.443926 -0.011811,
        0.036206 0.448819 -0.011811,
        0.038565 0.454516 -0.011811,
        0.039370 0.460630 -0.011811,
        0.039370 0.594488 -0.011811,
        -0.118110 0.594488 0.031496,
        -0.196850 0.594488 0.031496,
        -0.196850 0.594488 -0.011811,
        -0.196850 0.460630 -0.011811,
        -0.196046 0.454516 -0.011811,
        -0.193686 0.448819 -0.011811,
        -0.189931 0.443926 -0.011811,
        -0.185039 0.440172 -0.011811,
        -0.179342 0.437813 -0.011811,
        -0.173228 0.437008 -0.011811,
        -0.141732 0.437008 -0.011811,
        -0.135619 0.437813 -0.011811,
        -0.129921 0.440172 -0.011811,
        -0.125029 0.443926 -0.011811,
        -0.121275 0.448819 -0.011811,
        -0.118915 0.454516 -0.011811,
        -0.118110 0.460630 -0.011811,
        -0.118110 0.594488 -0.011811,
        -0.275591 0.594488 0.031496,
        -0.354331 0.594488 0.031496,
        -0.354331 0.594488 -0.011811,
        -0.354331 0.460630 -0.011811,
        -0.353526 0.454516 -0.011811,
        -0.351166 0.448819 -0.011811,
        -0.347412 0.443926 -0.011811,
        -0.342520 0.440172 -0.011811,
        -0.336822 0.437813 -0.011811,
        -0.330709 0.437008 -0.011811,
        -0.299213 0.437008 -0.011811,
        -0.293099 0.437813 -0.011811,
        -0.287402 0.440172 -0.011811,
        -0.282509 0.443926 -0.011811,
        -0.278755 0.448819 -0.011811,
        -0.276395 0.454516 -0.011811,
        -0.275591 0.460630 -0.011811,
        -0.275591 0.594488 -0.011811,
        -0.594488 0.354331 0.031496,
        -0.594488 0.275591 0.031496,
        -0.460630 0.354331 -0.011811,
        -0.594488 0.354331 -0.011811,
        -0.594488 0.275591 -0.011811,
        -0.460630 0.275591 -0.011811,
        -0.454516 0.276395 -0.011811,
        -0.448819 0.278755 -0.011811,
        -0.443926 0.282509 -0.011811,
        -0.440172 0.287402 -0.011811,
        -0.437813 0.293099 -0.011811,
        -0.437008 0.299213 -0.011811,
        -0.437008 0.330709 -0.011811,
        -0.437813 0.336822 -0.011811,
        -0.440172 0.342520 -0.011811,
        -0.443926 0.347412 -0.011811,
        -0.448819 0.351166 -0.011811,
        -0.454516 0.353526 -0.011811,
        -0.594488 0.196850 0.031496,
        -0.594488 0.118110 0.031496,
        -0.594488 0.118110 -0.011811,
        -0.460630 0.118110 -0.011811,
        -0.454516 0.118915 -0.011811,
        -0.448819 0.121275 -0.011811,
        -0.443926 0.125029 -0.011811,
        -0.440172 0.129921 -0.011811,
        -0.437813 0.135619 -0.011811,
        -0.437008 0.141732 -0.011811,
        -0.437008 0.173228 -0.011811,
        -0.437813 0.179342 -0.011811,
        -0.440172 0.185039 -0.011811,
        -0.443926 0.189931 -0.011811,
        -0.448819 0.193686 -0.011811,
        -0.454516 0.196046 -0.011811,
        -0.460630 0.196850 -0.011811,
        -0.594488 0.196850 -0.011811,
        -0.594488 0.039370 0.031496,
        -0.594488 -0.039370 0.031496,
        -0.594488 -0.039370 -0.011811,
        -0.460630 -0.039370 -0.011811,
        -0.454516 -0.038565 -0.011811,
        -0.448819 -0.036206 -0.011811,
        -0.443926 -0.032451 -0.011811,
        -0.440172 -0.027559 -0.011811,
        -0.437813 -0.021862 -0.011811,
        -0.437008 -0.015748 -0.011811,
        -0.437008 0.015748 -0.011811,
        -0.437813 0.021862 -0.011811,
        -0.440172 0.027559 -0.011811,
        -0.443926 0.032451 -0.011811,
        -0.448819 0.036206 -0.011811,
        -0.454516 0.038565 -0.011811,
        -0.460630 0.039370 -0.011811,
        -0.594488 0.039370 -0.011811,
        -0.594488 -0.118110 0.031496,
        -0.594488 -0.196850 0.031496,
        -0.594488 -0.196850 -0.011811,
        -0.460630 -0.196850 -0.011811,
        -0.454516 -0.196046 -0.011811,
        -0.448819 -0.193686 -0.011811,
        -0.443926 -0.189931 -0.011811,
        -0.440172 -0.185039 -0.011811,
        -0.437813 -0.179342 -0.011811,
        -0.437008 -0.173228 -0.011811,
        -0.437008 -0.141732 -0.011811,
        -0.437813 -0.135619 -0.011811,
        -0.440172 -0.129921 -0.011811,
        -0.443926 -0.125029 -0.011811,
        -0.448819 -0.121275 -0.011811,
        -0.454516 -0.118915 -0.011811,
        -0.460630 -0.118110 -0.011811,
        -0.594488 -0.118110 -0.011811,
        -0.594488 -0.275591 0.031496,
        -0.594488 -0.354331 0.031496,
        -0.594488 -0.354331 -0.011811,
        -0.460630 -0.354331 -0.011811,
        -0.455374 -0.353739 -0.011811,
        -0.455374 -0.353739 0.000000,
        -0.450381 -0.351991 -0.011811,
        -0.450381 -0.351991 0.000000,
        -0.445902 -0.349177 -0.011811,
        -0.445902 -0.349177 0.000000,
        -0.442161 -0.345437 -0.011811,
        -0.442161 -0.345437 0.000000,
        -0.439347 -0.340958 -0.011811,
        -0.439347 -0.340958 0.000000,
        -0.437600 -0.335965 -0.011811,
        -0.437600 -0.335965 0.000000,
        -0.437008 -0.330709 -0.011811,
        -0.437008 -0.299213 -0.011811,
        -0.437813 -0.293099 -0.011811,
        -0.440172 -0.287402 -0.011811,
        -0.443926 -0.282509 -0.011811,
        -0.448819 -0.278755 -0.011811,
        -0.454516 -0.276395 -0.011811,
        -0.460630 -0.275591 -0.011811,
        -0.594488 -0.275591 -0.011811,
      ]
    }
    coordIndex [
      352, 355, 345, -1,
      345, 355, 356, -1,
      87, 357, 86, -1,
      86, 357, 358, -1,
      86, 358, 352, -1,
      352, 358, 355, -1,
      345, 356, 176, -1,
      176, 356, 359, -1,
      176, 359, 6, -1,
      6, 359, 360, -1,
      6, 360, 361, -1,
      6, 361, 7, -1,
      7, 361, 362, -1,
      7, 362, 8, -1,
      8, 362, 363, -1,
      8, 363, 9, -1,
      9, 363, 364, -1,
      9, 364, 232, -1,
      232, 364, 365, -1,
      232, 365, 233, -1,
      233, 365, 366, -1,
      233, 366, 234, -1,
      366, 367, 234, -1,
      234, 367, 235, -1,
      235, 367, 368, -1,
      235, 368, 274, -1,
      274, 368, 369, -1,
      274, 369, 275, -1,
      275, 369, 370, -1,
      275, 370, 276, -1,
      276, 370, 371, -1,
      276, 371, 277, -1,
      277, 371, 372, -1,
      277, 372, 89, -1,
      89, 372, 357, -1,
      89, 357, 87, -1,
      359, 356, 358, -1,
      358, 356, 355, -1,
      360, 359, 358, -1,
      367, 358, 357, -1,
      367, 370, 368, -1,
      368, 370, 369, -1,
      365, 364, 360, -1,
      357, 372, 367, -1,
      367, 372, 371, -1,
      367, 371, 370, -1,
      358, 367, 360, -1,
      360, 367, 366, -1,
      360, 366, 365, -1,
      363, 362, 364, -1,
      364, 362, 361, -1,
      364, 361, 360, -1,
      373, 374, 351, -1,
      351, 374, 349, -1,
      349, 374, 283, -1,
      283, 374, 375, -1,
      283, 375, 303, -1,
      303, 375, 376, -1,
      303, 376, 377, -1,
      303, 377, 171, -1,
      171, 377, 378, -1,
      171, 378, 170, -1,
      170, 378, 379, -1,
      170, 379, 56, -1,
      56, 379, 380, -1,
      56, 380, 55, -1,
      55, 380, 381, -1,
      55, 381, 54, -1,
      54, 381, 382, -1,
      54, 382, 129, -1,
      382, 383, 129, -1,
      129, 383, 130, -1,
      130, 383, 384, -1,
      130, 384, 131, -1,
      131, 384, 385, -1,
      131, 385, 172, -1,
      172, 385, 386, -1,
      172, 386, 173, -1,
      173, 386, 387, -1,
      173, 387, 174, -1,
      174, 387, 388, -1,
      174, 388, 178, -1,
      178, 388, 389, -1,
      178, 389, 177, -1,
      177, 389, 175, -1,
      175, 389, 390, -1,
      175, 390, 351, -1,
      351, 390, 373, -1,
      375, 374, 390, -1,
      390, 374, 373, -1,
      376, 375, 390, -1,
      389, 388, 383, -1,
      383, 388, 387, -1,
      383, 387, 384, -1,
      384, 387, 386, -1,
      384, 386, 385, -1,
      378, 382, 379, -1,
      379, 382, 381, -1,
      379, 381, 380, -1,
      378, 377, 382, -1,
      382, 377, 376, -1,
      382, 376, 383, -1,
      383, 376, 390, -1,
      383, 390, 389, -1,
      391, 392, 350, -1,
      350, 392, 346, -1,
      346, 392, 301, -1,
      301, 392, 393, -1,
      301, 393, 314, -1,
      314, 393, 394, -1,
      314, 394, 395, -1,
      314, 395, 165, -1,
      165, 395, 396, -1,
      165, 396, 167, -1,
      167, 396, 397, -1,
      167, 397, 122, -1,
      122, 397, 398, -1,
      122, 398, 123, -1,
      123, 398, 399, -1,
      123, 399, 124, -1,
      124, 399, 400, -1,
      124, 400, 125, -1,
      400, 401, 125, -1,
      125, 401, 126, -1,
      126, 401, 402, -1,
      126, 402, 127, -1,
      127, 402, 403, -1,
      127, 403, 128, -1,
      128, 403, 404, -1,
      128, 404, 168, -1,
      168, 404, 405, -1,
      168, 405, 169, -1,
      169, 405, 406, -1,
      169, 406, 302, -1,
      302, 406, 407, -1,
      302, 407, 281, -1,
      281, 407, 282, -1,
      282, 407, 408, -1,
      282, 408, 350, -1,
      350, 408, 391, -1,
      393, 392, 408, -1,
      408, 392, 391, -1,
      394, 393, 400, -1,
      400, 393, 408, -1,
      400, 408, 407, -1,
      398, 397, 396, -1,
      400, 399, 394, -1,
      394, 399, 398, -1,
      394, 398, 395, -1,
      395, 398, 396, -1,
      406, 402, 407, -1,
      407, 402, 401, -1,
      407, 401, 400, -1,
      406, 405, 402, -1,
      402, 405, 404, -1,
      402, 404, 403, -1,
      409, 410, 347, -1,
      347, 410, 348, -1,
      348, 410, 244, -1,
      244, 410, 411, -1,
      244, 411, 280, -1,
      280, 411, 412, -1,
      280, 412, 413, -1,
      280, 413, 239, -1,
      239, 413, 414, -1,
      239, 414, 245, -1,
      245, 414, 415, -1,
      245, 415, 118, -1,
      118, 415, 416, -1,
      118, 416, 119, -1,
      119, 416, 417, -1,
      119, 417, 120, -1,
      120, 417, 418, -1,
      120, 418, 121, -1,
      418, 419, 121, -1,
      121, 419, 247, -1,
      247, 419, 420, -1,
      247, 420, 248, -1,
      248, 420, 421, -1,
      248, 421, 249, -1,
      249, 421, 422, -1,
      249, 422, 166, -1,
      166, 422, 423, -1,
      166, 423, 164, -1,
      164, 423, 424, -1,
      164, 424, 313, -1,
      313, 424, 425, -1,
      313, 425, 299, -1,
      299, 425, 300, -1,
      300, 425, 426, -1,
      300, 426, 347, -1,
      347, 426, 409, -1,
      411, 410, 426, -1,
      426, 410, 409, -1,
      412, 411, 426, -1,
      419, 426, 425, -1,
      419, 422, 420, -1,
      420, 422, 421, -1,
      425, 424, 419, -1,
      419, 424, 423, -1,
      419, 423, 422, -1,
      426, 419, 412, -1,
      412, 419, 418, -1,
      412, 418, 417, -1,
      414, 413, 415, -1,
      415, 413, 412, -1,
      415, 412, 416, -1,
      416, 412, 417, -1,
      427, 428, 354, -1,
      354, 428, 353, -1,
      353, 428, 32, -1,
      32, 428, 429, -1,
      32, 429, 33, -1,
      33, 429, 430, -1,
      33, 430, 431, -1,
      33, 431, 51, -1,
      51, 431, 432, -1,
      51, 432, 52, -1,
      52, 432, 433, -1,
      52, 433, 53, -1,
      53, 433, 434, -1,
      53, 434, 34, -1,
      34, 434, 435, -1,
      34, 435, 35, -1,
      35, 435, 436, -1,
      35, 436, 161, -1,
      436, 437, 161, -1,
      161, 437, 162, -1,
      162, 437, 438, -1,
      162, 438, 163, -1,
      163, 438, 439, -1,
      163, 439, 246, -1,
      246, 439, 440, -1,
      246, 440, 240, -1,
      240, 440, 441, -1,
      240, 441, 241, -1,
      241, 441, 442, -1,
      241, 442, 279, -1,
      279, 442, 443, -1,
      279, 443, 242, -1,
      242, 443, 243, -1,
      243, 443, 444, -1,
      243, 444, 354, -1,
      354, 444, 427, -1,
      429, 428, 444, -1,
      444, 428, 427, -1,
      429, 444, 430, -1,
      430, 444, 443, -1,
      430, 443, 437, -1,
      437, 436, 430, -1,
      430, 436, 435, -1,
      430, 435, 434, -1,
      433, 432, 434, -1,
      434, 432, 431, -1,
      434, 431, 430, -1,
      440, 443, 441, -1,
      441, 443, 442, -1,
      440, 439, 443, -1,
      443, 439, 438, -1,
      443, 438, 437, -1,
      318, 445, 317, -1,
      317, 445, 446, -1,
      19, 447, 18, -1,
      18, 447, 448, -1,
      18, 448, 318, -1,
      318, 448, 445, -1,
      317, 446, 305, -1,
      305, 446, 449, -1,
      305, 449, 307, -1,
      307, 449, 450, -1,
      307, 450, 451, -1,
      307, 451, 308, -1,
      308, 451, 452, -1,
      308, 452, 97, -1,
      97, 452, 453, -1,
      97, 453, 98, -1,
      98, 453, 454, -1,
      98, 454, 289, -1,
      289, 454, 455, -1,
      289, 455, 290, -1,
      290, 455, 456, -1,
      290, 456, 291, -1,
      456, 457, 291, -1,
      291, 457, 309, -1,
      309, 457, 458, -1,
      309, 458, 310, -1,
      310, 458, 459, -1,
      310, 459, 16, -1,
      16, 459, 460, -1,
      16, 460, 17, -1,
      17, 460, 461, -1,
      17, 461, 60, -1,
      60, 461, 462, -1,
      60, 462, 20, -1,
      20, 462, 447, -1,
      20, 447, 19, -1,
      449, 446, 448, -1,
      448, 446, 445, -1,
      447, 457, 448, -1,
      448, 457, 450, -1,
      448, 450, 449, -1,
      447, 462, 457, -1,
      457, 462, 461, -1,
      457, 461, 458, -1,
      458, 461, 460, -1,
      458, 460, 459, -1,
      453, 452, 454, -1,
      454, 452, 455, -1,
      457, 456, 450, -1,
      450, 456, 455, -1,
      450, 455, 451, -1,
      451, 455, 452, -1,
      463, 464, 315, -1,
      315, 464, 316, -1,
      316, 464, 188, -1,
      188, 464, 465, -1,
      188, 465, 259, -1,
      259, 465, 466, -1,
      259, 466, 467, -1,
      259, 467, 144, -1,
      144, 467, 468, -1,
      144, 468, 145, -1,
      145, 468, 469, -1,
      145, 469, 146, -1,
      146, 469, 470, -1,
      146, 470, 189, -1,
      189, 470, 471, -1,
      189, 471, 190, -1,
      190, 471, 472, -1,
      190, 472, 191, -1,
      472, 473, 191, -1,
      191, 473, 58, -1,
      58, 473, 474, -1,
      58, 474, 59, -1,
      59, 474, 475, -1,
      59, 475, 192, -1,
      192, 475, 476, -1,
      192, 476, 193, -1,
      193, 476, 477, -1,
      193, 477, 194, -1,
      194, 477, 478, -1,
      194, 478, 99, -1,
      99, 478, 479, -1,
      99, 479, 306, -1,
      306, 479, 304, -1,
      304, 479, 480, -1,
      304, 480, 315, -1,
      315, 480, 463, -1,
      465, 464, 480, -1,
      480, 464, 463, -1,
      465, 480, 466, -1,
      466, 480, 479, -1,
      473, 479, 478, -1,
      478, 477, 473, -1,
      473, 477, 476, -1,
      473, 476, 474, -1,
      474, 476, 475, -1,
      479, 473, 466, -1,
      466, 473, 472, -1,
      466, 472, 471, -1,
      468, 467, 469, -1,
      469, 467, 466, -1,
      469, 466, 470, -1,
      470, 466, 471, -1,
      481, 482, 322, -1,
      322, 482, 321, -1,
      321, 482, 257, -1,
      257, 482, 483, -1,
      257, 483, 285, -1,
      285, 483, 484, -1,
      285, 484, 485, -1,
      285, 485, 183, -1,
      183, 485, 486, -1,
      183, 486, 184, -1,
      184, 486, 487, -1,
      184, 487, 185, -1,
      185, 487, 488, -1,
      185, 488, 286, -1,
      286, 488, 489, -1,
      286, 489, 287, -1,
      287, 489, 490, -1,
      287, 490, 288, -1,
      490, 491, 288, -1,
      288, 491, 139, -1,
      139, 491, 492, -1,
      139, 492, 140, -1,
      140, 492, 493, -1,
      140, 493, 141, -1,
      141, 493, 494, -1,
      141, 494, 142, -1,
      142, 494, 495, -1,
      142, 495, 143, -1,
      143, 495, 496, -1,
      143, 496, 258, -1,
      258, 496, 497, -1,
      258, 497, 186, -1,
      186, 497, 187, -1,
      187, 497, 498, -1,
      187, 498, 322, -1,
      322, 498, 481, -1,
      483, 482, 498, -1,
      498, 482, 481, -1,
      483, 498, 484, -1,
      484, 498, 497, -1,
      484, 490, 489, -1,
      490, 484, 491, -1,
      491, 484, 497, -1,
      491, 497, 492, -1,
      496, 495, 494, -1,
      489, 488, 484, -1,
      484, 488, 487, -1,
      484, 487, 485, -1,
      485, 487, 486, -1,
      496, 494, 497, -1,
      497, 494, 493, -1,
      497, 493, 492, -1,
      499, 500, 319, -1,
      319, 500, 320, -1,
      320, 500, 181, -1,
      181, 500, 501, -1,
      181, 501, 251, -1,
      251, 501, 502, -1,
      251, 502, 503, -1,
      251, 503, 134, -1,
      134, 503, 504, -1,
      134, 504, 136, -1,
      136, 504, 505, -1,
      136, 505, 137, -1,
      137, 505, 506, -1,
      137, 506, 138, -1,
      138, 506, 507, -1,
      138, 507, 252, -1,
      252, 507, 508, -1,
      252, 508, 253, -1,
      508, 509, 253, -1,
      253, 509, 254, -1,
      254, 509, 510, -1,
      254, 510, 57, -1,
      57, 510, 511, -1,
      57, 511, 14, -1,
      14, 511, 512, -1,
      14, 512, 15, -1,
      15, 512, 513, -1,
      15, 513, 182, -1,
      182, 513, 514, -1,
      182, 514, 284, -1,
      284, 514, 515, -1,
      284, 515, 255, -1,
      255, 515, 256, -1,
      256, 515, 516, -1,
      256, 516, 319, -1,
      319, 516, 499, -1,
      501, 500, 516, -1,
      516, 500, 499, -1,
      502, 501, 516, -1,
      516, 515, 509, -1,
      509, 515, 514, -1,
      511, 510, 512, -1,
      512, 510, 509, -1,
      512, 509, 513, -1,
      513, 509, 514, -1,
      516, 509, 502, -1,
      502, 509, 508, -1,
      502, 508, 507, -1,
      504, 503, 505, -1,
      505, 503, 502, -1,
      505, 502, 506, -1,
      506, 502, 507, -1,
      517, 518, 324, -1,
      324, 518, 323, -1,
      323, 518, 10, -1,
      10, 518, 519, -1,
      10, 519, 11, -1,
      11, 519, 520, -1,
      11, 520, 521, -1,
      11, 521, 12, -1,
      12, 521, 522, -1,
      12, 522, 13, -1,
      13, 522, 523, -1,
      13, 523, 36, -1,
      36, 523, 524, -1,
      36, 524, 37, -1,
      37, 524, 525, -1,
      37, 525, 38, -1,
      38, 525, 526, -1,
      38, 526, 132, -1,
      526, 527, 132, -1,
      132, 527, 133, -1,
      133, 527, 528, -1,
      133, 528, 94, -1,
      94, 528, 529, -1,
      94, 529, 95, -1,
      95, 529, 530, -1,
      95, 530, 96, -1,
      96, 530, 531, -1,
      96, 531, 135, -1,
      135, 531, 532, -1,
      135, 532, 250, -1,
      250, 532, 533, -1,
      250, 533, 179, -1,
      179, 533, 180, -1,
      180, 533, 534, -1,
      180, 534, 324, -1,
      324, 534, 517, -1,
      519, 518, 534, -1,
      534, 518, 517, -1,
      519, 534, 520, -1,
      520, 534, 533, -1,
      525, 524, 523, -1,
      529, 533, 530, -1,
      530, 533, 532, -1,
      530, 532, 531, -1,
      529, 528, 533, -1,
      533, 528, 527, -1,
      533, 527, 520, -1,
      520, 527, 526, -1,
      520, 526, 521, -1,
      521, 526, 525, -1,
      521, 525, 522, -1,
      522, 525, 523, -1,
      334, 535, 325, -1,
      325, 535, 536, -1,
      64, 537, 63, -1,
      63, 537, 538, -1,
      63, 538, 334, -1,
      334, 538, 535, -1,
      325, 536, 211, -1,
      211, 536, 539, -1,
      211, 539, 269, -1,
      269, 539, 540, -1,
      269, 540, 541, -1,
      269, 541, 206, -1,
      206, 541, 542, -1,
      206, 542, 3, -1,
      3, 542, 543, -1,
      3, 543, 4, -1,
      4, 543, 544, -1,
      4, 544, 62, -1,
      62, 544, 545, -1,
      62, 545, 61, -1,
      61, 545, 546, -1,
      61, 546, 212, -1,
      546, 547, 212, -1,
      212, 547, 213, -1,
      213, 547, 548, -1,
      213, 548, 214, -1,
      214, 548, 549, -1,
      214, 549, 215, -1,
      215, 549, 550, -1,
      215, 550, 216, -1,
      216, 550, 551, -1,
      216, 551, 217, -1,
      217, 551, 552, -1,
      217, 552, 65, -1,
      65, 552, 537, -1,
      65, 537, 64, -1,
      539, 536, 538, -1,
      538, 536, 535, -1,
      540, 539, 538, -1,
      547, 538, 537, -1,
      545, 544, 540, -1,
      537, 552, 547, -1,
      547, 552, 551, -1,
      547, 551, 548, -1,
      548, 551, 550, -1,
      548, 550, 549, -1,
      538, 547, 540, -1,
      540, 547, 546, -1,
      540, 546, 545, -1,
      544, 543, 540, -1,
      540, 543, 542, -1,
      540, 542, 541, -1,
      553, 554, 327, -1,
      327, 554, 328, -1,
      328, 554, 267, -1,
      267, 554, 555, -1,
      267, 555, 295, -1,
      295, 555, 556, -1,
      295, 556, 557, -1,
      295, 557, 157, -1,
      157, 557, 558, -1,
      157, 558, 156, -1,
      156, 558, 559, -1,
      156, 559, 44, -1,
      44, 559, 560, -1,
      44, 560, 43, -1,
      43, 560, 561, -1,
      43, 561, 42, -1,
      42, 561, 562, -1,
      42, 562, 158, -1,
      562, 563, 158, -1,
      158, 563, 159, -1,
      159, 563, 564, -1,
      159, 564, 160, -1,
      160, 564, 565, -1,
      160, 565, 5, -1,
      5, 565, 566, -1,
      5, 566, 207, -1,
      207, 566, 567, -1,
      207, 567, 208, -1,
      208, 567, 568, -1,
      208, 568, 268, -1,
      268, 568, 569, -1,
      268, 569, 209, -1,
      209, 569, 210, -1,
      210, 569, 570, -1,
      210, 570, 327, -1,
      327, 570, 553, -1,
      555, 554, 570, -1,
      570, 554, 553, -1,
      556, 555, 570, -1,
      569, 568, 563, -1,
      563, 568, 567, -1,
      563, 567, 564, -1,
      564, 567, 566, -1,
      564, 566, 565, -1,
      558, 557, 562, -1,
      562, 557, 556, -1,
      562, 556, 563, -1,
      563, 556, 570, -1,
      563, 570, 569, -1,
      558, 562, 559, -1,
      559, 562, 561, -1,
      559, 561, 560, -1,
      571, 572, 331, -1,
      331, 572, 326, -1,
      326, 572, 264, -1,
      264, 572, 573, -1,
      264, 573, 293, -1,
      293, 573, 574, -1,
      293, 574, 575, -1,
      293, 575, 150, -1,
      150, 575, 576, -1,
      150, 576, 151, -1,
      151, 576, 577, -1,
      151, 577, 104, -1,
      104, 577, 578, -1,
      104, 578, 105, -1,
      105, 578, 579, -1,
      105, 579, 106, -1,
      106, 579, 580, -1,
      106, 580, 107, -1,
      580, 581, 107, -1,
      107, 581, 108, -1,
      108, 581, 582, -1,
      108, 582, 109, -1,
      109, 582, 583, -1,
      109, 583, 110, -1,
      110, 583, 584, -1,
      110, 584, 154, -1,
      154, 584, 585, -1,
      154, 585, 155, -1,
      155, 585, 586, -1,
      155, 586, 294, -1,
      294, 586, 587, -1,
      294, 587, 265, -1,
      265, 587, 266, -1,
      266, 587, 588, -1,
      266, 588, 331, -1,
      331, 588, 571, -1,
      573, 572, 588, -1,
      588, 572, 571, -1,
      574, 573, 580, -1,
      580, 573, 588, -1,
      580, 588, 587, -1,
      578, 577, 576, -1,
      580, 579, 574, -1,
      574, 579, 578, -1,
      574, 578, 575, -1,
      575, 578, 576, -1,
      586, 582, 587, -1,
      587, 582, 581, -1,
      587, 581, 580, -1,
      586, 585, 582, -1,
      582, 585, 584, -1,
      582, 584, 583, -1,
      589, 590, 332, -1,
      332, 590, 329, -1,
      329, 590, 200, -1,
      200, 590, 591, -1,
      200, 591, 261, -1,
      261, 591, 592, -1,
      261, 592, 593, -1,
      261, 593, 195, -1,
      195, 593, 594, -1,
      195, 594, 201, -1,
      201, 594, 595, -1,
      201, 595, 100, -1,
      100, 595, 596, -1,
      100, 596, 101, -1,
      101, 596, 597, -1,
      101, 597, 102, -1,
      102, 597, 598, -1,
      102, 598, 103, -1,
      598, 599, 103, -1,
      103, 599, 203, -1,
      203, 599, 600, -1,
      203, 600, 204, -1,
      204, 600, 601, -1,
      204, 601, 205, -1,
      205, 601, 602, -1,
      205, 602, 153, -1,
      153, 602, 603, -1,
      153, 603, 152, -1,
      152, 603, 604, -1,
      152, 604, 292, -1,
      292, 604, 605, -1,
      292, 605, 262, -1,
      262, 605, 263, -1,
      263, 605, 606, -1,
      263, 606, 332, -1,
      332, 606, 589, -1,
      591, 590, 606, -1,
      606, 590, 589, -1,
      592, 591, 606, -1,
      593, 592, 598, -1,
      598, 592, 599, -1,
      599, 592, 606, -1,
      599, 606, 605, -1,
      596, 595, 594, -1,
      605, 604, 599, -1,
      599, 604, 603, -1,
      599, 603, 600, -1,
      600, 603, 602, -1,
      600, 602, 601, -1,
      593, 598, 594, -1,
      594, 598, 597, -1,
      594, 597, 596, -1,
      607, 608, 330, -1,
      330, 608, 333, -1,
      333, 608, 21, -1,
      21, 608, 609, -1,
      21, 609, 22, -1,
      22, 609, 610, -1,
      22, 610, 611, -1,
      22, 611, 39, -1,
      39, 611, 612, -1,
      39, 612, 40, -1,
      40, 612, 613, -1,
      40, 613, 41, -1,
      41, 613, 614, -1,
      41, 614, 23, -1,
      23, 614, 615, -1,
      23, 615, 24, -1,
      24, 615, 616, -1,
      24, 616, 147, -1,
      616, 617, 147, -1,
      147, 617, 148, -1,
      148, 617, 618, -1,
      148, 618, 149, -1,
      149, 618, 619, -1,
      149, 619, 202, -1,
      202, 619, 620, -1,
      202, 620, 196, -1,
      196, 620, 621, -1,
      196, 621, 197, -1,
      197, 621, 622, -1,
      197, 622, 260, -1,
      260, 622, 623, -1,
      260, 623, 198, -1,
      198, 623, 199, -1,
      199, 623, 624, -1,
      199, 624, 330, -1,
      330, 624, 607, -1,
      609, 608, 624, -1,
      624, 608, 607, -1,
      609, 624, 610, -1,
      610, 624, 623, -1,
      615, 614, 610, -1,
      614, 613, 610, -1,
      610, 613, 612, -1,
      610, 612, 611, -1,
      622, 618, 623, -1,
      623, 618, 617, -1,
      623, 617, 610, -1,
      610, 617, 616, -1,
      610, 616, 615, -1,
      622, 621, 618, -1,
      618, 621, 620, -1,
      618, 620, 619, -1,
      338, 625, 337, -1,
      337, 625, 626, -1,
      1, 627, 0, -1,
      0, 627, 628, -1,
      0, 628, 338, -1,
      338, 628, 625, -1,
      337, 626, 231, -1,
      231, 626, 629, -1,
      231, 629, 273, -1,
      273, 629, 630, -1,
      273, 630, 631, -1,
      273, 631, 117, -1,
      117, 631, 632, -1,
      117, 632, 116, -1,
      116, 632, 633, -1,
      116, 633, 83, -1,
      83, 633, 634, -1,
      83, 634, 84, -1,
      84, 634, 635, -1,
      84, 635, 85, -1,
      85, 635, 636, -1,
      85, 636, 47, -1,
      636, 637, 47, -1,
      47, 637, 46, -1,
      46, 637, 638, -1,
      46, 638, 45, -1,
      45, 638, 639, -1,
      45, 639, 48, -1,
      48, 639, 640, -1,
      48, 640, 49, -1,
      49, 640, 641, -1,
      49, 641, 50, -1,
      50, 641, 642, -1,
      50, 642, 2, -1,
      2, 642, 627, -1,
      2, 627, 1, -1,
      629, 626, 628, -1,
      628, 626, 625, -1,
      631, 630, 636, -1,
      636, 630, 629, -1,
      636, 629, 637, -1,
      637, 629, 628, -1,
      637, 628, 627, -1,
      638, 637, 639, -1,
      639, 637, 640, -1,
      627, 642, 637, -1,
      637, 642, 641, -1,
      637, 641, 640, -1,
      636, 635, 631, -1,
      631, 635, 634, -1,
      631, 634, 632, -1,
      632, 634, 633, -1,
      643, 644, 335, -1,
      335, 644, 336, -1,
      336, 644, 298, -1,
      298, 644, 645, -1,
      298, 645, 312, -1,
      312, 645, 646, -1,
      312, 646, 647, -1,
      312, 647, 228, -1,
      228, 647, 648, -1,
      228, 648, 227, -1,
      227, 648, 649, -1,
      227, 649, 76, -1,
      76, 649, 650, -1,
      76, 650, 77, -1,
      77, 650, 651, -1,
      77, 651, 78, -1,
      78, 651, 652, -1,
      78, 652, 79, -1,
      652, 653, 79, -1,
      79, 653, 80, -1,
      80, 653, 654, -1,
      80, 654, 81, -1,
      81, 654, 655, -1,
      81, 655, 82, -1,
      82, 655, 656, -1,
      82, 656, 114, -1,
      114, 656, 657, -1,
      114, 657, 115, -1,
      115, 657, 658, -1,
      115, 658, 272, -1,
      272, 658, 659, -1,
      272, 659, 229, -1,
      229, 659, 230, -1,
      230, 659, 660, -1,
      230, 660, 335, -1,
      335, 660, 643, -1,
      645, 644, 660, -1,
      660, 644, 643, -1,
      653, 660, 659, -1,
      660, 653, 645, -1,
      645, 653, 652, -1,
      645, 652, 646, -1,
      646, 652, 651, -1,
      646, 651, 650, -1,
      653, 656, 654, -1,
      654, 656, 655, -1,
      649, 648, 650, -1,
      650, 648, 647, -1,
      650, 647, 646, -1,
      659, 658, 653, -1,
      653, 658, 657, -1,
      653, 657, 656, -1,
      661, 662, 342, -1,
      342, 662, 341, -1,
      341, 662, 220, -1,
      220, 662, 663, -1,
      220, 663, 271, -1,
      271, 663, 664, -1,
      271, 664, 665, -1,
      271, 665, 111, -1,
      111, 665, 666, -1,
      111, 666, 112, -1,
      112, 666, 667, -1,
      112, 667, 113, -1,
      113, 667, 668, -1,
      113, 668, 75, -1,
      75, 668, 669, -1,
      75, 669, 73, -1,
      73, 669, 670, -1,
      73, 670, 221, -1,
      670, 671, 221, -1,
      221, 671, 222, -1,
      222, 671, 672, -1,
      222, 672, 223, -1,
      223, 672, 673, -1,
      223, 673, 224, -1,
      224, 673, 674, -1,
      224, 674, 225, -1,
      225, 674, 675, -1,
      225, 675, 226, -1,
      226, 675, 676, -1,
      226, 676, 311, -1,
      311, 676, 677, -1,
      311, 677, 296, -1,
      296, 677, 297, -1,
      297, 677, 678, -1,
      297, 678, 342, -1,
      342, 678, 661, -1,
      663, 662, 678, -1,
      678, 662, 661, -1,
      663, 678, 670, -1,
      670, 678, 677, -1,
      663, 670, 664, -1,
      664, 670, 669, -1,
      664, 669, 668, -1,
      676, 672, 677, -1,
      677, 672, 671, -1,
      677, 671, 670, -1,
      667, 666, 668, -1,
      668, 666, 665, -1,
      668, 665, 664, -1,
      675, 674, 676, -1,
      676, 674, 673, -1,
      676, 673, 672, -1,
      679, 680, 339, -1,
      339, 680, 340, -1,
      340, 680, 67, -1,
      67, 680, 681, -1,
      67, 681, 69, -1,
      69, 681, 682, -1,
      69, 682, 683, -1,
      69, 683, 70, -1,
      70, 683, 684, -1,
      70, 684, 25, -1,
      25, 684, 685, -1,
      25, 685, 26, -1,
      26, 685, 686, -1,
      26, 686, 27, -1,
      27, 686, 687, -1,
      27, 687, 28, -1,
      28, 687, 688, -1,
      28, 688, 29, -1,
      688, 689, 29, -1,
      29, 689, 30, -1,
      30, 689, 690, -1,
      30, 690, 31, -1,
      31, 690, 691, -1,
      31, 691, 71, -1,
      71, 691, 692, -1,
      71, 692, 72, -1,
      72, 692, 693, -1,
      72, 693, 74, -1,
      74, 693, 694, -1,
      74, 694, 270, -1,
      270, 694, 695, -1,
      270, 695, 218, -1,
      218, 695, 219, -1,
      219, 695, 696, -1,
      219, 696, 339, -1,
      339, 696, 679, -1,
      681, 680, 696, -1,
      696, 680, 679, -1,
      689, 688, 681, -1,
      681, 696, 689, -1,
      689, 696, 695, -1,
      689, 695, 694, -1,
      687, 683, 688, -1,
      688, 683, 682, -1,
      688, 682, 681, -1,
      687, 686, 683, -1,
      683, 686, 685, -1,
      683, 685, 684, -1,
      694, 693, 689, -1,
      689, 693, 692, -1,
      689, 692, 690, -1,
      690, 692, 691, -1,
      697, 698, 344, -1,
      344, 698, 343, -1,
      343, 698, 88, -1,
      88, 698, 699, -1,
      88, 699, 278, -1,
      278, 699, 700, -1,
      278, 700, 701, -1,
      278, 701, 702, -1,
      702, 701, 703, -1,
      702, 703, 704, -1,
      704, 703, 705, -1,
      704, 705, 706, -1,
      706, 705, 707, -1,
      706, 707, 708, -1,
      708, 707, 709, -1,
      708, 709, 710, -1,
      710, 709, 711, -1,
      710, 711, 712, -1,
      712, 711, 713, -1,
      712, 713, 236, -1,
      713, 714, 236, -1,
      236, 714, 237, -1,
      237, 714, 715, -1,
      237, 715, 238, -1,
      238, 715, 716, -1,
      238, 716, 92, -1,
      92, 716, 717, -1,
      92, 717, 91, -1,
      91, 717, 718, -1,
      91, 718, 90, -1,
      90, 718, 719, -1,
      90, 719, 93, -1,
      93, 719, 720, -1,
      93, 720, 68, -1,
      68, 720, 66, -1,
      66, 720, 721, -1,
      66, 721, 344, -1,
      344, 721, 697, -1,
      699, 698, 721, -1,
      721, 698, 697, -1,
      707, 705, 703, -1,
      716, 715, 717, -1,
      717, 715, 714, -1,
      717, 714, 718, -1,
      699, 713, 700, -1,
      700, 713, 711, -1,
      711, 709, 700, -1,
      700, 709, 707, -1,
      700, 707, 701, -1,
      701, 707, 703, -1,
      699, 721, 713, -1,
      713, 721, 720, -1,
      713, 720, 714, -1,
      714, 720, 719, -1,
      714, 719, 718, -1,
    ]
  }
}

Shape {
  appearance Appearance {
    material Material {
      diffuseColor 1.0000 1.0000 1.0000
      specularColor 0.5020 0.5020 0.5020
      ambientIntensity 0.2
      transparency 0.0000
      shininess 0.5
    }
  }
  geometry IndexedFaceSet {
    ccw TRUE
    solid FALSE
    coord DEF co Coordinate {
      point [
        0.357558 -0.449591 0.354331,
        0.360394 -0.449244 0.354331,
        0.367121 -0.486711 0.354331,
        0.364742 -0.486939 0.354331,
        0.393949 -0.469930 0.354331,
        0.383938 -0.469930 0.354331,
        0.393949 -0.482400 0.354331,
        0.383938 -0.482400 0.354331,
        0.398246 -0.449557 0.354331,
        0.393949 -0.449557 0.354331,
        0.398246 -0.453821 0.354331,
        0.399090 -0.482400 0.354331,
        0.399090 -0.486626 0.354331,
        0.397195 -0.469930 0.354331,
        0.397195 -0.465685 0.354331,
        0.393949 -0.465685 0.354331,
        0.393949 -0.453821 0.354331,
        0.383938 -0.453821 0.354331,
        0.383938 -0.465685 0.354331,
        0.379153 -0.449557 0.354331,
        0.379153 -0.486626 0.354331,
        0.371733 -0.450448 0.354331,
        0.367847 -0.449320 0.354331,
        0.366897 -0.449244 0.354331,
        0.393949 -0.486626 0.354331,
        0.371733 -0.455451 0.354331,
        0.371101 -0.485406 0.354331,
        0.363906 -0.482922 0.354331,
        0.368096 -0.482139 0.354331,
        0.371733 -0.480504 0.354331,
        0.371733 -0.485091 0.354331,
        0.367561 -0.453797 0.354331,
        0.362997 -0.453252 0.354331,
        0.349001 -0.468508 0.354331,
        0.350832 -0.476572 0.354331,
        0.352640 -0.479083 0.354331,
        0.353367 -0.479802 0.354331,
        0.355788 -0.481515 0.354331,
        0.358429 -0.482536 0.354331,
        0.362163 -0.482987 0.354331,
        0.352896 -0.457365 0.354331,
        0.350874 -0.460176 0.354331,
        0.355420 -0.455281 0.354331,
        0.358335 -0.453931 0.354331,
        0.361561 -0.453310 0.354331,
        0.349625 -0.463366 0.354331,
        0.371321 -0.455228 0.354331,
        0.349041 -0.469873 0.354331,
        0.349634 -0.473583 0.354331,
        0.362950 -0.448931 0.354331,
        0.363002 -0.448931 0.354331,
        0.346645 -0.457902 0.354331,
        0.349333 -0.454389 0.354331,
        0.350223 -0.453539 0.354331,
        0.353689 -0.451101 0.354331,
        0.345637 -0.477200 0.354331,
        0.344724 -0.474879 0.354331,
        0.343979 -0.468793 0.354331,
        0.344044 -0.466859 0.354331,
        0.344885 -0.462020 0.354331,
        0.345637 -0.460258 0.354331,
        0.351719 -0.484669 0.354331,
        0.348736 -0.482191 0.354331,
        0.346241 -0.478735 0.354331,
        0.361471 -0.487251 0.354331,
        0.359235 -0.487146 0.354331,
        0.358229 -0.486939 0.354331,
        0.355217 -0.486319 0.354331,
        0.435265 -0.474312 0.354331,
        0.433441 -0.478146 0.354331,
        0.423073 -0.450454 0.354331,
        0.426800 -0.451815 0.354331,
        0.423073 -0.485673 0.354331,
        0.426846 -0.484190 0.354331,
        0.430682 -0.481433 0.354331,
        0.430682 -0.454465 0.354331,
        0.431967 -0.455720 0.354331,
        0.434268 -0.458946 0.354331,
        0.435646 -0.462474 0.354331,
        0.436272 -0.467618 0.354331,
        0.436162 -0.469970 0.354331,
        0.416667 -0.449557 0.354331,
        0.422326 -0.450181 0.354331,
        0.422628 -0.485848 0.354331,
        0.416288 -0.486626 0.354331,
        0.406093 -0.486626 0.354331,
        0.406093 -0.449557 0.354331,
        0.342463 -0.482400 0.354331,
        0.342463 -0.486626 0.354331,
        0.322915 -0.486626 0.354331,
        0.322915 -0.449557 0.354331,
        0.327700 -0.449557 0.354331,
        0.327700 -0.482400 0.354331,
        0.342463 -0.482400 0.358268,
        0.342463 -0.486626 0.358268,
        0.327700 -0.482400 0.358268,
        0.327700 -0.449557 0.358268,
        0.322915 -0.449557 0.358268,
        0.322915 -0.486626 0.358268,
        0.361471 -0.487251 0.358268,
        0.367121 -0.486711 0.358268,
        0.371101 -0.485406 0.358268,
        0.371733 -0.485091 0.358268,
        0.371733 -0.480504 0.358268,
        0.368096 -0.482139 0.358268,
        0.363906 -0.482922 0.358268,
        0.362163 -0.482987 0.358268,
        0.358429 -0.482536 0.358268,
        0.355788 -0.481515 0.358268,
        0.353367 -0.479802 0.358268,
        0.352640 -0.479083 0.358268,
        0.350832 -0.476572 0.358268,
        0.349634 -0.473583 0.358268,
        0.349041 -0.469873 0.358268,
        0.349001 -0.468508 0.358268,
        0.349625 -0.463366 0.358268,
        0.350874 -0.460176 0.358268,
        0.352896 -0.457365 0.358268,
        0.355420 -0.455281 0.358268,
        0.358335 -0.453931 0.358268,
        0.361561 -0.453310 0.358268,
        0.362997 -0.453252 0.358268,
        0.367561 -0.453797 0.358268,
        0.371321 -0.455228 0.358268,
        0.371733 -0.455451 0.358268,
        0.371733 -0.450448 0.358268,
        0.362950 -0.448931 0.358268,
        0.363002 -0.448931 0.358268,
        0.367847 -0.449320 0.358268,
        0.357558 -0.449591 0.358268,
        0.353689 -0.451101 0.358268,
        0.350223 -0.453539 0.358268,
        0.349333 -0.454389 0.358268,
        0.346645 -0.457902 0.358268,
        0.344885 -0.462020 0.358268,
        0.344044 -0.466859 0.358268,
        0.343979 -0.468793 0.358268,
        0.348736 -0.482191 0.358268,
        0.346241 -0.478735 0.358268,
        0.344724 -0.474879 0.358268,
        0.359235 -0.487146 0.358268,
        0.351719 -0.484669 0.358268,
        0.355217 -0.486319 0.358268,
        0.399090 -0.482400 0.358268,
        0.399090 -0.486626 0.358268,
        0.383938 -0.482400 0.358268,
        0.383938 -0.469930 0.358268,
        0.397195 -0.469930 0.358268,
        0.397195 -0.465685 0.358268,
        0.383938 -0.465685 0.358268,
        0.383938 -0.453821 0.358268,
        0.398246 -0.453821 0.358268,
        0.398246 -0.449557 0.358268,
        0.379153 -0.449557 0.358268,
        0.379153 -0.486626 0.358268,
        0.429126 -0.476242 0.358268,
        0.427280 -0.478533 0.358268,
        0.430682 -0.481433 0.358268,
        0.426599 -0.479152 0.358268,
        0.426846 -0.484190 0.358268,
        0.424144 -0.480760 0.358268,
        0.422628 -0.485848 0.358268,
        0.420975 -0.481891 0.358268,
        0.416288 -0.486626 0.358268,
        0.416260 -0.482400 0.358268,
        0.406093 -0.486626 0.358268,
        0.410878 -0.482400 0.358268,
        0.406093 -0.449557 0.358268,
        0.410878 -0.453821 0.358268,
        0.416667 -0.449557 0.358268,
        0.416478 -0.453821 0.358268,
        0.422326 -0.450181 0.358268,
        0.421246 -0.454346 0.358268,
        0.426800 -0.451815 0.358268,
        0.424462 -0.455506 0.358268,
        0.430682 -0.454465 0.358268,
        0.427176 -0.457308 0.358268,
        0.431967 -0.455720 0.358268,
        0.428181 -0.458295 0.358268,
        0.434268 -0.458946 0.358268,
        0.429625 -0.460365 0.358268,
        0.435646 -0.462474 0.358268,
        0.430677 -0.463057 0.358268,
        0.436272 -0.467618 0.358268,
        0.431241 -0.467750 0.358268,
        0.436162 -0.469970 0.358268,
        0.431119 -0.470091 0.358268,
        0.435265 -0.474312 0.358268,
        0.430401 -0.473488 0.358268,
        0.433441 -0.478146 0.358268,
        0.416478 -0.453821 0.354331,
        0.410878 -0.453821 0.354331,
        0.410878 -0.482400 0.354331,
        0.416260 -0.482400 0.354331,
        0.427280 -0.478533 0.354331,
        0.426599 -0.479152 0.354331,
        0.424144 -0.480760 0.354331,
        0.420975 -0.481891 0.354331,
        0.431241 -0.467750 0.354331,
        0.431119 -0.470091 0.354331,
        0.430401 -0.473488 0.354331,
        0.429126 -0.476242 0.354331,
        0.427176 -0.457308 0.354331,
        0.428181 -0.458295 0.354331,
        0.429625 -0.460365 0.354331,
        0.430677 -0.463057 0.354331,
        0.421246 -0.454346 0.354331,
        0.424462 -0.455506 0.354331,
      ]
    }
    coordIndex [
      93, 94, 87, -1,
      87, 94, 88, -1,
      95, 93, 92, -1,
      92, 93, 87, -1,
      96, 95, 91, -1,
      91, 95, 92, -1,
      97, 96, 90, -1,
      90, 96, 91, -1,
      98, 97, 89, -1,
      89, 97, 90, -1,
      94, 98, 88, -1,
      88, 98, 89, -1,
      96, 97, 95, -1,
      95, 97, 98, -1,
      95, 98, 93, -1,
      93, 98, 94, -1,
      99, 64, 100, -1,
      100, 64, 3, -1,
      3, 2, 100, -1,
      100, 2, 26, -1,
      100, 26, 101, -1,
      101, 26, 30, -1,
      101, 30, 102, -1,
      103, 102, 29, -1,
      29, 102, 30, -1,
      103, 29, 28, -1,
      103, 28, 104, -1,
      104, 28, 27, -1,
      104, 27, 105, -1,
      105, 27, 39, -1,
      105, 39, 106, -1,
      106, 39, 38, -1,
      106, 38, 107, -1,
      107, 38, 37, -1,
      107, 37, 108, -1,
      108, 37, 36, -1,
      108, 36, 109, -1,
      109, 36, 35, -1,
      109, 35, 110, -1,
      110, 35, 34, -1,
      110, 34, 111, -1,
      111, 34, 48, -1,
      111, 48, 112, -1,
      112, 48, 47, -1,
      112, 47, 113, -1,
      113, 47, 33, -1,
      113, 33, 114, -1,
      114, 33, 45, -1,
      114, 45, 115, -1,
      115, 45, 41, -1,
      115, 41, 116, -1,
      116, 41, 40, -1,
      116, 40, 117, -1,
      117, 40, 42, -1,
      117, 42, 118, -1,
      118, 42, 43, -1,
      118, 43, 119, -1,
      119, 43, 44, -1,
      119, 44, 120, -1,
      120, 44, 32, -1,
      120, 32, 121, -1,
      121, 32, 31, -1,
      121, 31, 122, -1,
      122, 31, 46, -1,
      122, 46, 123, -1,
      123, 46, 25, -1,
      123, 25, 124, -1,
      125, 124, 21, -1,
      21, 124, 25, -1,
      49, 126, 127, -1,
      125, 21, 22, -1,
      125, 22, 128, -1,
      128, 22, 23, -1,
      128, 23, 127, -1,
      127, 23, 50, -1,
      127, 50, 49, -1,
      126, 49, 1, -1,
      126, 1, 129, -1,
      1, 0, 129, -1,
      129, 0, 54, -1,
      129, 54, 130, -1,
      130, 54, 53, -1,
      130, 53, 131, -1,
      131, 53, 52, -1,
      131, 52, 132, -1,
      132, 52, 51, -1,
      132, 51, 133, -1,
      133, 51, 60, -1,
      133, 60, 134, -1,
      60, 59, 134, -1,
      134, 59, 58, -1,
      134, 58, 135, -1,
      135, 58, 57, -1,
      135, 57, 136, -1,
      62, 137, 138, -1,
      136, 57, 56, -1,
      136, 56, 139, -1,
      139, 56, 55, -1,
      139, 55, 138, -1,
      138, 55, 63, -1,
      138, 63, 62, -1,
      64, 99, 140, -1,
      137, 62, 61, -1,
      137, 61, 141, -1,
      141, 61, 67, -1,
      141, 67, 142, -1,
      142, 67, 66, -1,
      142, 66, 140, -1,
      140, 66, 65, -1,
      140, 65, 64, -1,
      123, 124, 125, -1,
      118, 131, 117, -1,
      117, 131, 132, -1,
      117, 132, 116, -1,
      116, 132, 133, -1,
      116, 133, 115, -1,
      123, 125, 122, -1,
      122, 125, 128, -1,
      122, 128, 121, -1,
      121, 128, 127, -1,
      121, 127, 120, -1,
      120, 127, 126, -1,
      120, 126, 119, -1,
      119, 126, 129, -1,
      119, 129, 118, -1,
      118, 129, 130, -1,
      118, 130, 131, -1,
      136, 114, 135, -1,
      135, 114, 115, -1,
      135, 115, 134, -1,
      134, 115, 133, -1,
      102, 103, 101, -1,
      101, 103, 104, -1,
      101, 104, 100, -1,
      100, 104, 105, -1,
      100, 105, 99, -1,
      99, 105, 106, -1,
      99, 106, 140, -1,
      140, 106, 107, -1,
      140, 107, 142, -1,
      142, 107, 108, -1,
      142, 108, 141, -1,
      141, 108, 109, -1,
      141, 109, 137, -1,
      137, 109, 110, -1,
      137, 110, 138, -1,
      138, 110, 111, -1,
      138, 111, 139, -1,
      139, 111, 112, -1,
      139, 112, 136, -1,
      136, 112, 113, -1,
      136, 113, 114, -1,
      143, 144, 11, -1,
      11, 144, 12, -1,
      7, 145, 6, -1,
      6, 145, 143, -1,
      6, 143, 11, -1,
      146, 145, 5, -1,
      5, 145, 7, -1,
      146, 5, 147, -1,
      147, 5, 4, -1,
      147, 4, 13, -1,
      148, 147, 14, -1,
      14, 147, 13, -1,
      18, 149, 15, -1,
      15, 149, 148, -1,
      15, 148, 14, -1,
      150, 149, 17, -1,
      17, 149, 18, -1,
      150, 17, 151, -1,
      151, 17, 16, -1,
      151, 16, 10, -1,
      152, 151, 8, -1,
      8, 151, 10, -1,
      19, 153, 9, -1,
      9, 153, 152, -1,
      9, 152, 8, -1,
      154, 153, 20, -1,
      20, 153, 19, -1,
      154, 20, 144, -1,
      144, 20, 24, -1,
      144, 24, 12, -1,
      154, 144, 143, -1,
      143, 145, 154, -1,
      154, 145, 146, -1,
      154, 146, 153, -1,
      151, 152, 150, -1,
      150, 152, 153, -1,
      150, 153, 149, -1,
      149, 153, 146, -1,
      149, 146, 148, -1,
      148, 146, 147, -1,
      155, 156, 157, -1,
      157, 156, 158, -1,
      157, 158, 159, -1,
      159, 158, 160, -1,
      159, 160, 161, -1,
      161, 160, 162, -1,
      161, 162, 163, -1,
      163, 162, 164, -1,
      163, 164, 165, -1,
      165, 164, 166, -1,
      165, 166, 167, -1,
      167, 166, 168, -1,
      167, 168, 169, -1,
      169, 168, 170, -1,
      169, 170, 171, -1,
      171, 170, 172, -1,
      171, 172, 173, -1,
      173, 172, 174, -1,
      173, 174, 175, -1,
      175, 174, 176, -1,
      175, 176, 177, -1,
      177, 176, 178, -1,
      177, 178, 179, -1,
      179, 178, 180, -1,
      179, 180, 181, -1,
      181, 180, 182, -1,
      181, 182, 183, -1,
      183, 182, 184, -1,
      183, 184, 185, -1,
      185, 184, 186, -1,
      185, 186, 187, -1,
      187, 186, 188, -1,
      187, 188, 189, -1,
      189, 188, 155, -1,
      189, 155, 157, -1,
      163, 165, 84, -1,
      84, 165, 85, -1,
      74, 157, 159, -1,
      163, 84, 83, -1,
      163, 83, 161, -1,
      161, 83, 72, -1,
      161, 72, 159, -1,
      159, 72, 73, -1,
      159, 73, 74, -1,
      157, 74, 69, -1,
      157, 69, 189, -1,
      189, 69, 68, -1,
      189, 68, 187, -1,
      187, 68, 80, -1,
      187, 80, 185, -1,
      185, 80, 79, -1,
      185, 79, 183, -1,
      183, 79, 78, -1,
      183, 78, 181, -1,
      181, 78, 77, -1,
      181, 77, 179, -1,
      179, 77, 76, -1,
      179, 76, 177, -1,
      177, 76, 75, -1,
      177, 75, 175, -1,
      81, 169, 171, -1,
      175, 75, 71, -1,
      175, 71, 173, -1,
      173, 71, 70, -1,
      173, 70, 171, -1,
      171, 70, 82, -1,
      171, 82, 81, -1,
      167, 169, 86, -1,
      86, 169, 81, -1,
      165, 167, 85, -1,
      85, 167, 86, -1,
      170, 168, 190, -1,
      190, 168, 191, -1,
      168, 166, 191, -1,
      191, 166, 192, -1,
      166, 164, 192, -1,
      192, 164, 193, -1,
      156, 194, 195, -1,
      156, 195, 158, -1,
      158, 195, 196, -1,
      158, 196, 160, -1,
      160, 196, 197, -1,
      160, 197, 162, -1,
      162, 197, 193, -1,
      162, 193, 164, -1,
      184, 198, 199, -1,
      184, 199, 186, -1,
      186, 199, 200, -1,
      186, 200, 188, -1,
      188, 200, 201, -1,
      188, 201, 155, -1,
      155, 201, 194, -1,
      155, 194, 156, -1,
      176, 202, 203, -1,
      176, 203, 178, -1,
      178, 203, 204, -1,
      178, 204, 180, -1,
      180, 204, 205, -1,
      180, 205, 182, -1,
      182, 205, 198, -1,
      182, 198, 184, -1,
      170, 190, 206, -1,
      170, 206, 172, -1,
      172, 206, 207, -1,
      172, 207, 174, -1,
      174, 207, 202, -1,
      174, 202, 176, -1,
    ]
  }
}

Shape {
  appearance Appearance {
    material Material {
      diffuseColor 0.2235 0.2235 0.2235
      specularColor 0.1137 0.1137 0.1137
      ambientIntensity 0.2
      transparency 0.0000
      shininess 0.5
    }
  }
  geometry IndexedFaceSet {
    ccw TRUE
    solid FALSE
    coord DEF co Coordinate {
      point [
        0.416478 -0.453821 0.354331,
        0.410878 -0.453821 0.354331,
        0.410878 -0.482400 0.354331,
        0.416260 -0.482400 0.354331,
        0.427280 -0.478533 0.354331,
        0.426599 -0.479152 0.354331,
        0.424144 -0.480760 0.354331,
        0.420975 -0.481891 0.354331,
        0.431241 -0.467750 0.354331,
        0.431119 -0.470091 0.354331,
        0.430401 -0.473488 0.354331,
        0.429126 -0.476242 0.354331,
        0.427176 -0.457308 0.354331,
        0.428181 -0.458295 0.354331,
        0.429625 -0.460365 0.354331,
        0.430677 -0.463057 0.354331,
        0.421246 -0.454346 0.354331,
        0.424462 -0.455506 0.354331,
      ]
    }
    coordIndex [
      1, 2, 0, -1,
      0, 2, 3, -1,
      0, 3, 7, -1,
      7, 6, 0, -1,
      0, 6, 5, -1,
      0, 5, 4, -1,
      4, 11, 0, -1,
      0, 11, 10, -1,
      0, 10, 9, -1,
      9, 8, 0, -1,
      0, 8, 15, -1,
      0, 15, 14, -1,
      14, 13, 0, -1,
      0, 13, 12, -1,
      0, 12, 16, -1,
      16, 12, 17, -1,
    ]
  }
}

Shape {
  appearance Appearance {
    material Material {
      diffuseColor 1.0000 1.0000 1.0000
      specularColor 0.5020 0.5020 0.5020
      ambientIntensity 0.2
      transparency 0.0000
      shininess 0.5
    }
  }
  geometry IndexedFaceSet {
    ccw TRUE
    solid FALSE
    coord DEF co Coordinate {
      point [
        0.462615 -0.476487 0.354331,
        0.449013 -0.476487 0.354331,
        0.466396 -0.486626 0.354331,
        0.471683 -0.486626 0.354331,
        0.457565 -0.449557 0.354331,
        0.447179 -0.476487 0.354331,
        0.443616 -0.486626 0.354331,
        0.438329 -0.486626 0.354331,
        0.449013 -0.458575 0.354331,
        0.452448 -0.449557 0.354331,
        0.448695 -0.472298 0.358268,
        0.447179 -0.476487 0.358268,
        0.461137 -0.472298 0.358268,
        0.462615 -0.476487 0.358268,
        0.454238 -0.456891 0.358268,
        0.452448 -0.449557 0.358268,
        0.438329 -0.486626 0.358268,
        0.443616 -0.486626 0.358268,
        0.454559 -0.455785 0.358268,
        0.454845 -0.454295 0.358268,
        0.457565 -0.449557 0.358268,
        0.454959 -0.454295 0.358268,
        0.455258 -0.455863 0.358268,
        0.455537 -0.456891 0.358268,
        0.471683 -0.486626 0.358268,
        0.466396 -0.486626 0.358268,
        0.448695 -0.472298 0.354331,
        0.461137 -0.472298 0.354331,
        0.455537 -0.456891 0.354331,
        0.454959 -0.454295 0.354331,
        0.455258 -0.455863 0.354331,
        0.454845 -0.454295 0.354331,
        0.454238 -0.456891 0.354331,
        0.454559 -0.455785 0.354331,
      ]
    }
    coordIndex [
      10, 11, 12, -1,
      12, 11, 13, -1,
      14, 15, 10, -1,
      10, 15, 16, -1,
      10, 16, 11, -1,
      11, 16, 17, -1,
      14, 18, 15, -1,
      15, 18, 19, -1,
      15, 19, 20, -1,
      20, 19, 21, -1,
      20, 21, 22, -1,
      22, 23, 20, -1,
      20, 23, 12, -1,
      20, 12, 24, -1,
      24, 12, 13, -1,
      24, 13, 25, -1,
      20, 24, 4, -1,
      4, 24, 3, -1,
      15, 20, 9, -1,
      9, 20, 4, -1,
      7, 16, 8, -1,
      8, 16, 15, -1,
      8, 15, 9, -1,
      17, 16, 6, -1,
      6, 16, 7, -1,
      11, 17, 5, -1,
      5, 17, 6, -1,
      0, 13, 1, -1,
      1, 13, 11, -1,
      1, 11, 5, -1,
      25, 13, 2, -1,
      2, 13, 0, -1,
      24, 25, 3, -1,
      3, 25, 2, -1,
      10, 12, 26, -1,
      26, 12, 27, -1,
      12, 23, 27, -1,
      27, 23, 28, -1,
      21, 29, 30, -1,
      21, 30, 22, -1,
      22, 30, 28, -1,
      22, 28, 23, -1,
      21, 19, 29, -1,
      29, 19, 31, -1,
      14, 32, 33, -1,
      14, 33, 18, -1,
      18, 33, 31, -1,
      18, 31, 19, -1,
      14, 10, 32, -1,
      32, 10, 26, -1,
    ]
  }
}

Shape {
  appearance Appearance {
    material Material {
      diffuseColor 0.2235 0.2235 0.2235
      specularColor 0.1137 0.1137 0.1137
      ambientIntensity 0.2
      transparency 0.0000
      shininess 0.5
    }
  }
  geometry IndexedFaceSet {
    ccw TRUE
    solid FALSE
    coord DEF co Coordinate {
      point [
        0.448695 -0.472298 0.354331,
        0.461137 -0.472298 0.354331,
        0.455537 -0.456891 0.354331,
        0.454959 -0.454295 0.354331,
        0.455258 -0.455863 0.354331,
        0.454845 -0.454295 0.354331,
        0.454238 -0.456891 0.354331,
        0.454559 -0.455785 0.354331,
      ]
    }
    coordIndex [
      3, 5, 4, -1,
      4, 5, 7, -1,
      4, 7, 2, -1,
      2, 7, 6, -1,
      2, 6, 1, -1,
      1, 6, 0, -1,
    ]
  }
}

Shape {
  appearance Appearance {
    material Material {
      diffuseColor 1.0000 1.0000 1.0000
      specularColor 0.5020 0.5020 0.5020
      ambientIntensity 0.2
      transparency 0.0000
      shininess 0.5
    }
  }
  geometry IndexedFaceSet {
    ccw TRUE
    solid FALSE
    coord DEF co Coordinate {
      point [
        0.359929 -0.545131 0.354331,
        0.358204 -0.545744 0.354331,
        0.363926 -0.545432 0.354331,
        0.349162 -0.532821 0.354331,
        0.349883 -0.525324 0.354331,
        0.348236 -0.534152 0.354331,
        0.347602 -0.535791 0.354331,
        0.361616 -0.544015 0.354331,
        0.352910 -0.545734 0.354331,
        0.351130 -0.545062 0.354331,
        0.348127 -0.542100 0.354331,
        0.347548 -0.540550 0.354331,
        0.360153 -0.522291 0.354331,
        0.358562 -0.522122 0.354331,
        0.356080 -0.529702 0.354331,
        0.350581 -0.531587 0.354331,
        0.352555 -0.530572 0.354331,
        0.353096 -0.523307 0.354331,
        0.356004 -0.522367 0.354331,
        0.349570 -0.543973 0.354331,
        0.349104 -0.543506 0.354331,
        0.363926 -0.541339 0.354331,
        0.363802 -0.541339 0.354331,
        0.363082 -0.542435 0.354331,
        0.347296 -0.538344 0.354331,
        0.347308 -0.537799 0.354331,
        0.349883 -0.520814 0.354331,
        0.350820 -0.520270 0.354331,
        0.354268 -0.518928 0.354331,
        0.358998 -0.518350 0.354331,
        0.368569 -0.528394 0.354331,
        0.368107 -0.524465 0.354331,
        0.363926 -0.528603 0.354331,
        0.363769 -0.526576 0.354331,
        0.363291 -0.524912 0.354331,
        0.362747 -0.523952 0.354331,
        0.359024 -0.518350 0.354331,
        0.362280 -0.518710 0.354331,
        0.364122 -0.519367 0.354331,
        0.362047 -0.523203 0.354331,
        0.361226 -0.522669 0.354331,
        0.365587 -0.520308 0.354331,
        0.367341 -0.522484 0.354331,
        0.366357 -0.521055 0.354331,
        0.358039 -0.545803 0.354331,
        0.355691 -0.546057 0.354331,
        0.353003 -0.545744 0.354331,
        0.368569 -0.545432 0.354331,
        0.322915 -0.545432 0.354331,
        0.342852 -0.545432 0.354331,
        0.342852 -0.541206 0.354331,
        0.342008 -0.512627 0.354331,
        0.322915 -0.508363 0.354331,
        0.342008 -0.508363 0.354331,
        0.327700 -0.528736 0.354331,
        0.327700 -0.541206 0.354331,
        0.340956 -0.528736 0.354331,
        0.340956 -0.524491 0.354331,
        0.327700 -0.524491 0.354331,
        0.327700 -0.512627 0.354331,
        0.342852 -0.541206 0.358268,
        0.342852 -0.545432 0.358268,
        0.327700 -0.541206 0.358268,
        0.327700 -0.528736 0.358268,
        0.340956 -0.528736 0.358268,
        0.340956 -0.524491 0.358268,
        0.327700 -0.524491 0.358268,
        0.327700 -0.512627 0.358268,
        0.342008 -0.512627 0.358268,
        0.342008 -0.508363 0.358268,
        0.322915 -0.508363 0.358268,
        0.322915 -0.545432 0.358268,
        0.363926 -0.545432 0.358268,
        0.368569 -0.545432 0.358268,
        0.363926 -0.541339 0.358268,
        0.368569 -0.528394 0.358268,
        0.363926 -0.528603 0.358268,
        0.353807 -0.534168 0.358268,
        0.354883 -0.533646 0.358268,
        0.363802 -0.541339 0.358268,
        0.361358 -0.540652 0.358268,
        0.363082 -0.542435 0.358268,
        0.360047 -0.541539 0.358268,
        0.357728 -0.532981 0.358268,
        0.363926 -0.532147 0.358268,
        0.363926 -0.534687 0.358268,
        0.363921 -0.534995 0.358268,
        0.363622 -0.537067 0.358268,
        0.362941 -0.538723 0.358268,
        0.361935 -0.540088 0.358268,
        0.363769 -0.526576 0.358268,
        0.368107 -0.524465 0.358268,
        0.363291 -0.524912 0.358268,
        0.367341 -0.522484 0.358268,
        0.362747 -0.523952 0.358268,
        0.366357 -0.521055 0.358268,
        0.362047 -0.523203 0.358268,
        0.349883 -0.520814 0.358268,
        0.349883 -0.525324 0.358268,
        0.350820 -0.520270 0.358268,
        0.353096 -0.523307 0.358268,
        0.354268 -0.518928 0.358268,
        0.356004 -0.522367 0.358268,
        0.358998 -0.518350 0.358268,
        0.358562 -0.522122 0.358268,
        0.359024 -0.518350 0.358268,
        0.360153 -0.522291 0.358268,
        0.362280 -0.518710 0.358268,
        0.361226 -0.522669 0.358268,
        0.364122 -0.519367 0.358268,
        0.365587 -0.520308 0.358268,
        0.352956 -0.540657 0.358268,
        0.349570 -0.543973 0.358268,
        0.353351 -0.541054 0.358268,
        0.351130 -0.545062 0.358268,
        0.354276 -0.541686 0.358268,
        0.352910 -0.545734 0.358268,
        0.355326 -0.542071 0.358268,
        0.355691 -0.546057 0.358268,
        0.356894 -0.542248 0.358268,
        0.358039 -0.545803 0.358268,
        0.358639 -0.542052 0.358268,
        0.359929 -0.545131 0.358268,
        0.361616 -0.544015 0.358268,
        0.352044 -0.537228 0.358268,
        0.347308 -0.537799 0.358268,
        0.352005 -0.537965 0.358268,
        0.347296 -0.538344 0.358268,
        0.352123 -0.539031 0.358268,
        0.347548 -0.540550 0.358268,
        0.352428 -0.539875 0.358268,
        0.348127 -0.542100 0.358268,
        0.349104 -0.543506 0.358268,
        0.356080 -0.529702 0.358268,
        0.352555 -0.530572 0.358268,
        0.353237 -0.534611 0.358268,
        0.350581 -0.531587 0.358268,
        0.352681 -0.535299 0.358268,
        0.349162 -0.532821 0.358268,
        0.352274 -0.536165 0.358268,
        0.348236 -0.534152 0.358268,
        0.347602 -0.535791 0.358268,
        0.353237 -0.534611 0.354331,
        0.353807 -0.534168 0.354331,
        0.354883 -0.533646 0.354331,
        0.357728 -0.532981 0.354331,
        0.352005 -0.537965 0.354331,
        0.352044 -0.537228 0.354331,
        0.352274 -0.536165 0.354331,
        0.352681 -0.535299 0.354331,
        0.353351 -0.541054 0.354331,
        0.352956 -0.540657 0.354331,
        0.352428 -0.539875 0.354331,
        0.352123 -0.539031 0.354331,
        0.356894 -0.542248 0.354331,
        0.355326 -0.542071 0.354331,
        0.354276 -0.541686 0.354331,
        0.361935 -0.540088 0.354331,
        0.361358 -0.540652 0.354331,
        0.360047 -0.541539 0.354331,
        0.358639 -0.542052 0.354331,
        0.363926 -0.534687 0.354331,
        0.363921 -0.534995 0.354331,
        0.363622 -0.537067 0.354331,
        0.362941 -0.538723 0.354331,
        0.363926 -0.532147 0.354331,
      ]
    }
    coordIndex [
      60, 61, 50, -1,
      50, 61, 49, -1,
      62, 60, 55, -1,
      55, 60, 50, -1,
      63, 62, 54, -1,
      54, 62, 55, -1,
      64, 63, 56, -1,
      56, 63, 54, -1,
      65, 64, 57, -1,
      57, 64, 56, -1,
      66, 65, 58, -1,
      58, 65, 57, -1,
      67, 66, 59, -1,
      59, 66, 58, -1,
      68, 67, 51, -1,
      51, 67, 59, -1,
      69, 68, 53, -1,
      53, 68, 51, -1,
      70, 69, 52, -1,
      52, 69, 53, -1,
      71, 70, 48, -1,
      48, 70, 52, -1,
      61, 71, 49, -1,
      49, 71, 48, -1,
      71, 61, 60, -1,
      60, 62, 71, -1,
      71, 62, 63, -1,
      71, 63, 70, -1,
      68, 69, 67, -1,
      67, 69, 70, -1,
      67, 70, 66, -1,
      66, 70, 63, -1,
      66, 63, 65, -1,
      65, 63, 64, -1,
      72, 73, 74, -1,
      74, 73, 75, -1,
      76, 77, 78, -1,
      79, 80, 81, -1,
      81, 80, 82, -1,
      83, 84, 75, -1,
      75, 84, 85, -1,
      85, 86, 75, -1,
      75, 86, 87, -1,
      75, 87, 74, -1,
      74, 87, 88, -1,
      74, 88, 79, -1,
      79, 88, 89, -1,
      79, 89, 80, -1,
      78, 83, 76, -1,
      76, 83, 75, -1,
      76, 75, 90, -1,
      90, 75, 91, -1,
      90, 91, 92, -1,
      92, 91, 93, -1,
      92, 93, 94, -1,
      94, 93, 95, -1,
      94, 95, 96, -1,
      97, 98, 99, -1,
      99, 98, 100, -1,
      99, 100, 101, -1,
      101, 100, 102, -1,
      101, 102, 103, -1,
      103, 102, 104, -1,
      103, 104, 105, -1,
      105, 104, 106, -1,
      105, 106, 107, -1,
      107, 106, 108, -1,
      107, 108, 109, -1,
      109, 108, 96, -1,
      109, 96, 110, -1,
      110, 96, 95, -1,
      111, 112, 113, -1,
      113, 112, 114, -1,
      113, 114, 115, -1,
      115, 114, 116, -1,
      115, 116, 117, -1,
      117, 116, 118, -1,
      117, 118, 119, -1,
      119, 118, 120, -1,
      119, 120, 121, -1,
      121, 120, 122, -1,
      121, 122, 82, -1,
      82, 122, 123, -1,
      82, 123, 81, -1,
      124, 125, 126, -1,
      126, 125, 127, -1,
      126, 127, 128, -1,
      128, 127, 129, -1,
      128, 129, 130, -1,
      130, 129, 131, -1,
      130, 131, 111, -1,
      111, 131, 132, -1,
      111, 132, 112, -1,
      76, 133, 77, -1,
      77, 133, 134, -1,
      77, 134, 135, -1,
      135, 134, 136, -1,
      135, 136, 137, -1,
      137, 136, 138, -1,
      137, 138, 139, -1,
      139, 138, 140, -1,
      139, 140, 124, -1,
      124, 140, 141, -1,
      124, 141, 125, -1,
      103, 29, 28, -1,
      103, 28, 101, -1,
      101, 28, 27, -1,
      101, 27, 99, -1,
      99, 27, 26, -1,
      99, 26, 97, -1,
      98, 97, 4, -1,
      4, 97, 26, -1,
      98, 4, 17, -1,
      98, 17, 100, -1,
      100, 17, 18, -1,
      100, 18, 102, -1,
      102, 18, 13, -1,
      102, 13, 104, -1,
      104, 13, 12, -1,
      104, 12, 106, -1,
      106, 12, 40, -1,
      106, 40, 108, -1,
      108, 40, 39, -1,
      108, 39, 96, -1,
      96, 39, 35, -1,
      96, 35, 94, -1,
      94, 35, 34, -1,
      94, 34, 92, -1,
      92, 34, 33, -1,
      92, 33, 90, -1,
      90, 33, 32, -1,
      90, 32, 76, -1,
      133, 76, 14, -1,
      14, 76, 32, -1,
      133, 14, 16, -1,
      133, 16, 134, -1,
      134, 16, 15, -1,
      134, 15, 136, -1,
      136, 15, 3, -1,
      136, 3, 138, -1,
      138, 3, 5, -1,
      138, 5, 140, -1,
      140, 5, 6, -1,
      140, 6, 141, -1,
      141, 6, 25, -1,
      141, 25, 125, -1,
      125, 25, 24, -1,
      125, 24, 127, -1,
      127, 24, 11, -1,
      127, 11, 129, -1,
      129, 11, 10, -1,
      129, 10, 131, -1,
      131, 10, 20, -1,
      131, 20, 132, -1,
      132, 20, 19, -1,
      132, 19, 112, -1,
      45, 118, 46, -1,
      46, 118, 116, -1,
      46, 116, 8, -1,
      8, 116, 114, -1,
      8, 114, 9, -1,
      9, 114, 112, -1,
      9, 112, 19, -1,
      118, 45, 44, -1,
      118, 44, 120, -1,
      120, 44, 1, -1,
      120, 1, 122, -1,
      1, 0, 122, -1,
      122, 0, 7, -1,
      122, 7, 123, -1,
      123, 7, 23, -1,
      123, 23, 81, -1,
      81, 23, 22, -1,
      81, 22, 79, -1,
      74, 79, 21, -1,
      21, 79, 22, -1,
      72, 74, 2, -1,
      2, 74, 21, -1,
      73, 72, 47, -1,
      47, 72, 2, -1,
      75, 73, 30, -1,
      30, 73, 47, -1,
      75, 30, 31, -1,
      75, 31, 91, -1,
      91, 31, 42, -1,
      91, 42, 93, -1,
      93, 42, 43, -1,
      93, 43, 95, -1,
      95, 43, 41, -1,
      95, 41, 110, -1,
      110, 41, 38, -1,
      110, 38, 109, -1,
      109, 38, 37, -1,
      109, 37, 107, -1,
      107, 37, 36, -1,
      107, 36, 105, -1,
      105, 36, 29, -1,
      105, 29, 103, -1,
      135, 142, 143, -1,
      135, 143, 77, -1,
      77, 143, 144, -1,
      77, 144, 78, -1,
      78, 144, 145, -1,
      78, 145, 83, -1,
      126, 146, 147, -1,
      126, 147, 124, -1,
      124, 147, 148, -1,
      124, 148, 139, -1,
      139, 148, 149, -1,
      139, 149, 137, -1,
      137, 149, 142, -1,
      137, 142, 135, -1,
      113, 150, 151, -1,
      113, 151, 111, -1,
      111, 151, 152, -1,
      111, 152, 130, -1,
      130, 152, 153, -1,
      130, 153, 128, -1,
      128, 153, 146, -1,
      128, 146, 126, -1,
      119, 154, 155, -1,
      119, 155, 117, -1,
      117, 155, 156, -1,
      117, 156, 115, -1,
      115, 156, 150, -1,
      115, 150, 113, -1,
      89, 157, 158, -1,
      89, 158, 80, -1,
      80, 158, 159, -1,
      80, 159, 82, -1,
      82, 159, 160, -1,
      82, 160, 121, -1,
      121, 160, 154, -1,
      121, 154, 119, -1,
      85, 161, 162, -1,
      85, 162, 86, -1,
      86, 162, 163, -1,
      86, 163, 87, -1,
      87, 163, 164, -1,
      87, 164, 88, -1,
      88, 164, 157, -1,
      88, 157, 89, -1,
      85, 84, 161, -1,
      161, 84, 165, -1,
      84, 83, 165, -1,
      165, 83, 145, -1,
    ]
  }
}

Shape {
  appearance Appearance {
    material Material {
      diffuseColor 0.2235 0.2235 0.2235
      specularColor 0.1137 0.1137 0.1137
      ambientIntensity 0.2
      transparency 0.0000
      shininess 0.5
    }
  }
  geometry IndexedFaceSet {
    ccw TRUE
    solid FALSE
    coord DEF co Coordinate {
      point [
        0.353237 -0.534611 0.354331,
        0.353807 -0.534168 0.354331,
        0.354883 -0.533646 0.354331,
        0.357728 -0.532981 0.354331,
        0.352005 -0.537965 0.354331,
        0.352044 -0.537228 0.354331,
        0.352274 -0.536165 0.354331,
        0.352681 -0.535299 0.354331,
        0.353351 -0.541054 0.354331,
        0.352956 -0.540657 0.354331,
        0.352428 -0.539875 0.354331,
        0.352123 -0.539031 0.354331,
        0.356894 -0.542248 0.354331,
        0.355326 -0.542071 0.354331,
        0.354276 -0.541686 0.354331,
        0.361935 -0.540088 0.354331,
        0.361358 -0.540652 0.354331,
        0.360047 -0.541539 0.354331,
        0.358639 -0.542052 0.354331,
        0.363926 -0.534687 0.354331,
        0.363921 -0.534995 0.354331,
        0.363622 -0.537067 0.354331,
        0.362941 -0.538723 0.354331,
        0.363926 -0.532147 0.354331,
      ]
    }
    coordIndex [
      20, 19, 0, -1,
      19, 23, 3, -1,
      3, 2, 19, -1,
      19, 2, 1, -1,
      19, 1, 0, -1,
      20, 0, 21, -1,
      21, 0, 7, -1,
      21, 7, 22, -1,
      9, 8, 16, -1,
      9, 16, 10, -1,
      17, 16, 18, -1,
      18, 16, 12, -1,
      7, 6, 22, -1,
      22, 6, 5, -1,
      22, 5, 15, -1,
      15, 5, 4, -1,
      15, 4, 16, -1,
      16, 4, 11, -1,
      16, 11, 10, -1,
      8, 14, 16, -1,
      16, 14, 13, -1,
      16, 13, 12, -1,
    ]
  }
}

Shape {
  appearance Appearance {
    material Material {
      diffuseColor 1.0000 1.0000 1.0000
      specularColor 0.5020 0.5020 0.5020
      ambientIntensity 0.2
      transparency 0.0000
      shininess 0.5
    }
  }
  geometry IndexedFaceSet {
    ccw TRUE
    solid FALSE
    coord DEF co Coordinate {
      point [
        0.386258 -0.545554 0.354331,
        0.384659 -0.545744 0.354331,
        0.376966 -0.531084 0.354331,
        0.374861 -0.539709 0.354331,
        0.377007 -0.531111 0.354331,
        0.376530 -0.540754 0.354331,
        0.377007 -0.540941 0.354331,
        0.376206 -0.530290 0.354331,
        0.375606 -0.529332 0.354331,
        0.375091 -0.527917 0.354331,
        0.374889 -0.526102 0.354331,
        0.376358 -0.521844 0.354331,
        0.375035 -0.524608 0.354331,
        0.375543 -0.523108 0.354331,
        0.374861 -0.544504 0.354331,
        0.377007 -0.545258 0.354331,
        0.378117 -0.545648 0.354331,
        0.379042 -0.545744 0.354331,
        0.382043 -0.546057 0.354331,
        0.391471 -0.519526 0.354331,
        0.391471 -0.524036 0.354331,
        0.377007 -0.521246 0.354331,
        0.377864 -0.520454 0.354331,
        0.378995 -0.519758 0.354331,
        0.392522 -0.540089 0.354331,
        0.391954 -0.541561 0.354331,
        0.391090 -0.542786 0.354331,
        0.381481 -0.518797 0.354331,
        0.385198 -0.518350 0.354331,
        0.388456 -0.518639 0.354331,
        0.391187 -0.533853 0.354331,
        0.392050 -0.535124 0.354331,
        0.392547 -0.536492 0.354331,
        0.392741 -0.538230 0.354331,
        0.389756 -0.543954 0.354331,
        0.388694 -0.544608 0.354331,
        0.384744 -0.522122 0.354331,
        0.383369 -0.522225 0.354331,
        0.379674 -0.525685 0.354331,
        0.382127 -0.522554 0.354331,
        0.381086 -0.523107 0.354331,
        0.379717 -0.526302 0.354331,
        0.379901 -0.527024 0.354331,
        0.380235 -0.527650 0.354331,
        0.380688 -0.528148 0.354331,
        0.382325 -0.529172 0.354331,
        0.387987 -0.522516 0.354331,
        0.385198 -0.530422 0.354331,
        0.390614 -0.523534 0.354331,
        0.386996 -0.531150 0.354331,
        0.390080 -0.532865 0.354331,
        0.380385 -0.523726 0.354331,
        0.379987 -0.524317 0.354331,
        0.379758 -0.524944 0.354331,
        0.379434 -0.541889 0.354331,
        0.381920 -0.533796 0.354331,
        0.379152 -0.532527 0.354331,
        0.382498 -0.542267 0.354331,
        0.382703 -0.542266 0.354331,
        0.384969 -0.535073 0.354331,
        0.385083 -0.541999 0.354331,
        0.387975 -0.538685 0.354331,
        0.387930 -0.538108 0.354331,
        0.386281 -0.541561 0.354331,
        0.386704 -0.541304 0.354331,
        0.387237 -0.540831 0.354331,
        0.387643 -0.540231 0.354331,
        0.387879 -0.539571 0.354331,
        0.387719 -0.537383 0.354331,
        0.387359 -0.536767 0.354331,
        0.386781 -0.536165 0.354331,
        0.415757 -0.518957 0.354331,
        0.420571 -0.518957 0.354331,
        0.407267 -0.538856 0.354331,
        0.407836 -0.541035 0.354331,
        0.407959 -0.541035 0.354331,
        0.402591 -0.525404 0.354331,
        0.408528 -0.538894 0.354331,
        0.408172 -0.540128 0.354331,
        0.402591 -0.537867 0.354331,
        0.395157 -0.518957 0.354331,
        0.400350 -0.518957 0.354331,
        0.405543 -0.545375 0.354331,
        0.405386 -0.545744 0.354331,
        0.403506 -0.550189 0.354331,
        0.396115 -0.557523 0.354331,
        0.396115 -0.553392 0.354331,
        0.397064 -0.553703 0.354331,
        0.398749 -0.553922 0.354331,
        0.399637 -0.553844 0.354331,
        0.400659 -0.553525 0.354331,
        0.401529 -0.552994 0.354331,
        0.402443 -0.552063 0.354331,
        0.402591 -0.551802 0.354331,
        0.402591 -0.557061 0.354331,
        0.401121 -0.557652 0.354331,
        0.399109 -0.557902 0.354331,
        0.398084 -0.557865 0.354331,
        0.404518 -0.555784 0.354331,
        0.402940 -0.556921 0.354331,
        0.410009 -0.545744 0.354331,
        0.408556 -0.549431 0.354331,
        0.406428 -0.553562 0.354331,
        0.437301 -0.528736 0.354331,
        0.430359 -0.528736 0.354331,
        0.437301 -0.541206 0.354331,
        0.430359 -0.541206 0.354331,
        0.444668 -0.508363 0.354331,
        0.444668 -0.512627 0.354331,
        0.445511 -0.541206 0.354331,
        0.445511 -0.545432 0.354331,
        0.443616 -0.528736 0.354331,
        0.443616 -0.524491 0.354331,
        0.437301 -0.524491 0.354331,
        0.437301 -0.512627 0.354331,
        0.430359 -0.512627 0.354331,
        0.430359 -0.524491 0.354331,
        0.437301 -0.545432 0.354331,
        0.425574 -0.545432 0.354331,
        0.425574 -0.508363 0.354331,
        0.437301 -0.508363 0.354331,
        0.481687 -0.533118 0.354331,
        0.482583 -0.528777 0.354331,
        0.482694 -0.526424 0.354331,
        0.482067 -0.521281 0.354331,
        0.479863 -0.536953 0.354331,
        0.477103 -0.540239 0.354331,
        0.473267 -0.542996 0.354331,
        0.452514 -0.508363 0.354331,
        0.452514 -0.545432 0.354331,
        0.462709 -0.545432 0.354331,
        0.469050 -0.544654 0.354331,
        0.477103 -0.513272 0.354331,
        0.478389 -0.514526 0.354331,
        0.480689 -0.517752 0.354331,
        0.463089 -0.508363 0.354331,
        0.468747 -0.508988 0.354331,
        0.473221 -0.510622 0.354331,
        0.374861 -0.539709 0.358268,
        0.376530 -0.540754 0.358268,
        0.382498 -0.542267 0.358268,
        0.379434 -0.541889 0.358268,
        0.374861 -0.544504 0.358268,
        0.378117 -0.545648 0.358268,
        0.382043 -0.546057 0.358268,
        0.386258 -0.545554 0.358268,
        0.388694 -0.544608 0.358268,
        0.389756 -0.543954 0.358268,
        0.391090 -0.542786 0.358268,
        0.391954 -0.541561 0.358268,
        0.392522 -0.540089 0.358268,
        0.392741 -0.538230 0.358268,
        0.392547 -0.536492 0.358268,
        0.392050 -0.535124 0.358268,
        0.391187 -0.533853 0.358268,
        0.390080 -0.532865 0.358268,
        0.386996 -0.531150 0.358268,
        0.385198 -0.530422 0.358268,
        0.382325 -0.529172 0.358268,
        0.380688 -0.528148 0.358268,
        0.380235 -0.527650 0.358268,
        0.379901 -0.527024 0.358268,
        0.379717 -0.526302 0.358268,
        0.379674 -0.525685 0.358268,
        0.379758 -0.524944 0.358268,
        0.379987 -0.524317 0.358268,
        0.380385 -0.523726 0.358268,
        0.381086 -0.523107 0.358268,
        0.382127 -0.522554 0.358268,
        0.383369 -0.522225 0.358268,
        0.384744 -0.522122 0.358268,
        0.387987 -0.522516 0.358268,
        0.390614 -0.523534 0.358268,
        0.391471 -0.524036 0.358268,
        0.391471 -0.519526 0.358268,
        0.388456 -0.518639 0.358268,
        0.385198 -0.518350 0.358268,
        0.381481 -0.518797 0.358268,
        0.378995 -0.519758 0.358268,
        0.377864 -0.520454 0.358268,
        0.376358 -0.521844 0.358268,
        0.375543 -0.523108 0.358268,
        0.375035 -0.524608 0.358268,
        0.374889 -0.526102 0.358268,
        0.375091 -0.527917 0.358268,
        0.375606 -0.529332 0.358268,
        0.376206 -0.530290 0.358268,
        0.381920 -0.533796 0.358268,
        0.379152 -0.532527 0.358268,
        0.376966 -0.531084 0.358268,
        0.384969 -0.535073 0.358268,
        0.386781 -0.536165 0.358268,
        0.387359 -0.536767 0.358268,
        0.387719 -0.537383 0.358268,
        0.387930 -0.538108 0.358268,
        0.387975 -0.538685 0.358268,
        0.387879 -0.539571 0.358268,
        0.387643 -0.540231 0.358268,
        0.387237 -0.540831 0.358268,
        0.386704 -0.541304 0.358268,
        0.386281 -0.541561 0.358268,
        0.385083 -0.541999 0.358268,
        0.382703 -0.542266 0.358268,
        0.415757 -0.518957 0.358268,
        0.420571 -0.518957 0.358268,
        0.408528 -0.538894 0.358268,
        0.408172 -0.540128 0.358268,
        0.407959 -0.541035 0.358268,
        0.407836 -0.541035 0.358268,
        0.407267 -0.538856 0.358268,
        0.400350 -0.518957 0.358268,
        0.395157 -0.518957 0.358268,
        0.405543 -0.545375 0.358268,
        0.403506 -0.550189 0.358268,
        0.402443 -0.552063 0.358268,
        0.401529 -0.552994 0.358268,
        0.400659 -0.553525 0.358268,
        0.399637 -0.553844 0.358268,
        0.398749 -0.553922 0.358268,
        0.397064 -0.553703 0.358268,
        0.396115 -0.553392 0.358268,
        0.396115 -0.557523 0.358268,
        0.398084 -0.557865 0.358268,
        0.399109 -0.557902 0.358268,
        0.401121 -0.557652 0.358268,
        0.402940 -0.556921 0.358268,
        0.404518 -0.555784 0.358268,
        0.406428 -0.553562 0.358268,
        0.408556 -0.549431 0.358268,
        0.445511 -0.541206 0.358268,
        0.445511 -0.545432 0.358268,
        0.430359 -0.541206 0.358268,
        0.430359 -0.528736 0.358268,
        0.443616 -0.528736 0.358268,
        0.443616 -0.524491 0.358268,
        0.430359 -0.524491 0.358268,
        0.430359 -0.512627 0.358268,
        0.444668 -0.512627 0.358268,
        0.444668 -0.508363 0.358268,
        0.425574 -0.508363 0.358268,
        0.425574 -0.545432 0.358268,
        0.475548 -0.535048 0.358268,
        0.473702 -0.537340 0.358268,
        0.477103 -0.540239 0.358268,
        0.473020 -0.537958 0.358268,
        0.473267 -0.542996 0.358268,
        0.470565 -0.539566 0.358268,
        0.469050 -0.544654 0.358268,
        0.467396 -0.540698 0.358268,
        0.462709 -0.545432 0.358268,
        0.462681 -0.541206 0.358268,
        0.452514 -0.545432 0.358268,
        0.457299 -0.541206 0.358268,
        0.452514 -0.508363 0.358268,
        0.457299 -0.512627 0.358268,
        0.463089 -0.508363 0.358268,
        0.462899 -0.512627 0.358268,
        0.468747 -0.508988 0.358268,
        0.467667 -0.513153 0.358268,
        0.473221 -0.510622 0.358268,
        0.470884 -0.514312 0.358268,
        0.477103 -0.513272 0.358268,
        0.473597 -0.516114 0.358268,
        0.478389 -0.514526 0.358268,
        0.474603 -0.517101 0.358268,
        0.480689 -0.517752 0.358268,
        0.476046 -0.519171 0.358268,
        0.482067 -0.521281 0.358268,
        0.477098 -0.521863 0.358268,
        0.482694 -0.526424 0.358268,
        0.477662 -0.526556 0.358268,
        0.482583 -0.528777 0.358268,
        0.477541 -0.528896 0.358268,
        0.481687 -0.533118 0.358268,
        0.476822 -0.532294 0.358268,
        0.479863 -0.536953 0.358268,
        0.462899 -0.512627 0.354331,
        0.457299 -0.512627 0.354331,
        0.457299 -0.541206 0.354331,
        0.462681 -0.541206 0.354331,
        0.473702 -0.537340 0.354331,
        0.473020 -0.537958 0.354331,
        0.470565 -0.539566 0.354331,
        0.467396 -0.540698 0.354331,
        0.477662 -0.526556 0.354331,
        0.477541 -0.528896 0.354331,
        0.476822 -0.532294 0.354331,
        0.475548 -0.535048 0.354331,
        0.473597 -0.516114 0.354331,
        0.474603 -0.517101 0.354331,
        0.476046 -0.519171 0.354331,
        0.477098 -0.521863 0.354331,
        0.467667 -0.513153 0.354331,
        0.470884 -0.514312 0.354331,
      ]
    }
    coordIndex [
      3, 138, 139, -1,
      140, 57, 54, -1,
      140, 54, 141, -1,
      141, 54, 6, -1,
      141, 6, 139, -1,
      139, 6, 5, -1,
      139, 5, 3, -1,
      142, 138, 14, -1,
      14, 138, 3, -1,
      14, 15, 142, -1,
      142, 15, 143, -1,
      18, 144, 17, -1,
      17, 144, 143, -1,
      17, 143, 16, -1,
      16, 143, 15, -1,
      18, 1, 144, -1,
      144, 1, 145, -1,
      1, 0, 145, -1,
      145, 0, 35, -1,
      145, 35, 146, -1,
      146, 35, 34, -1,
      146, 34, 147, -1,
      147, 34, 26, -1,
      147, 26, 148, -1,
      148, 26, 25, -1,
      148, 25, 149, -1,
      149, 25, 24, -1,
      149, 24, 150, -1,
      150, 24, 33, -1,
      150, 33, 151, -1,
      151, 33, 32, -1,
      151, 32, 152, -1,
      152, 32, 31, -1,
      152, 31, 153, -1,
      153, 31, 30, -1,
      153, 30, 154, -1,
      154, 30, 50, -1,
      154, 50, 155, -1,
      155, 50, 49, -1,
      155, 49, 156, -1,
      156, 49, 47, -1,
      156, 47, 157, -1,
      157, 47, 45, -1,
      157, 45, 158, -1,
      158, 45, 44, -1,
      158, 44, 159, -1,
      159, 44, 43, -1,
      159, 43, 160, -1,
      160, 43, 42, -1,
      160, 42, 161, -1,
      161, 42, 41, -1,
      161, 41, 162, -1,
      162, 41, 38, -1,
      162, 38, 163, -1,
      163, 38, 53, -1,
      163, 53, 164, -1,
      164, 53, 52, -1,
      164, 52, 165, -1,
      165, 52, 51, -1,
      165, 51, 166, -1,
      166, 51, 40, -1,
      166, 40, 167, -1,
      167, 40, 39, -1,
      167, 39, 168, -1,
      168, 39, 37, -1,
      168, 37, 169, -1,
      169, 37, 36, -1,
      169, 36, 170, -1,
      170, 36, 46, -1,
      170, 46, 171, -1,
      171, 46, 48, -1,
      171, 48, 172, -1,
      172, 48, 20, -1,
      172, 20, 173, -1,
      174, 173, 19, -1,
      19, 173, 20, -1,
      174, 19, 29, -1,
      174, 29, 175, -1,
      175, 29, 28, -1,
      175, 28, 176, -1,
      176, 28, 27, -1,
      176, 27, 177, -1,
      177, 27, 23, -1,
      177, 23, 178, -1,
      178, 23, 22, -1,
      178, 22, 179, -1,
      22, 21, 179, -1,
      179, 21, 180, -1,
      21, 11, 180, -1,
      180, 11, 13, -1,
      180, 13, 181, -1,
      181, 13, 12, -1,
      181, 12, 182, -1,
      182, 12, 10, -1,
      182, 10, 183, -1,
      183, 10, 9, -1,
      183, 9, 184, -1,
      184, 9, 8, -1,
      184, 8, 185, -1,
      185, 8, 7, -1,
      185, 7, 186, -1,
      55, 187, 188, -1,
      186, 7, 2, -1,
      186, 2, 189, -1,
      189, 2, 4, -1,
      189, 4, 188, -1,
      188, 4, 56, -1,
      188, 56, 55, -1,
      187, 55, 59, -1,
      187, 59, 190, -1,
      190, 59, 70, -1,
      190, 70, 191, -1,
      191, 70, 69, -1,
      191, 69, 192, -1,
      192, 69, 68, -1,
      192, 68, 193, -1,
      193, 68, 62, -1,
      193, 62, 194, -1,
      194, 62, 61, -1,
      194, 61, 195, -1,
      195, 61, 67, -1,
      195, 67, 196, -1,
      196, 67, 66, -1,
      196, 66, 197, -1,
      197, 66, 65, -1,
      197, 65, 198, -1,
      198, 65, 64, -1,
      198, 64, 199, -1,
      199, 64, 63, -1,
      199, 63, 200, -1,
      200, 63, 60, -1,
      200, 60, 201, -1,
      201, 60, 58, -1,
      201, 58, 202, -1,
      202, 58, 57, -1,
      202, 57, 140, -1,
      165, 166, 179, -1,
      179, 166, 178, -1,
      178, 166, 167, -1,
      178, 167, 177, -1,
      197, 148, 149, -1,
      190, 157, 187, -1,
      187, 157, 158, -1,
      197, 149, 196, -1,
      196, 149, 150, -1,
      196, 150, 195, -1,
      195, 150, 151, -1,
      195, 151, 194, -1,
      194, 151, 152, -1,
      194, 152, 193, -1,
      193, 152, 153, -1,
      193, 153, 192, -1,
      192, 153, 154, -1,
      192, 154, 191, -1,
      191, 154, 155, -1,
      191, 155, 190, -1,
      190, 155, 156, -1,
      190, 156, 157, -1,
      148, 197, 147, -1,
      147, 197, 198, -1,
      147, 198, 146, -1,
      144, 140, 143, -1,
      143, 140, 141, -1,
      143, 141, 142, -1,
      142, 141, 139, -1,
      142, 139, 138, -1,
      167, 168, 177, -1,
      177, 168, 169, -1,
      177, 169, 176, -1,
      176, 169, 170, -1,
      176, 170, 175, -1,
      175, 170, 171, -1,
      175, 171, 174, -1,
      174, 171, 172, -1,
      174, 172, 173, -1,
      198, 199, 146, -1,
      146, 199, 200, -1,
      146, 200, 145, -1,
      145, 200, 201, -1,
      145, 201, 144, -1,
      144, 201, 202, -1,
      144, 202, 140, -1,
      179, 180, 165, -1,
      165, 180, 181, -1,
      165, 181, 164, -1,
      164, 181, 182, -1,
      164, 182, 163, -1,
      163, 182, 183, -1,
      163, 183, 162, -1,
      162, 183, 184, -1,
      162, 184, 161, -1,
      161, 184, 185, -1,
      161, 185, 160, -1,
      160, 185, 186, -1,
      160, 186, 159, -1,
      159, 186, 189, -1,
      159, 189, 158, -1,
      158, 189, 188, -1,
      158, 188, 187, -1,
      203, 204, 71, -1,
      71, 204, 72, -1,
      205, 203, 77, -1,
      77, 203, 71, -1,
      205, 77, 78, -1,
      205, 78, 206, -1,
      206, 78, 75, -1,
      206, 75, 207, -1,
      208, 207, 74, -1,
      74, 207, 75, -1,
      209, 208, 73, -1,
      73, 208, 74, -1,
      209, 73, 210, -1,
      210, 73, 76, -1,
      210, 76, 81, -1,
      211, 210, 80, -1,
      80, 210, 81, -1,
      211, 80, 212, -1,
      212, 80, 79, -1,
      212, 79, 82, -1,
      84, 213, 83, -1,
      83, 213, 212, -1,
      83, 212, 82, -1,
      84, 93, 213, -1,
      213, 93, 214, -1,
      93, 92, 214, -1,
      214, 92, 91, -1,
      214, 91, 215, -1,
      215, 91, 90, -1,
      215, 90, 216, -1,
      216, 90, 89, -1,
      216, 89, 217, -1,
      217, 89, 88, -1,
      217, 88, 218, -1,
      218, 88, 87, -1,
      218, 87, 219, -1,
      219, 87, 86, -1,
      219, 86, 220, -1,
      221, 220, 85, -1,
      85, 220, 86, -1,
      221, 85, 97, -1,
      221, 97, 222, -1,
      222, 97, 96, -1,
      222, 96, 223, -1,
      223, 96, 95, -1,
      223, 95, 224, -1,
      224, 95, 94, -1,
      224, 94, 225, -1,
      94, 99, 225, -1,
      225, 99, 98, -1,
      225, 98, 226, -1,
      226, 98, 102, -1,
      226, 102, 227, -1,
      227, 102, 101, -1,
      227, 101, 228, -1,
      72, 204, 100, -1,
      100, 204, 228, -1,
      100, 228, 101, -1,
      206, 207, 228, -1,
      204, 203, 228, -1,
      228, 203, 205, -1,
      228, 205, 206, -1,
      210, 211, 209, -1,
      209, 211, 212, -1,
      209, 212, 208, -1,
      207, 208, 228, -1,
      228, 208, 212, -1,
      228, 212, 227, -1,
      212, 213, 227, -1,
      227, 213, 214, -1,
      227, 214, 226, -1,
      226, 214, 215, -1,
      226, 215, 225, -1,
      225, 215, 216, -1,
      225, 216, 224, -1,
      224, 216, 217, -1,
      224, 217, 223, -1,
      223, 217, 218, -1,
      223, 218, 222, -1,
      222, 218, 219, -1,
      222, 219, 221, -1,
      221, 219, 220, -1,
      229, 230, 109, -1,
      109, 230, 110, -1,
      229, 109, 231, -1,
      231, 109, 105, -1,
      231, 105, 106, -1,
      232, 231, 104, -1,
      104, 231, 106, -1,
      232, 104, 233, -1,
      233, 104, 103, -1,
      233, 103, 111, -1,
      234, 233, 112, -1,
      112, 233, 111, -1,
      116, 235, 113, -1,
      113, 235, 234, -1,
      113, 234, 112, -1,
      236, 235, 115, -1,
      115, 235, 116, -1,
      108, 237, 114, -1,
      114, 237, 236, -1,
      114, 236, 115, -1,
      238, 237, 107, -1,
      107, 237, 108, -1,
      119, 239, 120, -1,
      120, 239, 238, -1,
      120, 238, 107, -1,
      240, 239, 118, -1,
      118, 239, 119, -1,
      240, 118, 230, -1,
      230, 118, 117, -1,
      230, 117, 110, -1,
      240, 230, 229, -1,
      229, 231, 240, -1,
      240, 231, 232, -1,
      240, 232, 239, -1,
      237, 238, 236, -1,
      236, 238, 239, -1,
      236, 239, 235, -1,
      235, 239, 232, -1,
      235, 232, 234, -1,
      234, 232, 233, -1,
      241, 242, 243, -1,
      243, 242, 244, -1,
      243, 244, 245, -1,
      245, 244, 246, -1,
      245, 246, 247, -1,
      247, 246, 248, -1,
      247, 248, 249, -1,
      249, 248, 250, -1,
      249, 250, 251, -1,
      251, 250, 252, -1,
      251, 252, 253, -1,
      253, 252, 254, -1,
      253, 254, 255, -1,
      255, 254, 256, -1,
      255, 256, 257, -1,
      257, 256, 258, -1,
      257, 258, 259, -1,
      259, 258, 260, -1,
      259, 260, 261, -1,
      261, 260, 262, -1,
      261, 262, 263, -1,
      263, 262, 264, -1,
      263, 264, 265, -1,
      265, 264, 266, -1,
      265, 266, 267, -1,
      267, 266, 268, -1,
      267, 268, 269, -1,
      269, 268, 270, -1,
      269, 270, 271, -1,
      271, 270, 272, -1,
      271, 272, 273, -1,
      273, 272, 274, -1,
      273, 274, 275, -1,
      275, 274, 241, -1,
      275, 241, 243, -1,
      249, 251, 130, -1,
      130, 251, 129, -1,
      249, 130, 131, -1,
      249, 131, 247, -1,
      247, 131, 127, -1,
      247, 127, 245, -1,
      245, 127, 126, -1,
      245, 126, 243, -1,
      243, 126, 125, -1,
      243, 125, 275, -1,
      275, 125, 121, -1,
      275, 121, 273, -1,
      273, 121, 122, -1,
      273, 122, 271, -1,
      271, 122, 123, -1,
      271, 123, 269, -1,
      269, 123, 124, -1,
      269, 124, 267, -1,
      267, 124, 134, -1,
      267, 134, 265, -1,
      265, 134, 133, -1,
      265, 133, 263, -1,
      263, 133, 132, -1,
      263, 132, 261, -1,
      261, 132, 137, -1,
      261, 137, 259, -1,
      259, 137, 136, -1,
      259, 136, 257, -1,
      257, 136, 135, -1,
      257, 135, 255, -1,
      253, 255, 128, -1,
      128, 255, 135, -1,
      251, 253, 129, -1,
      129, 253, 128, -1,
      256, 254, 276, -1,
      276, 254, 277, -1,
      254, 252, 277, -1,
      277, 252, 278, -1,
      252, 250, 278, -1,
      278, 250, 279, -1,
      242, 280, 281, -1,
      242, 281, 244, -1,
      244, 281, 282, -1,
      244, 282, 246, -1,
      246, 282, 283, -1,
      246, 283, 248, -1,
      248, 283, 279, -1,
      248, 279, 250, -1,
      270, 284, 285, -1,
      270, 285, 272, -1,
      272, 285, 286, -1,
      272, 286, 274, -1,
      274, 286, 287, -1,
      274, 287, 241, -1,
      241, 287, 280, -1,
      241, 280, 242, -1,
      262, 288, 289, -1,
      262, 289, 264, -1,
      264, 289, 290, -1,
      264, 290, 266, -1,
      266, 290, 291, -1,
      266, 291, 268, -1,
      268, 291, 284, -1,
      268, 284, 270, -1,
      256, 276, 292, -1,
      256, 292, 258, -1,
      258, 292, 293, -1,
      258, 293, 260, -1,
      260, 293, 288, -1,
      260, 288, 262, -1,
    ]
  }
}

Shape {
  appearance Appearance {
    material Material {
      diffuseColor 0.2235 0.2235 0.2235
      specularColor 0.1137 0.1137 0.1137
      ambientIntensity 0.2
      transparency 0.0000
      shininess 0.5
    }
  }
  geometry IndexedFaceSet {
    ccw TRUE
    solid FALSE
    coord DEF co Coordinate {
      point [
        0.462899 -0.512627 0.354331,
        0.457299 -0.512627 0.354331,
        0.457299 -0.541206 0.354331,
        0.462681 -0.541206 0.354331,
        0.473702 -0.537340 0.354331,
        0.473020 -0.537958 0.354331,
        0.470565 -0.539566 0.354331,
        0.467396 -0.540698 0.354331,
        0.477662 -0.526556 0.354331,
        0.477541 -0.528896 0.354331,
        0.476822 -0.532294 0.354331,
        0.475548 -0.535048 0.354331,
        0.473597 -0.516114 0.354331,
        0.474603 -0.517101 0.354331,
        0.476046 -0.519171 0.354331,
        0.477098 -0.521863 0.354331,
        0.467667 -0.513153 0.354331,
        0.470884 -0.514312 0.354331,
      ]
    }
    coordIndex [
      1, 2, 0, -1,
      0, 2, 3, -1,
      0, 3, 7, -1,
      7, 6, 0, -1,
      0, 6, 5, -1,
      0, 5, 4, -1,
      4, 11, 0, -1,
      0, 11, 10, -1,
      0, 10, 9, -1,
      9, 8, 0, -1,
      0, 8, 15, -1,
      0, 15, 14, -1,
      14, 13, 0, -1,
      0, 13, 12, -1,
      0, 12, 16, -1,
      16, 12, 17, -1,
    ]
  }
}

Shape {
  appearance Appearance {
    material Material {
      diffuseColor 1.0000 1.0000 1.0000
      specularColor 0.5020 0.5020 0.5020
      ambientIntensity 0.2
      transparency 0.0000
      shininess 0.5
    }
  }
  geometry IndexedFaceSet {
    ccw TRUE
    solid FALSE
    coord DEF co Coordinate {
      point [
        0.490038 -0.545432 0.354331,
        0.484750 -0.545432 0.354331,
        0.512817 -0.545432 0.354331,
        0.509036 -0.535293 0.354331,
        0.493600 -0.535293 0.354331,
        0.518105 -0.545432 0.354331,
        0.503986 -0.508363 0.354331,
        0.498869 -0.508363 0.354331,
        0.495117 -0.531105 0.358268,
        0.493600 -0.535293 0.358268,
        0.507558 -0.531105 0.358268,
        0.509036 -0.535293 0.358268,
        0.500660 -0.515697 0.358268,
        0.498869 -0.508363 0.358268,
        0.484750 -0.545432 0.358268,
        0.490038 -0.545432 0.358268,
        0.500981 -0.514591 0.358268,
        0.501266 -0.513101 0.358268,
        0.503986 -0.508363 0.358268,
        0.501380 -0.513101 0.358268,
        0.501680 -0.514669 0.358268,
        0.501958 -0.515697 0.358268,
        0.518105 -0.545432 0.358268,
        0.512817 -0.545432 0.358268,
        0.495117 -0.531105 0.354331,
        0.507558 -0.531105 0.354331,
        0.501958 -0.515697 0.354331,
        0.501380 -0.513101 0.354331,
        0.501680 -0.514669 0.354331,
        0.501266 -0.513101 0.354331,
        0.500660 -0.515697 0.354331,
        0.500981 -0.514591 0.354331,
      ]
    }
    coordIndex [
      8, 9, 10, -1,
      10, 9, 11, -1,
      12, 13, 8, -1,
      8, 13, 14, -1,
      8, 14, 9, -1,
      9, 14, 15, -1,
      12, 16, 13, -1,
      13, 16, 17, -1,
      13, 17, 18, -1,
      18, 17, 19, -1,
      18, 19, 20, -1,
      20, 21, 18, -1,
      18, 21, 10, -1,
      18, 10, 22, -1,
      22, 10, 11, -1,
      22, 11, 23, -1,
      18, 22, 6, -1,
      6, 22, 5, -1,
      13, 18, 7, -1,
      7, 18, 6, -1,
      14, 13, 1, -1,
      1, 13, 7, -1,
      15, 14, 0, -1,
      0, 14, 1, -1,
      9, 15, 4, -1,
      4, 15, 0, -1,
      11, 9, 3, -1,
      3, 9, 4, -1,
      23, 11, 2, -1,
      2, 11, 3, -1,
      22, 23, 5, -1,
      5, 23, 2, -1,
      8, 10, 24, -1,
      24, 10, 25, -1,
      10, 21, 25, -1,
      25, 21, 26, -1,
      19, 27, 28, -1,
      19, 28, 20, -1,
      20, 28, 26, -1,
      20, 26, 21, -1,
      19, 17, 27, -1,
      27, 17, 29, -1,
      12, 30, 31, -1,
      12, 31, 16, -1,
      16, 31, 29, -1,
      16, 29, 17, -1,
      12, 8, 30, -1,
      30, 8, 24, -1,
    ]
  }
}

Shape {
  appearance Appearance {
    material Material {
      diffuseColor 0.2235 0.2235 0.2235
      specularColor 0.1137 0.1137 0.1137
      ambientIntensity 0.2
      transparency 0.0000
      shininess 0.5
    }
  }
  geometry IndexedFaceSet {
    ccw TRUE
    solid FALSE
    coord DEF co Coordinate {
      point [
        0.495117 -0.531105 0.354331,
        0.507558 -0.531105 0.354331,
        0.501958 -0.515697 0.354331,
        0.501380 -0.513101 0.354331,
        0.501680 -0.514669 0.354331,
        0.501266 -0.513101 0.354331,
        0.500660 -0.515697 0.354331,
        0.500981 -0.514591 0.354331,
      ]
    }
    coordIndex [
      3, 5, 4, -1,
      4, 5, 7, -1,
      4, 7, 2, -1,
      2, 7, 6, -1,
      2, 6, 1, -1,
      1, 6, 0, -1,
    ]
  }
}

Shape {
  appearance Appearance {
    material Material {
      diffuseColor 1.0000 1.0000 1.0000
      specularColor 0.5020 0.5020 0.5020
      ambientIntensity 0.2
      transparency 0.0000
      shininess 0.5
    }
  }
  geometry IndexedFaceSet {
    ccw TRUE
    solid FALSE
    coord DEF co Coordinate {
      point [
        0.275796 -0.478593 0.354331,
        0.282903 -0.484678 0.354331,
        0.240477 -0.445413 0.354331,
        0.246176 -0.449244 0.354331,
        0.252232 -0.453316 0.354331,
        0.260838 -0.463235 0.354331,
        0.266464 -0.474137 0.354331,
        0.267973 -0.474650 0.354331,
        0.191154 -0.445926 0.354331,
        0.203304 -0.441228 0.354331,
        0.216388 -0.439611 0.354331,
        0.227251 -0.440752 0.354331,
        0.136794 -0.473609 0.354331,
        0.139104 -0.471458 0.354331,
        0.185802 -0.449244 0.354331,
        0.184761 -0.449890 0.354331,
        0.147938 -0.465520 0.354331,
        0.157772 -0.461991 0.354331,
        0.167103 -0.460959 0.354331,
        0.178568 -0.455194 0.354331,
        0.170134 -0.461124 0.354331,
        0.173165 -0.461486 0.354331,
        0.125070 -0.497807 0.354331,
        0.126567 -0.490227 0.354331,
        0.128120 -0.486939 0.354331,
        0.130988 -0.480871 0.354331,
        0.152068 -0.543621 0.354331,
        0.142689 -0.538713 0.354331,
        0.135476 -0.532383 0.354331,
        0.134525 -0.531290 0.354331,
        0.128950 -0.522807 0.354331,
        0.125435 -0.512937 0.354331,
        0.124407 -0.503655 0.354331,
        0.124514 -0.500626 0.354331,
        0.156561 -0.545033 0.354331,
        0.156893 -0.545744 0.354331,
        0.159197 -0.550677 0.354331,
        0.163114 -0.555516 0.354331,
        0.192513 -0.560429 0.354331,
        0.187967 -0.562172 0.354331,
        0.181599 -0.562955 0.354331,
        0.180569 -0.562936 0.354331,
        0.174347 -0.561962 0.354331,
        0.170702 -0.560429 0.354331,
        0.168268 -0.559404 0.354331,
        0.206299 -0.545744 0.354331,
        0.206283 -0.545811 0.354331,
        0.203174 -0.551691 0.354331,
        0.199096 -0.556267 0.354331,
        0.193846 -0.559917 0.354331,
        0.282804 -0.533700 0.354331,
        0.275372 -0.539939 0.354331,
        0.287878 -0.526700 0.354331,
        0.201365 -0.518941 0.354331,
        0.236682 -0.500493 0.354331,
        0.196768 -0.514754 0.354331,
        0.191178 -0.511754 0.354331,
        0.276090 -0.506650 0.354331,
        0.274860 -0.501585 0.354331,
        0.272831 -0.497807 0.354331,
        0.141665 -0.497807 0.354331,
        0.241848 -0.529459 0.354331,
        0.244852 -0.514461 0.354331,
        0.240032 -0.530151 0.354331,
        0.238400 -0.531279 0.354331,
        0.241941 -0.545360 0.354331,
        0.240190 -0.544712 0.354331,
        0.238456 -0.543530 0.354331,
        0.237685 -0.542755 0.354331,
        0.143200 -0.513604 0.354331,
        0.146363 -0.518993 0.354331,
        0.159746 -0.521696 0.354331,
        0.151091 -0.523845 0.354331,
        0.156824 -0.527375 0.354331,
        0.169497 -0.512976 0.354331,
        0.164106 -0.516717 0.354331,
        0.141011 -0.503128 0.354331,
        0.141320 -0.507150 0.354331,
        0.243798 -0.529220 0.354331,
        0.244054 -0.529239 0.354331,
        0.244845 -0.529414 0.354331,
        0.267305 -0.543804 0.354331,
        0.258821 -0.545561 0.354331,
        0.243271 -0.545561 0.354331,
        0.175320 -0.510752 0.354331,
        0.181599 -0.509980 0.354331,
        0.184817 -0.510172 0.354331,
        0.291406 -0.500270 0.354331,
        0.292556 -0.508663 0.354331,
        0.292540 -0.509759 0.354331,
        0.291260 -0.518394 0.354331,
        0.235628 -0.537390 0.354331,
        0.235661 -0.536656 0.354331,
        0.207954 -0.533964 0.354331,
        0.236113 -0.534631 0.354331,
        0.237064 -0.532789 0.354331,
        0.236548 -0.541094 0.354331,
        0.235865 -0.539305 0.354331,
        0.207816 -0.539303 0.354331,
        0.207954 -0.536600 0.354331,
        0.270872 -0.522860 0.354331,
        0.273770 -0.518748 0.354331,
        0.275585 -0.514050 0.354331,
        0.276215 -0.508926 0.354331,
        0.245379 -0.529483 0.354331,
        0.257239 -0.529483 0.354331,
        0.261944 -0.528585 0.354331,
        0.266598 -0.526437 0.354331,
        0.270499 -0.523259 0.354331,
        0.253550 -0.488369 0.354331,
        0.144049 -0.490881 0.354331,
        0.141794 -0.496760 0.354331,
        0.255658 -0.488369 0.354331,
        0.272416 -0.497033 0.354331,
        0.269350 -0.493607 0.354331,
        0.265261 -0.490754 0.354331,
        0.260661 -0.488985 0.354331,
        0.242778 -0.466257 0.354331,
        0.240961 -0.464567 0.354331,
        0.181335 -0.480726 0.354331,
        0.248502 -0.473553 0.354331,
        0.146790 -0.486939 0.354331,
        0.179405 -0.479673 0.354331,
        0.253259 -0.486939 0.354331,
        0.252294 -0.482176 0.354331,
        0.233512 -0.459511 0.354331,
        0.225220 -0.456432 0.354331,
        0.185112 -0.472780 0.354331,
        0.216652 -0.455424 0.354331,
        0.173493 -0.477525 0.354331,
        0.167367 -0.476772 0.354331,
        0.164663 -0.476911 0.354331,
        0.206852 -0.456700 0.354331,
        0.198243 -0.460218 0.354331,
        0.190929 -0.465651 0.354331,
        0.158155 -0.478443 0.354331,
        0.152275 -0.481553 0.354331,
        0.147700 -0.485630 0.354331,
        0.284504 -0.486939 0.354331,
        0.288236 -0.492208 0.354331,
        0.290438 -0.497807 0.354331,
        0.159197 -0.550677 0.358268,
        0.163114 -0.555516 0.358268,
        0.156824 -0.527375 0.358268,
        0.207954 -0.533964 0.358268,
        0.185966 -0.527693 0.358268,
        0.188088 -0.529122 0.358268,
        0.244852 -0.514461 0.358268,
        0.236682 -0.500493 0.358268,
        0.201365 -0.518941 0.358268,
        0.276215 -0.508926 0.358268,
        0.275585 -0.514050 0.358268,
        0.291260 -0.518394 0.358268,
        0.174482 -0.544516 0.358268,
        0.176583 -0.545970 0.358268,
        0.168268 -0.559404 0.358268,
        0.179019 -0.546876 0.358268,
        0.151091 -0.523845 0.358268,
        0.152068 -0.543621 0.358268,
        0.156561 -0.545033 0.358268,
        0.253550 -0.488369 0.358268,
        0.255658 -0.488369 0.358268,
        0.266464 -0.474137 0.358268,
        0.260661 -0.488985 0.358268,
        0.267973 -0.474650 0.358268,
        0.265261 -0.490754 0.358268,
        0.275796 -0.478593 0.358268,
        0.282903 -0.484678 0.358268,
        0.179405 -0.479673 0.358268,
        0.181335 -0.480726 0.358268,
        0.173165 -0.461486 0.358268,
        0.185112 -0.472780 0.358268,
        0.178568 -0.455194 0.358268,
        0.190929 -0.465651 0.358268,
        0.184761 -0.449890 0.358268,
        0.198243 -0.460218 0.358268,
        0.191154 -0.445926 0.358268,
        0.191178 -0.511754 0.358268,
        0.184817 -0.510172 0.358268,
        0.181335 -0.526585 0.358268,
        0.181599 -0.509980 0.358268,
        0.179117 -0.526828 0.358268,
        0.175320 -0.510752 0.358268,
        0.176790 -0.527650 0.358268,
        0.169497 -0.512976 0.358268,
        0.174685 -0.529034 0.358268,
        0.164106 -0.516717 0.358268,
        0.172954 -0.530915 0.358268,
        0.159746 -0.521696 0.358268,
        0.171726 -0.533202 0.358268,
        0.171117 -0.535734 0.358268,
        0.287878 -0.526700 0.358268,
        0.273770 -0.518748 0.358268,
        0.282804 -0.533700 0.358268,
        0.252232 -0.453316 0.358268,
        0.242778 -0.466257 0.358268,
        0.260838 -0.463235 0.358268,
        0.248502 -0.473553 0.358268,
        0.252294 -0.482176 0.358268,
        0.146363 -0.518993 0.358268,
        0.135476 -0.532383 0.358268,
        0.142689 -0.538713 0.358268,
        0.141794 -0.496760 0.358268,
        0.124514 -0.500626 0.358268,
        0.141011 -0.503128 0.358268,
        0.124407 -0.503655 0.358268,
        0.141320 -0.507150 0.358268,
        0.125435 -0.512937 0.358268,
        0.143200 -0.513604 0.358268,
        0.128950 -0.522807 0.358268,
        0.134525 -0.531290 0.358268,
        0.269350 -0.493607 0.358268,
        0.272416 -0.497033 0.358268,
        0.288236 -0.492208 0.358268,
        0.274860 -0.501585 0.358268,
        0.291406 -0.500270 0.358268,
        0.276090 -0.506650 0.358268,
        0.292556 -0.508663 0.358268,
        0.292540 -0.509759 0.358268,
        0.270872 -0.522860 0.358268,
        0.270499 -0.523259 0.358268,
        0.275372 -0.539939 0.358268,
        0.266598 -0.526437 0.358268,
        0.267305 -0.543804 0.358268,
        0.261944 -0.528585 0.358268,
        0.258821 -0.545561 0.358268,
        0.257239 -0.529483 0.358268,
        0.243271 -0.545561 0.358268,
        0.245379 -0.529483 0.358268,
        0.241941 -0.545360 0.358268,
        0.203304 -0.441228 0.358268,
        0.206852 -0.456700 0.358268,
        0.216388 -0.439611 0.358268,
        0.216652 -0.455424 0.358268,
        0.227251 -0.440752 0.358268,
        0.225220 -0.456432 0.358268,
        0.240477 -0.445413 0.358268,
        0.233512 -0.459511 0.358268,
        0.240961 -0.464567 0.358268,
        0.173493 -0.477525 0.358268,
        0.170134 -0.461124 0.358268,
        0.167367 -0.476772 0.358268,
        0.167103 -0.460959 0.358268,
        0.164663 -0.476911 0.358268,
        0.157772 -0.461991 0.358268,
        0.158155 -0.478443 0.358268,
        0.147938 -0.465520 0.358268,
        0.152275 -0.481553 0.358268,
        0.139104 -0.471458 0.358268,
        0.147700 -0.485630 0.358268,
        0.136794 -0.473609 0.358268,
        0.144049 -0.490881 0.358268,
        0.130988 -0.480871 0.358268,
        0.126567 -0.490227 0.358268,
        0.172806 -0.542600 0.358268,
        0.171687 -0.540423 0.358268,
        0.171117 -0.537993 0.358268,
        0.183517 -0.526820 0.358268,
        0.196768 -0.514754 0.358268,
        0.189788 -0.531015 0.358268,
        0.190935 -0.533178 0.358268,
        0.207954 -0.536600 0.358268,
        0.191540 -0.535621 0.358268,
        0.207816 -0.539303 0.358268,
        0.191544 -0.538056 0.358268,
        0.206283 -0.545811 0.358268,
        0.190912 -0.540585 0.358268,
        0.203174 -0.551691 0.358268,
        0.189681 -0.542851 0.358268,
        0.199096 -0.556267 0.358268,
        0.187946 -0.544730 0.358268,
        0.193846 -0.559917 0.358268,
        0.185894 -0.546080 0.358268,
        0.187967 -0.562172 0.358268,
        0.183574 -0.546899 0.358268,
        0.181599 -0.562955 0.358268,
        0.181335 -0.547142 0.358268,
        0.180569 -0.562936 0.358268,
        0.174347 -0.561962 0.358268,
        0.244054 -0.529239 0.358268,
        0.237685 -0.542755 0.358268,
        0.238456 -0.543530 0.358268,
        0.241848 -0.529459 0.358268,
        0.240032 -0.530151 0.358268,
        0.235661 -0.536656 0.358268,
        0.235628 -0.537390 0.358268,
        0.235865 -0.539305 0.358268,
        0.236548 -0.541094 0.358268,
        0.244845 -0.529414 0.358268,
        0.240190 -0.544712 0.358268,
        0.243798 -0.529220 0.358268,
        0.238400 -0.531279 0.358268,
        0.237064 -0.532789 0.358268,
        0.236113 -0.534631 0.358268,
        0.181335 -0.526585 0.354331,
        0.183517 -0.526820 0.354331,
        0.185966 -0.527693 0.354331,
        0.188088 -0.529122 0.354331,
        0.189788 -0.531015 0.354331,
        0.190935 -0.533178 0.354331,
        0.191540 -0.535621 0.354331,
        0.191544 -0.538056 0.354331,
        0.190912 -0.540585 0.354331,
        0.189681 -0.542851 0.354331,
        0.187946 -0.544730 0.354331,
        0.185894 -0.546080 0.354331,
        0.183574 -0.546899 0.354331,
        0.181335 -0.547142 0.354331,
        0.179019 -0.546876 0.354331,
        0.176583 -0.545970 0.354331,
        0.174482 -0.544516 0.354331,
        0.172806 -0.542600 0.354331,
        0.171687 -0.540423 0.354331,
        0.171117 -0.537993 0.354331,
        0.171117 -0.535734 0.354331,
        0.171726 -0.533202 0.354331,
        0.172954 -0.530915 0.354331,
        0.174685 -0.529034 0.354331,
        0.176790 -0.527650 0.354331,
        0.179117 -0.526828 0.354331,
      ]
    }
    coordIndex [
      141, 142, 143, -1,
      144, 145, 146, -1,
      147, 148, 144, -1,
      144, 148, 149, -1,
      150, 151, 152, -1,
      153, 142, 154, -1,
      154, 142, 155, -1,
      154, 155, 156, -1,
      157, 158, 143, -1,
      143, 158, 159, -1,
      143, 159, 141, -1,
      160, 161, 162, -1,
      162, 161, 163, -1,
      162, 163, 164, -1,
      164, 163, 165, -1,
      164, 165, 166, -1,
      166, 165, 167, -1,
      168, 169, 170, -1,
      170, 169, 171, -1,
      170, 171, 172, -1,
      172, 171, 173, -1,
      172, 173, 174, -1,
      174, 173, 175, -1,
      174, 175, 176, -1,
      177, 178, 179, -1,
      179, 178, 180, -1,
      179, 180, 181, -1,
      181, 180, 182, -1,
      181, 182, 183, -1,
      183, 182, 184, -1,
      183, 184, 185, -1,
      185, 184, 186, -1,
      185, 186, 187, -1,
      187, 186, 188, -1,
      187, 188, 189, -1,
      189, 188, 143, -1,
      189, 143, 190, -1,
      152, 151, 191, -1,
      191, 151, 192, -1,
      191, 192, 193, -1,
      194, 195, 196, -1,
      196, 195, 197, -1,
      196, 197, 162, -1,
      162, 197, 198, -1,
      162, 198, 160, -1,
      199, 200, 157, -1,
      157, 200, 201, -1,
      157, 201, 158, -1,
      202, 203, 204, -1,
      204, 203, 205, -1,
      204, 205, 206, -1,
      206, 205, 207, -1,
      206, 207, 208, -1,
      208, 207, 209, -1,
      208, 209, 199, -1,
      199, 209, 210, -1,
      199, 210, 200, -1,
      165, 211, 167, -1,
      167, 211, 212, -1,
      167, 212, 213, -1,
      213, 212, 214, -1,
      213, 214, 215, -1,
      215, 214, 216, -1,
      215, 216, 217, -1,
      217, 216, 150, -1,
      217, 150, 218, -1,
      218, 150, 152, -1,
      192, 219, 193, -1,
      193, 219, 220, -1,
      193, 220, 221, -1,
      221, 220, 222, -1,
      221, 222, 223, -1,
      223, 222, 224, -1,
      223, 224, 225, -1,
      225, 224, 226, -1,
      225, 226, 227, -1,
      227, 226, 228, -1,
      227, 228, 229, -1,
      176, 175, 230, -1,
      230, 175, 231, -1,
      230, 231, 232, -1,
      232, 231, 233, -1,
      232, 233, 234, -1,
      234, 233, 235, -1,
      234, 235, 236, -1,
      236, 235, 237, -1,
      236, 237, 194, -1,
      194, 237, 238, -1,
      194, 238, 195, -1,
      168, 170, 239, -1,
      239, 170, 240, -1,
      239, 240, 241, -1,
      241, 240, 242, -1,
      241, 242, 243, -1,
      243, 242, 244, -1,
      243, 244, 245, -1,
      245, 244, 246, -1,
      245, 246, 247, -1,
      247, 246, 248, -1,
      247, 248, 249, -1,
      249, 248, 250, -1,
      249, 250, 251, -1,
      251, 250, 252, -1,
      251, 252, 202, -1,
      202, 252, 253, -1,
      202, 253, 203, -1,
      153, 254, 142, -1,
      142, 254, 255, -1,
      142, 255, 143, -1,
      143, 255, 256, -1,
      143, 256, 190, -1,
      145, 144, 257, -1,
      257, 144, 149, -1,
      257, 149, 179, -1,
      179, 149, 258, -1,
      179, 258, 177, -1,
      146, 259, 144, -1,
      144, 259, 260, -1,
      144, 260, 261, -1,
      261, 260, 262, -1,
      261, 262, 263, -1,
      263, 262, 264, -1,
      263, 264, 265, -1,
      265, 264, 266, -1,
      265, 266, 267, -1,
      267, 266, 268, -1,
      267, 268, 269, -1,
      269, 268, 270, -1,
      269, 270, 271, -1,
      271, 270, 272, -1,
      271, 272, 273, -1,
      273, 272, 274, -1,
      273, 274, 275, -1,
      275, 274, 276, -1,
      275, 276, 277, -1,
      277, 276, 156, -1,
      277, 156, 278, -1,
      278, 156, 155, -1,
      279, 280, 281, -1,
      282, 283, 284, -1,
      285, 286, 279, -1,
      279, 286, 287, -1,
      279, 287, 280, -1,
      228, 288, 229, -1,
      229, 288, 279, -1,
      229, 279, 289, -1,
      289, 279, 281, -1,
      285, 279, 284, -1,
      284, 279, 290, -1,
      284, 290, 282, -1,
      283, 291, 284, -1,
      284, 291, 292, -1,
      284, 292, 293, -1,
      138, 167, 139, -1,
      139, 167, 213, -1,
      139, 213, 140, -1,
      140, 213, 215, -1,
      140, 215, 87, -1,
      87, 215, 217, -1,
      87, 217, 88, -1,
      138, 1, 167, -1,
      167, 1, 0, -1,
      167, 0, 166, -1,
      166, 0, 7, -1,
      166, 7, 164, -1,
      164, 7, 6, -1,
      164, 6, 162, -1,
      162, 6, 5, -1,
      162, 5, 196, -1,
      196, 5, 4, -1,
      196, 4, 194, -1,
      194, 4, 236, -1,
      236, 4, 3, -1,
      3, 2, 236, -1,
      236, 2, 11, -1,
      236, 11, 234, -1,
      234, 11, 10, -1,
      234, 10, 232, -1,
      15, 174, 14, -1,
      14, 174, 176, -1,
      14, 176, 8, -1,
      8, 176, 230, -1,
      8, 230, 9, -1,
      9, 230, 232, -1,
      9, 232, 10, -1,
      174, 15, 19, -1,
      174, 19, 172, -1,
      172, 19, 21, -1,
      172, 21, 170, -1,
      170, 21, 20, -1,
      170, 20, 240, -1,
      240, 20, 18, -1,
      240, 18, 242, -1,
      242, 18, 17, -1,
      242, 17, 244, -1,
      244, 17, 16, -1,
      244, 16, 246, -1,
      246, 16, 13, -1,
      246, 13, 248, -1,
      248, 13, 12, -1,
      248, 12, 250, -1,
      253, 252, 25, -1,
      25, 252, 250, -1,
      25, 250, 12, -1,
      25, 24, 253, -1,
      253, 24, 23, -1,
      253, 23, 203, -1,
      203, 23, 22, -1,
      22, 33, 203, -1,
      203, 33, 32, -1,
      203, 32, 205, -1,
      205, 32, 31, -1,
      205, 31, 207, -1,
      207, 31, 30, -1,
      207, 30, 209, -1,
      209, 30, 29, -1,
      209, 29, 210, -1,
      210, 29, 28, -1,
      210, 28, 200, -1,
      200, 28, 27, -1,
      200, 27, 201, -1,
      201, 27, 26, -1,
      201, 26, 158, -1,
      158, 26, 34, -1,
      158, 34, 159, -1,
      159, 34, 35, -1,
      159, 35, 141, -1,
      35, 36, 141, -1,
      141, 36, 37, -1,
      141, 37, 142, -1,
      142, 37, 44, -1,
      142, 44, 155, -1,
      155, 44, 43, -1,
      155, 43, 278, -1,
      43, 42, 278, -1,
      278, 42, 41, -1,
      278, 41, 277, -1,
      277, 41, 40, -1,
      277, 40, 275, -1,
      99, 261, 263, -1,
      275, 40, 39, -1,
      275, 39, 273, -1,
      273, 39, 38, -1,
      273, 38, 271, -1,
      38, 49, 271, -1,
      271, 49, 48, -1,
      271, 48, 269, -1,
      269, 48, 47, -1,
      269, 47, 267, -1,
      267, 47, 46, -1,
      267, 46, 265, -1,
      265, 46, 45, -1,
      265, 45, 263, -1,
      263, 45, 98, -1,
      263, 98, 99, -1,
      144, 261, 93, -1,
      93, 261, 99, -1,
      147, 144, 62, -1,
      62, 144, 93, -1,
      148, 147, 54, -1,
      54, 147, 62, -1,
      149, 148, 53, -1,
      53, 148, 54, -1,
      149, 53, 55, -1,
      149, 55, 258, -1,
      258, 55, 56, -1,
      258, 56, 177, -1,
      177, 56, 86, -1,
      177, 86, 178, -1,
      178, 86, 85, -1,
      178, 85, 180, -1,
      180, 85, 84, -1,
      180, 84, 182, -1,
      182, 84, 74, -1,
      182, 74, 184, -1,
      184, 74, 75, -1,
      184, 75, 186, -1,
      186, 75, 71, -1,
      186, 71, 188, -1,
      188, 71, 73, -1,
      188, 73, 143, -1,
      143, 73, 72, -1,
      143, 72, 157, -1,
      157, 72, 70, -1,
      157, 70, 199, -1,
      199, 70, 69, -1,
      199, 69, 208, -1,
      208, 69, 77, -1,
      208, 77, 206, -1,
      206, 77, 76, -1,
      206, 76, 204, -1,
      76, 60, 204, -1,
      204, 60, 202, -1,
      60, 111, 202, -1,
      202, 111, 110, -1,
      202, 110, 251, -1,
      251, 110, 121, -1,
      251, 121, 249, -1,
      121, 137, 249, -1,
      249, 137, 136, -1,
      249, 136, 247, -1,
      247, 136, 135, -1,
      247, 135, 245, -1,
      245, 135, 131, -1,
      245, 131, 243, -1,
      243, 131, 130, -1,
      243, 130, 241, -1,
      241, 130, 129, -1,
      241, 129, 239, -1,
      239, 129, 122, -1,
      239, 122, 168, -1,
      168, 122, 119, -1,
      168, 119, 169, -1,
      169, 119, 127, -1,
      169, 127, 171, -1,
      171, 127, 134, -1,
      171, 134, 173, -1,
      173, 134, 133, -1,
      173, 133, 175, -1,
      175, 133, 132, -1,
      175, 132, 231, -1,
      231, 132, 128, -1,
      231, 128, 233, -1,
      109, 160, 123, -1,
      123, 160, 198, -1,
      123, 198, 124, -1,
      124, 198, 197, -1,
      124, 197, 120, -1,
      120, 197, 195, -1,
      120, 195, 117, -1,
      117, 195, 238, -1,
      117, 238, 118, -1,
      118, 238, 237, -1,
      118, 237, 125, -1,
      125, 237, 235, -1,
      125, 235, 126, -1,
      126, 235, 233, -1,
      126, 233, 128, -1,
      161, 160, 112, -1,
      112, 160, 109, -1,
      161, 112, 116, -1,
      161, 116, 163, -1,
      163, 116, 115, -1,
      163, 115, 165, -1,
      165, 115, 114, -1,
      165, 114, 211, -1,
      211, 114, 113, -1,
      211, 113, 212, -1,
      212, 113, 59, -1,
      212, 59, 214, -1,
      59, 58, 214, -1,
      214, 58, 57, -1,
      214, 57, 216, -1,
      216, 57, 103, -1,
      216, 103, 150, -1,
      150, 103, 102, -1,
      150, 102, 151, -1,
      151, 102, 101, -1,
      151, 101, 192, -1,
      192, 101, 100, -1,
      192, 100, 219, -1,
      219, 100, 108, -1,
      219, 108, 220, -1,
      220, 108, 107, -1,
      220, 107, 222, -1,
      222, 107, 106, -1,
      222, 106, 224, -1,
      224, 106, 105, -1,
      224, 105, 226, -1,
      228, 226, 104, -1,
      104, 226, 105, -1,
      228, 104, 80, -1,
      228, 80, 288, -1,
      288, 80, 79, -1,
      288, 79, 279, -1,
      279, 79, 78, -1,
      279, 78, 290, -1,
      290, 78, 61, -1,
      290, 61, 282, -1,
      282, 61, 63, -1,
      282, 63, 283, -1,
      283, 63, 64, -1,
      283, 64, 291, -1,
      291, 64, 95, -1,
      291, 95, 292, -1,
      292, 95, 94, -1,
      292, 94, 293, -1,
      293, 94, 92, -1,
      293, 92, 284, -1,
      284, 92, 91, -1,
      284, 91, 285, -1,
      285, 91, 97, -1,
      285, 97, 286, -1,
      286, 97, 96, -1,
      286, 96, 287, -1,
      287, 96, 68, -1,
      287, 68, 280, -1,
      280, 68, 67, -1,
      280, 67, 281, -1,
      281, 67, 66, -1,
      281, 66, 289, -1,
      289, 66, 65, -1,
      289, 65, 229, -1,
      229, 65, 83, -1,
      229, 83, 227, -1,
      225, 227, 82, -1,
      82, 227, 83, -1,
      225, 82, 81, -1,
      225, 81, 223, -1,
      223, 81, 51, -1,
      223, 51, 221, -1,
      221, 51, 50, -1,
      221, 50, 193, -1,
      193, 50, 52, -1,
      193, 52, 191, -1,
      191, 52, 90, -1,
      191, 90, 152, -1,
      152, 90, 89, -1,
      152, 89, 218, -1,
      218, 89, 88, -1,
      218, 88, 217, -1,
      179, 294, 295, -1,
      179, 295, 257, -1,
      257, 295, 296, -1,
      257, 296, 145, -1,
      145, 296, 297, -1,
      145, 297, 146, -1,
      146, 297, 298, -1,
      146, 298, 259, -1,
      259, 298, 299, -1,
      259, 299, 260, -1,
      260, 299, 300, -1,
      260, 300, 262, -1,
      262, 300, 301, -1,
      262, 301, 264, -1,
      264, 301, 302, -1,
      264, 302, 266, -1,
      266, 302, 303, -1,
      266, 303, 268, -1,
      268, 303, 304, -1,
      268, 304, 270, -1,
      270, 304, 305, -1,
      270, 305, 272, -1,
      272, 305, 306, -1,
      272, 306, 274, -1,
      274, 306, 307, -1,
      274, 307, 276, -1,
      276, 307, 308, -1,
      276, 308, 156, -1,
      156, 308, 309, -1,
      156, 309, 154, -1,
      154, 309, 310, -1,
      154, 310, 153, -1,
      153, 310, 311, -1,
      153, 311, 254, -1,
      254, 311, 312, -1,
      254, 312, 255, -1,
      255, 312, 313, -1,
      255, 313, 256, -1,
      256, 313, 314, -1,
      256, 314, 190, -1,
      190, 314, 315, -1,
      190, 315, 189, -1,
      189, 315, 316, -1,
      189, 316, 187, -1,
      187, 316, 317, -1,
      187, 317, 185, -1,
      185, 317, 318, -1,
      185, 318, 183, -1,
      183, 318, 319, -1,
      183, 319, 181, -1,
      181, 319, 294, -1,
      181, 294, 179, -1,
    ]
  }
}

Shape {
  appearance Appearance {
    material Material {
      diffuseColor 0.2235 0.2235 0.2235
      specularColor 0.1137 0.1137 0.1137
      ambientIntensity 0.2
      transparency 0.0000
      shininess 0.5
    }
  }
  geometry IndexedFaceSet {
    ccw TRUE
    solid FALSE
    coord DEF co Coordinate {
      point [
        0.181335 -0.526585 0.354331,
        0.183517 -0.526820 0.354331,
        0.185966 -0.527693 0.354331,
        0.188088 -0.529122 0.354331,
        0.189788 -0.531015 0.354331,
        0.190935 -0.533178 0.354331,
        0.191540 -0.535621 0.354331,
        0.191544 -0.538056 0.354331,
        0.190912 -0.540585 0.354331,
        0.189681 -0.542851 0.354331,
        0.187946 -0.544730 0.354331,
        0.185894 -0.546080 0.354331,
        0.183574 -0.546899 0.354331,
        0.181335 -0.547142 0.354331,
        0.179019 -0.546876 0.354331,
        0.176583 -0.545970 0.354331,
        0.174482 -0.544516 0.354331,
        0.172806 -0.542600 0.354331,
        0.171687 -0.540423 0.354331,
        0.171117 -0.537993 0.354331,
        0.171117 -0.535734 0.354331,
        0.171726 -0.533202 0.354331,
        0.172954 -0.530915 0.354331,
        0.174685 -0.529034 0.354331,
        0.176790 -0.527650 0.354331,
        0.179117 -0.526828 0.354331,
      ]
    }
    coordIndex [
      12, 0, 13, -1,
      13, 0, 25, -1,
      19, 25, 20, -1,
      20, 25, 24, -1,
      6, 5, 12, -1,
      12, 5, 4, -1,
      12, 4, 3, -1,
      3, 2, 12, -1,
      12, 2, 1, -1,
      12, 1, 0, -1,
      24, 23, 20, -1,
      20, 23, 22, -1,
      20, 22, 21, -1,
      19, 18, 25, -1,
      25, 18, 17, -1,
      25, 17, 16, -1,
      12, 11, 6, -1,
      6, 11, 10, -1,
      6, 10, 7, -1,
      7, 10, 9, -1,
      7, 9, 8, -1,
      16, 15, 25, -1,
      25, 15, 14, -1,
      25, 14, 13, -1,
    ]
  }
}

Shape {
  appearance Appearance {
    material Material {
      diffuseColor 0.6667 0.6980 0.7686
      specularColor 0.3333 0.3490 0.3843
      ambientIntensity 0.2
      transparency 0.0000
      shininess 0.5
    }
  }
  geometry IndexedFaceSet {
    ccw TRUE
    solid FALSE
    coord DEF co Coordinate {
      point [
        -0.226378 -0.344488 0.000000,
        0.344488 0.344488 0.000000,
        0.344488 -0.344488 0.000000,
        -0.344488 0.344488 0.000000,
        -0.344488 -0.226378 0.000000,
        -0.226378 -0.344488 -0.011811,
        0.344488 -0.344488 -0.011811,
        0.344488 0.344488 -0.011811,
        -0.344488 0.344488 -0.011811,
        -0.344488 -0.226378 -0.011811,
      ]
    }
    coordIndex [
      5, 6, 0, -1,
      0, 6, 2, -1,
      7, 1, 6, -1,
      6, 1, 2, -1,
      8, 3, 7, -1,
      7, 3, 1, -1,
      4, 3, 9, -1,
      9, 3, 8, -1,
      9, 8, 5, -1,
      5, 8, 7, -1,
      5, 7, 6, -1,
      0, 4, 5, -1,
      5, 4, 9, -1,
    ]
  }
}
