#VRML V2.0 utf8

Shape {
  appearance Appearance {
    material Material {
      diffuseColor 0.2078 0.2078 0.2078
      specularColor 0.0157 0.0157 0.0157
      ambientIntensity 0.2
      transparency 0.0000
      shininess 0.5
    }
  }
  geometry IndexedFaceSet {
    ccw TRUE
    solid FALSE
    coord DEF co Coordinate {
      point [
        0.526241 -0.662670 0.088583,
        0.525901 -0.662706 0.088583,
        0.529724 -0.662706 0.088583,
        0.529724 -0.630211 0.088583,
        0.525433 -0.630211 0.088583,
        0.529724 -0.635556 0.088583,
        0.525433 -0.635556 0.088583,
        0.533428 -0.621346 0.088583,
        0.529724 -0.621346 0.088583,
        0.531566 -0.621480 0.088583,
        0.529724 -0.621480 0.088583,
        0.531115 -0.630211 0.088583,
        0.531928 -0.635556 0.088583,
        0.531115 -0.628392 0.088583,
        0.531566 -0.623307 0.088583,
        0.529724 -0.628392 0.088583,
        0.529724 -0.623307 0.088583,
        0.525433 -0.623307 0.088583,
        0.525433 -0.628392 0.088583,
        0.523383 -0.637368 0.088583,
        0.522463 -0.637502 0.088583,
        0.529724 -0.637502 0.088583,
        0.533428 -0.637502 0.088583,
        0.531928 -0.637368 0.088583,
        0.529724 -0.637368 0.088583,
        0.523383 -0.621480 0.088583,
        0.522463 -0.621346 0.088583,
        0.552539 -0.633022 0.088583,
        0.551012 -0.637368 0.088583,
        0.553325 -0.637502 0.088583,
        0.548305 -0.637502 0.088583,
        0.548746 -0.637368 0.088583,
        0.548305 -0.621346 0.088583,
        0.553325 -0.625345 0.088583,
        0.553325 -0.621346 0.088583,
        0.563041 -0.637368 0.088583,
        0.560775 -0.637368 0.088583,
        0.553325 -0.633022 0.088583,
        0.559155 -0.633022 0.088583,
        0.604331 -0.637502 0.088583,
        0.604331 -0.621346 0.088583,
        0.556990 -0.621480 0.088583,
        0.554797 -0.621480 0.088583,
        0.518639 -0.621397 0.088583,
        0.520203 -0.621861 0.088583,
        0.520203 -0.624006 0.088583,
        0.520203 -0.634744 0.088583,
        0.520203 -0.636710 0.088583,
        0.518561 -0.637327 0.088583,
        0.517001 -0.637502 0.088583,
        0.516767 -0.635786 0.088583,
        0.518576 -0.635465 0.088583,
        0.510461 -0.629751 0.088583,
        0.510459 -0.629602 0.088583,
        0.511922 -0.625059 0.088583,
        0.511181 -0.626189 0.088583,
        0.510676 -0.627604 0.088583,
        0.518328 -0.623276 0.088583,
        0.516458 -0.623064 0.088583,
        0.515755 -0.623096 0.088583,
        0.514385 -0.623379 0.088583,
        0.510711 -0.631701 0.088583,
        0.511211 -0.632996 0.088583,
        0.512019 -0.634135 0.088583,
        0.513469 -0.635229 0.088583,
        0.514621 -0.635645 0.088583,
        0.516101 -0.635808 0.088583,
        0.519949 -0.623871 0.088583,
        0.513144 -0.623976 0.088583,
        0.512129 -0.624826 0.088583,
        0.512409 -0.634513 0.088583,
        0.520821 -0.524456 0.088583,
        0.509018 -0.524833 0.088583,
        0.516438 -0.621212 0.088583,
        0.516584 -0.621213 0.088583,
        0.518069 -0.621346 0.088583,
        0.522463 -0.524803 0.088583,
        0.515238 -0.621346 0.088583,
        0.509018 -0.621346 0.088583,
        0.514306 -0.621450 0.088583,
        0.512620 -0.622063 0.088583,
        0.509499 -0.624973 0.088583,
        0.510602 -0.623551 0.088583,
        0.511058 -0.623120 0.088583,
        0.509018 -0.633331 0.088583,
        0.508613 -0.632283 0.088583,
        0.508065 -0.637502 0.088583,
        0.508307 -0.629724 0.088583,
        0.508344 -0.628776 0.088583,
        0.508065 -0.621346 0.088583,
        0.508724 -0.626724 0.088583,
        0.509018 -0.626061 0.088583,
        0.511549 -0.636480 0.088583,
        0.510346 -0.635467 0.088583,
        0.509018 -0.637502 0.088583,
        0.510200 -0.635307 0.088583,
        0.509256 -0.633947 0.088583,
        0.515804 -0.637636 0.088583,
        0.522463 -0.642160 0.088583,
        0.509018 -0.642160 0.088583,
        0.514740 -0.637580 0.088583,
        0.514385 -0.637502 0.088583,
        0.513036 -0.637207 0.088583,
        0.547398 -0.632191 0.088583,
        0.546594 -0.633821 0.088583,
        0.542207 -0.621346 0.088583,
        0.542207 -0.621855 0.088583,
        0.543894 -0.622495 0.088583,
        0.545468 -0.623583 0.088583,
        0.546123 -0.624237 0.088583,
        0.547082 -0.625652 0.088583,
        0.542207 -0.636950 0.088583,
        0.542207 -0.637502 0.088583,
        0.543741 -0.636368 0.088583,
        0.545468 -0.635142 0.088583,
        0.545279 -0.635313 0.088583,
        0.547641 -0.627198 0.088583,
        0.547864 -0.629220 0.088583,
        0.547805 -0.630348 0.088583,
        0.539461 -0.621480 0.088583,
        0.541991 -0.621773 0.088583,
        0.541913 -0.637061 0.088583,
        0.539299 -0.637368 0.088583,
        0.534929 -0.637368 0.088583,
        0.534929 -0.621480 0.088583,
        0.515160 -0.662435 0.088583,
        0.514409 -0.662706 0.088583,
        0.516856 -0.662572 0.088583,
        0.510553 -0.657139 0.088583,
        0.510837 -0.653954 0.088583,
        0.510149 -0.657705 0.088583,
        0.509870 -0.658402 0.088583,
        0.515865 -0.661966 0.088583,
        0.512137 -0.662702 0.088583,
        0.511374 -0.662414 0.088583,
        0.509018 -0.662706 0.088583,
        0.510067 -0.661109 0.088583,
        0.509826 -0.660436 0.088583,
        0.510837 -0.652021 0.088583,
        0.511371 -0.651719 0.088583,
        0.516800 -0.651335 0.088583,
        0.521870 -0.652935 0.088583,
        0.522241 -0.652397 0.088583,
        0.511173 -0.656614 0.088583,
        0.512039 -0.656182 0.088583,
        0.512110 -0.653138 0.088583,
        0.513493 -0.655830 0.088583,
        0.515231 -0.652652 0.088583,
        0.514557 -0.652581 0.088583,
        0.513353 -0.652709 0.088583,
        0.510703 -0.661947 0.088583,
        0.510481 -0.661721 0.088583,
        0.516856 -0.660818 0.088583,
        0.516803 -0.660818 0.088583,
        0.516493 -0.661289 0.088583,
        0.517458 -0.651717 0.088583,
        0.517986 -0.652228 0.088583,
        0.521633 -0.653576 0.088583,
        0.518391 -0.652877 0.088583,
        0.518699 -0.653793 0.088583,
        0.512873 -0.651173 0.088583,
        0.514744 -0.650965 0.088583,
        0.515967 -0.651078 0.088583,
        0.509729 -0.659534 0.088583,
        0.509736 -0.659252 0.088583,
        0.522445 -0.656422 0.088583,
        0.521543 -0.660119 0.088583,
        0.522463 -0.656434 0.088583,
        0.522321 -0.660600 0.088583,
        0.522463 -0.660654 0.088583,
        0.522120 -0.656082 0.088583,
        0.521860 -0.655667 0.088583,
        0.518846 -0.655270 0.088583,
        0.521641 -0.655059 0.088583,
        0.521555 -0.654287 0.088583,
        0.516856 -0.655359 0.088583,
        0.516787 -0.654479 0.088583,
        0.516581 -0.653771 0.088583,
        0.516347 -0.653361 0.088583,
        0.516046 -0.653041 0.088583,
        0.515693 -0.652813 0.088583,
        0.514353 -0.662726 0.088583,
        0.522463 -0.669000 0.088583,
        0.509018 -0.669000 0.088583,
        0.513327 -0.662840 0.088583,
        0.512173 -0.662706 0.088583,
        0.548305 -0.669000 0.088583,
        0.553325 -0.727287 0.088583,
        0.553325 -0.669000 0.088583,
        0.560560 -0.726334 0.088583,
        0.574803 -0.720435 0.088583,
        0.587034 -0.711050 0.088583,
        0.596419 -0.698819 0.088583,
        0.602319 -0.684576 0.088583,
        0.604331 -0.669291 0.088583,
        0.604331 -0.669000 0.088583,
        0.389764 -0.728346 0.088583,
        0.401981 -0.728346 0.088583,
        0.394813 -0.727688 0.088583,
        0.399524 -0.725757 0.088583,
        0.401981 -0.686727 0.088583,
        0.407001 -0.699154 0.088583,
        0.435465 -0.669618 0.088583,
        0.408863 -0.703892 0.088583,
        0.438126 -0.670068 0.088583,
        0.438711 -0.670083 0.088583,
        0.409447 -0.708950 0.088583,
        0.492773 -0.728346 0.088583,
        0.408715 -0.713988 0.088583,
        0.406715 -0.718670 0.088583,
        0.403581 -0.722682 0.088583,
        0.401981 -0.723895 0.088583,
        0.401981 -0.662706 0.088583,
        0.395831 -0.669000 0.088583,
        0.401981 -0.669000 0.088583,
        0.396395 -0.672897 0.088583,
        0.401981 -0.621346 0.088583,
        0.393059 -0.637502 0.088583,
        0.401981 -0.637502 0.088583,
        0.392606 -0.642160 0.088583,
        0.401981 -0.642160 0.088583,
        0.392343 -0.644870 0.088583,
        0.394922 -0.662706 0.088583,
        0.401981 -0.596993 0.088583,
        0.395080 -0.616685 0.088583,
        0.394627 -0.621346 0.088583,
        0.463946 -0.619704 0.088583,
        0.492773 -0.525354 0.088583,
        0.458278 -0.617706 0.088583,
        0.492518 -0.525362 0.088583,
        0.453621 -0.617217 0.088583,
        0.465243 -0.532979 0.088583,
        0.448026 -0.617907 0.088583,
        0.440566 -0.546869 0.088583,
        0.442817 -0.619918 0.088583,
        0.419904 -0.566234 0.088583,
        0.492773 -0.621346 0.088583,
        0.508065 -0.524864 0.088583,
        0.548527 -0.530313 0.088583,
        0.542207 -0.528977 0.088583,
        0.533428 -0.527121 0.088583,
        0.529724 -0.526338 0.088583,
        0.604331 -0.526011 0.088583,
        0.603777 -0.530647 0.088583,
        0.602147 -0.535022 0.088583,
        0.599533 -0.538891 0.088583,
        0.596081 -0.542034 0.088583,
        0.578246 -0.544627 0.088583,
        0.574042 -0.542596 0.088583,
        0.553325 -0.532622 0.088583,
        0.591986 -0.544277 0.088583,
        0.587478 -0.545491 0.088583,
        0.582810 -0.545611 0.088583,
        0.539072 -0.651225 0.088583,
        0.541135 -0.651225 0.088583,
        0.542207 -0.642160 0.088583,
        0.535433 -0.659754 0.088583,
        0.535676 -0.660687 0.088583,
        0.535729 -0.660687 0.088583,
        0.533428 -0.642160 0.088583,
        0.533428 -0.653988 0.088583,
        0.535973 -0.659770 0.088583,
        0.535820 -0.660299 0.088583,
        0.533428 -0.662706 0.088583,
        0.533428 -0.659330 0.088583,
        0.530242 -0.651225 0.088583,
        0.529724 -0.642160 0.088583,
        0.532468 -0.651225 0.088583,
        0.534693 -0.662548 0.088583,
        0.534626 -0.662706 0.088583,
        0.533820 -0.664611 0.088583,
        0.533431 -0.665325 0.088583,
        0.529724 -0.669000 0.088583,
        0.530652 -0.667754 0.088583,
        0.530652 -0.665983 0.088583,
        0.531781 -0.666211 0.088583,
        0.532259 -0.666157 0.088583,
        0.533428 -0.667562 0.088583,
        0.532740 -0.667824 0.088583,
        0.533428 -0.669000 0.088583,
        0.531936 -0.667917 0.088583,
        0.531496 -0.667901 0.088583,
        0.532695 -0.665994 0.088583,
        0.533060 -0.665741 0.088583,
        0.535985 -0.664286 0.088583,
        0.535084 -0.666041 0.088583,
        0.542207 -0.669000 0.088583,
        0.536608 -0.662706 0.088583,
        0.534356 -0.666915 0.088583,
        0.534220 -0.667039 0.088583,
        0.533525 -0.667525 0.088583,
        0.528541 -0.657609 0.088583,
        0.528912 -0.658157 0.088583,
        0.528662 -0.653402 0.088583,
        0.522830 -0.651867 0.088583,
        0.523420 -0.651514 0.088583,
        0.528868 -0.660916 0.088583,
        0.528496 -0.661441 0.088583,
        0.522463 -0.652197 0.088583,
        0.529124 -0.658744 0.088583,
        0.529207 -0.659485 0.088583,
        0.529112 -0.660285 0.088583,
        0.524512 -0.651124 0.088583,
        0.525974 -0.650965 0.088583,
        0.528662 -0.651469 0.088583,
        0.527071 -0.651040 0.088583,
        0.527927 -0.661939 0.088583,
        0.527330 -0.662291 0.088583,
        0.525779 -0.652581 0.088583,
        0.525190 -0.652626 0.088583,
        0.523606 -0.654108 0.088583,
        0.524657 -0.652767 0.088583,
        0.524211 -0.653004 0.088583,
        0.523624 -0.654373 0.088583,
        0.523703 -0.654682 0.088583,
        0.523846 -0.654951 0.088583,
        0.524041 -0.655164 0.088583,
        0.524742 -0.655603 0.088583,
        0.527086 -0.652730 0.088583,
        0.525974 -0.656139 0.088583,
        0.528208 -0.653141 0.088583,
        0.526744 -0.656451 0.088583,
        0.528066 -0.657186 0.088583,
        0.523911 -0.653269 0.088583,
        0.523740 -0.653522 0.088583,
        0.523642 -0.653791 0.088583,
        0.523569 -0.661070 0.088583,
        0.524569 -0.657585 0.088583,
        0.523382 -0.657041 0.088583,
        0.524816 -0.661216 0.088583,
        0.524904 -0.661215 0.088583,
        0.525875 -0.658132 0.088583,
        0.525924 -0.661101 0.088583,
        0.527164 -0.659680 0.088583,
        0.527144 -0.659433 0.088583,
        0.526438 -0.660913 0.088583,
        0.526619 -0.660803 0.088583,
        0.526848 -0.660600 0.088583,
        0.527021 -0.660343 0.088583,
        0.527122 -0.660060 0.088583,
        0.527054 -0.659122 0.088583,
        0.526900 -0.658858 0.088583,
        0.526652 -0.658600 0.088583,
        0.521543 -0.662174 0.088583,
        0.518846 -0.662572 0.088583,
        0.522463 -0.662495 0.088583,
        0.522463 -0.662706 0.088583,
        0.522967 -0.662671 0.088583,
        0.523310 -0.662706 0.088583,
        0.524621 -0.662840 0.088583,
        0.531059 -0.666117 0.088583,
        0.478974 -0.633852 0.088583,
        0.482043 -0.636439 0.088583,
        0.466389 -0.621346 0.088583,
        0.468984 -0.623091 0.088583,
        0.472702 -0.627386 0.088583,
        0.475084 -0.632015 0.088583,
        0.475609 -0.632191 0.088583,
        0.428035 -0.626920 0.088583,
        0.432498 -0.626367 0.088583,
        0.415802 -0.637502 0.088583,
        0.416780 -0.635289 0.088583,
        0.419507 -0.631789 0.088583,
        0.404446 -0.589961 0.088583,
        0.440513 -0.621346 0.088583,
        0.440066 -0.621622 0.088583,
        0.437411 -0.623896 0.088583,
        0.433797 -0.626437 0.088583,
        0.435096 -0.626593 0.088583,
        0.420260 -0.631076 0.088583,
        0.423852 -0.628547 0.088583,
        0.427979 -0.662401 0.088583,
        0.426536 -0.661969 0.088583,
        0.422455 -0.659977 0.088583,
        0.418943 -0.656979 0.088583,
        0.416375 -0.653320 0.088583,
        0.414751 -0.649116 0.088583,
        0.414198 -0.644667 0.088583,
        0.414229 -0.643605 0.088583,
        0.414485 -0.642160 0.088583,
        0.414982 -0.639359 0.088583,
        0.434046 -0.669000 0.088583,
        0.432877 -0.668491 0.088583,
        0.430689 -0.666796 0.088583,
        0.429038 -0.664705 0.088583,
        0.428119 -0.662706 0.088583,
        0.449299 -0.662706 0.088583,
        0.449294 -0.662724 0.088583,
        0.492773 -0.669000 0.088583,
        0.447961 -0.665249 0.088583,
        0.446070 -0.667339 0.088583,
        0.443798 -0.668864 0.088583,
        0.443428 -0.669000 0.088583,
        0.441265 -0.669789 0.088583,
        0.463024 -0.656534 0.088583,
        0.463719 -0.656042 0.088583,
        0.465821 -0.649298 0.088583,
        0.482087 -0.657544 0.088583,
        0.479026 -0.660138 0.088583,
        0.492773 -0.662706 0.088583,
        0.422285 -0.649003 0.088583,
        0.423756 -0.651431 0.088583,
        0.429441 -0.652258 0.088583,
        0.425819 -0.653465 0.088583,
        0.428092 -0.654833 0.088583,
        0.447183 -0.651218 0.088583,
        0.462319 -0.643311 0.088583,
        0.445307 -0.649491 0.088583,
        0.442929 -0.648182 0.088583,
        0.479172 -0.645652 0.088583,
        0.478571 -0.643503 0.088583,
        0.477791 -0.642160 0.088583,
        0.421576 -0.642160 0.088583,
        0.464494 -0.655736 0.088583,
        0.465369 -0.655624 0.088583,
        0.465493 -0.655633 0.088583,
        0.484340 -0.654401 0.088583,
        0.485366 -0.642160 0.088583,
        0.485743 -0.643096 0.088583,
        0.492773 -0.642160 0.088583,
        0.486267 -0.646813 0.088583,
        0.485754 -0.650822 0.088583,
        0.433672 -0.648585 0.088583,
        0.431338 -0.650155 0.088583,
        0.421315 -0.644441 0.088583,
        0.421458 -0.646235 0.088583,
        0.461868 -0.659125 0.088583,
        0.461896 -0.658680 0.088583,
        0.450007 -0.657657 0.088583,
        0.462123 -0.657820 0.088583,
        0.462557 -0.657049 0.088583,
        0.465832 -0.655710 0.088583,
        0.466047 -0.655737 0.088583,
        0.471130 -0.655737 0.088583,
        0.464507 -0.662525 0.088583,
        0.463760 -0.662230 0.088583,
        0.463027 -0.661710 0.088583,
        0.462765 -0.661443 0.088583,
        0.462272 -0.660733 0.088583,
        0.461975 -0.659967 0.088583,
        0.449948 -0.659934 0.088583,
        0.450007 -0.658787 0.088583,
        0.476934 -0.652941 0.088583,
        0.478180 -0.651200 0.088583,
        0.478975 -0.649193 0.088583,
        0.479263 -0.646926 0.088583,
        0.475580 -0.661828 0.088583,
        0.471808 -0.662627 0.088583,
        0.465143 -0.662627 0.088583,
        0.436178 -0.647670 0.088583,
        0.438711 -0.647378 0.088583,
        0.440214 -0.647475 0.088583,
        0.473295 -0.655304 0.088583,
        0.475272 -0.654347 0.088583,
        0.422533 -0.639353 0.088583,
        0.421608 -0.641886 0.088583,
        0.469549 -0.638115 0.088583,
        0.470453 -0.638115 0.088583,
        0.477464 -0.641596 0.088583,
        0.476393 -0.640424 0.088583,
        0.474652 -0.639181 0.088583,
        0.472687 -0.638402 0.088583,
        0.467074 -0.631267 0.088583,
        0.464513 -0.628235 0.088583,
        0.438598 -0.634839 0.088583,
        0.464299 -0.628041 0.088583,
        0.461128 -0.625833 0.088583,
        0.440332 -0.631252 0.088583,
        0.423776 -0.637502 0.088583,
        0.437606 -0.634307 0.088583,
        0.469413 -0.637502 0.088583,
        0.468834 -0.634898 0.088583,
        0.435067 -0.633427 0.088583,
        0.432611 -0.633144 0.088583,
        0.431463 -0.633203 0.088583,
        0.442869 -0.628228 0.088583,
        0.457587 -0.624471 0.088583,
        0.445870 -0.626034 0.088583,
        0.453734 -0.623994 0.088583,
        0.449558 -0.624535 0.088583,
        0.428673 -0.633857 0.088583,
        0.426148 -0.635189 0.088583,
        0.424058 -0.637081 0.088583,
        0.484355 -0.639648 0.088583,
        0.492773 -0.637502 0.088583,
        0.482809 -0.637502 0.088583,
        0.548305 -0.655416 0.088583,
        0.545330 -0.655416 0.088583,
        0.548305 -0.660761 0.088583,
        0.545330 -0.660761 0.088583,
        0.551463 -0.646684 0.088583,
        0.551463 -0.648512 0.088583,
        0.553325 -0.642160 0.088583,
        0.551824 -0.660761 0.088583,
        0.553325 -0.662706 0.088583,
        0.551824 -0.662572 0.088583,
        0.548305 -0.662706 0.088583,
        0.551012 -0.655416 0.088583,
        0.551012 -0.653596 0.088583,
        0.548305 -0.653596 0.088583,
        0.548305 -0.648512 0.088583,
        0.545330 -0.648512 0.088583,
        0.545330 -0.653596 0.088583,
        0.548305 -0.662572 0.088583,
        0.543279 -0.662572 0.088583,
        0.542207 -0.662706 0.088583,
        0.543279 -0.646684 0.088583,
        0.548305 -0.646684 0.088583,
        0.548305 -0.642160 0.088583,
        0.499279 -0.637368 0.088583,
        0.507657 -0.635556 0.088583,
        0.507657 -0.637368 0.088583,
        0.499279 -0.621480 0.088583,
        0.501330 -0.621480 0.088583,
        0.501330 -0.635556 0.088583,
        0.508065 -0.642160 0.088583,
        0.568642 -0.662572 0.088583,
        0.567701 -0.655553 0.088583,
        0.567295 -0.657395 0.088583,
        0.604331 -0.662706 0.088583,
        0.604331 -0.642160 0.088583,
        0.576886 -0.646684 0.088583,
        0.580671 -0.662572 0.088583,
        0.579051 -0.658226 0.088583,
        0.572435 -0.658226 0.088583,
        0.574693 -0.646684 0.088583,
        0.559358 -0.646684 0.088583,
        0.561887 -0.646977 0.088583,
        0.566490 -0.659025 0.088583,
        0.565365 -0.660346 0.088583,
        0.565175 -0.660517 0.088583,
        0.567761 -0.654425 0.088583,
        0.567537 -0.652402 0.088583,
        0.565365 -0.648788 0.088583,
        0.566019 -0.649441 0.088583,
        0.566978 -0.650857 0.088583,
        0.563791 -0.647699 0.088583,
        0.563637 -0.661572 0.088583,
        0.561810 -0.662265 0.088583,
        0.559195 -0.662572 0.088583,
        0.570908 -0.662572 0.088583,
        0.582938 -0.662572 0.088583,
        0.554825 -0.662572 0.088583,
        0.554825 -0.646684 0.088583,
        0.508065 -0.662706 0.088583,
        0.499279 -0.662572 0.088583,
        0.507824 -0.662572 0.088583,
        0.507824 -0.660761 0.088583,
        0.507462 -0.648512 0.088583,
        0.499279 -0.646684 0.088583,
        0.507462 -0.646684 0.088583,
        0.501330 -0.655416 0.088583,
        0.501330 -0.660761 0.088583,
        0.507011 -0.655416 0.088583,
        0.507011 -0.653596 0.088583,
        0.501330 -0.653596 0.088583,
        0.501330 -0.648512 0.088583,
        0.508065 -0.669000 0.088583,
        0.508065 -0.728346 0.088583,
        0.509018 -0.728346 0.088583,
        0.522463 -0.728346 0.088583,
        0.529724 -0.728346 0.088583,
        0.533428 -0.728346 0.088583,
        0.542207 -0.728346 0.088583,
        0.545276 -0.728346 0.088583,
        0.548305 -0.727948 0.088583,
      ]
    }
    coordIndex [
      0, 1, 2, -1,
      3, 4, 5, -1,
      5, 4, 6, -1,
      7, 8, 9, -1,
      9, 8, 10, -1,
      3, 5, 11, -1,
      11, 5, 12, -1,
      11, 12, 13, -1,
      13, 12, 14, -1,
      13, 14, 15, -1,
      14, 16, 15, -1,
      15, 16, 17, -1,
      15, 17, 18, -1,
      19, 20, 21, -1,
      9, 14, 7, -1,
      7, 14, 12, -1,
      7, 12, 22, -1,
      22, 12, 23, -1,
      22, 23, 21, -1,
      21, 23, 24, -1,
      21, 24, 19, -1,
      10, 8, 25, -1,
      25, 8, 26, -1,
      25, 26, 19, -1,
      27, 28, 29, -1,
      29, 28, 30, -1,
      30, 28, 31, -1,
      30, 31, 32, -1,
      32, 31, 33, -1,
      32, 33, 34, -1,
      35, 36, 29, -1,
      27, 29, 37, -1,
      37, 29, 36, -1,
      37, 36, 38, -1,
      39, 40, 41, -1,
      41, 40, 34, -1,
      41, 34, 42, -1,
      42, 34, 33, -1,
      43, 44, 26, -1,
      26, 44, 45, -1,
      46, 47, 20, -1,
      20, 47, 48, -1,
      20, 48, 49, -1,
      50, 51, 52, -1,
      52, 51, 46, -1,
      52, 46, 53, -1,
      54, 55, 46, -1,
      46, 55, 56, -1,
      46, 56, 53, -1,
      57, 58, 46, -1,
      46, 58, 59, -1,
      46, 59, 60, -1,
      61, 62, 63, -1,
      64, 65, 52, -1,
      52, 65, 66, -1,
      52, 66, 50, -1,
      19, 26, 20, -1,
      20, 26, 45, -1,
      20, 45, 46, -1,
      46, 45, 67, -1,
      46, 67, 57, -1,
      60, 68, 46, -1,
      46, 68, 69, -1,
      46, 69, 54, -1,
      61, 63, 52, -1,
      52, 63, 70, -1,
      52, 70, 64, -1,
      71, 72, 73, -1,
      73, 74, 71, -1,
      71, 74, 75, -1,
      71, 75, 76, -1,
      77, 78, 79, -1,
      79, 78, 80, -1,
      81, 82, 78, -1,
      78, 82, 83, -1,
      78, 83, 80, -1,
      84, 85, 86, -1,
      86, 85, 87, -1,
      87, 88, 89, -1,
      89, 88, 90, -1,
      89, 90, 78, -1,
      78, 90, 91, -1,
      78, 91, 81, -1,
      92, 93, 94, -1,
      94, 93, 95, -1,
      94, 95, 96, -1,
      49, 97, 98, -1,
      98, 97, 99, -1,
      97, 100, 99, -1,
      99, 100, 101, -1,
      99, 101, 94, -1,
      94, 101, 102, -1,
      94, 102, 92, -1,
      103, 104, 30, -1,
      105, 106, 32, -1,
      32, 106, 107, -1,
      107, 108, 32, -1,
      32, 108, 109, -1,
      32, 109, 110, -1,
      111, 112, 113, -1,
      113, 112, 30, -1,
      104, 114, 30, -1,
      30, 114, 115, -1,
      30, 115, 113, -1,
      110, 116, 32, -1,
      32, 116, 117, -1,
      32, 117, 30, -1,
      30, 117, 118, -1,
      30, 118, 103, -1,
      7, 119, 105, -1,
      105, 119, 120, -1,
      105, 120, 106, -1,
      111, 121, 112, -1,
      112, 121, 122, -1,
      112, 122, 22, -1,
      22, 122, 123, -1,
      22, 123, 7, -1,
      7, 123, 124, -1,
      7, 124, 119, -1,
      125, 126, 127, -1,
      128, 129, 130, -1,
      130, 129, 131, -1,
      125, 127, 132, -1,
      133, 134, 135, -1,
      135, 136, 137, -1,
      99, 138, 139, -1,
      140, 141, 142, -1,
      128, 143, 129, -1,
      129, 143, 144, -1,
      129, 144, 145, -1,
      145, 144, 146, -1,
      147, 148, 146, -1,
      146, 148, 149, -1,
      146, 149, 145, -1,
      134, 150, 135, -1,
      135, 150, 151, -1,
      135, 151, 136, -1,
      152, 153, 127, -1,
      127, 153, 154, -1,
      127, 154, 132, -1,
      140, 155, 141, -1,
      141, 155, 156, -1,
      141, 156, 157, -1,
      157, 156, 158, -1,
      157, 158, 159, -1,
      139, 160, 99, -1,
      99, 160, 161, -1,
      99, 161, 162, -1,
      137, 163, 135, -1,
      135, 163, 164, -1,
      135, 164, 99, -1,
      99, 164, 131, -1,
      99, 131, 138, -1,
      138, 131, 129, -1,
      165, 166, 167, -1,
      167, 166, 168, -1,
      167, 168, 169, -1,
      170, 171, 172, -1,
      172, 171, 173, -1,
      172, 173, 159, -1,
      159, 173, 174, -1,
      159, 174, 157, -1,
      175, 176, 146, -1,
      146, 176, 177, -1,
      146, 177, 178, -1,
      178, 179, 146, -1,
      146, 179, 180, -1,
      146, 180, 147, -1,
      126, 181, 182, -1,
      182, 181, 183, -1,
      183, 181, 184, -1,
      183, 184, 185, -1,
      186, 187, 188, -1,
      188, 187, 189, -1,
      189, 190, 188, -1,
      188, 190, 191, -1,
      188, 191, 192, -1,
      192, 193, 188, -1,
      188, 193, 194, -1,
      188, 194, 195, -1,
      196, 197, 198, -1,
      198, 197, 199, -1,
      200, 201, 202, -1,
      202, 201, 203, -1,
      202, 203, 204, -1,
      204, 203, 205, -1,
      203, 206, 207, -1,
      207, 206, 208, -1,
      208, 209, 207, -1,
      207, 209, 210, -1,
      207, 210, 197, -1,
      197, 210, 211, -1,
      197, 211, 199, -1,
      212, 213, 214, -1,
      214, 213, 215, -1,
      214, 215, 200, -1,
      216, 217, 218, -1,
      218, 217, 219, -1,
      218, 219, 220, -1,
      220, 219, 221, -1,
      220, 221, 212, -1,
      212, 221, 222, -1,
      212, 222, 213, -1,
      223, 224, 216, -1,
      216, 224, 225, -1,
      216, 225, 217, -1,
      226, 227, 228, -1,
      228, 227, 229, -1,
      228, 229, 230, -1,
      230, 229, 231, -1,
      230, 231, 232, -1,
      232, 231, 233, -1,
      232, 233, 234, -1,
      234, 233, 235, -1,
      226, 236, 227, -1,
      227, 236, 89, -1,
      227, 89, 237, -1,
      237, 89, 78, -1,
      237, 78, 72, -1,
      72, 78, 77, -1,
      72, 77, 73, -1,
      34, 238, 32, -1,
      32, 238, 239, -1,
      32, 239, 105, -1,
      105, 239, 240, -1,
      105, 240, 7, -1,
      7, 240, 241, -1,
      7, 241, 8, -1,
      8, 241, 76, -1,
      8, 76, 26, -1,
      26, 76, 75, -1,
      26, 75, 43, -1,
      40, 242, 243, -1,
      243, 244, 40, -1,
      40, 244, 245, -1,
      40, 245, 246, -1,
      247, 248, 34, -1,
      34, 248, 249, -1,
      34, 249, 238, -1,
      246, 250, 40, -1,
      40, 250, 251, -1,
      40, 251, 34, -1,
      34, 251, 252, -1,
      34, 252, 247, -1,
      253, 254, 255, -1,
      256, 257, 258, -1,
      255, 259, 253, -1,
      253, 259, 260, -1,
      253, 260, 261, -1,
      261, 260, 256, -1,
      261, 256, 262, -1,
      262, 256, 258, -1,
      263, 264, 2, -1,
      2, 264, 265, -1,
      2, 265, 266, -1,
      266, 265, 259, -1,
      259, 265, 267, -1,
      259, 267, 260, -1,
      268, 264, 269, -1,
      269, 264, 263, -1,
      269, 263, 270, -1,
      270, 263, 271, -1,
      272, 273, 274, -1,
      263, 275, 276, -1,
      277, 278, 279, -1,
      279, 278, 280, -1,
      279, 280, 272, -1,
      272, 280, 281, -1,
      272, 281, 273, -1,
      276, 282, 263, -1,
      263, 282, 283, -1,
      263, 283, 271, -1,
      284, 285, 286, -1,
      284, 286, 287, -1,
      285, 288, 286, -1,
      286, 288, 289, -1,
      286, 289, 279, -1,
      279, 289, 290, -1,
      279, 290, 277, -1,
      291, 292, 293, -1,
      294, 295, 98, -1,
      2, 296, 297, -1,
      162, 140, 99, -1,
      99, 140, 142, -1,
      99, 142, 98, -1,
      98, 142, 298, -1,
      98, 298, 294, -1,
      299, 300, 2, -1,
      2, 300, 301, -1,
      2, 301, 296, -1,
      295, 302, 98, -1,
      98, 302, 303, -1,
      98, 303, 266, -1,
      292, 299, 293, -1,
      293, 299, 2, -1,
      293, 2, 304, -1,
      304, 2, 266, -1,
      304, 266, 305, -1,
      305, 266, 303, -1,
      297, 306, 2, -1,
      2, 306, 307, -1,
      2, 307, 0, -1,
      308, 309, 310, -1,
      310, 309, 311, -1,
      310, 311, 312, -1,
      310, 313, 308, -1,
      308, 313, 314, -1,
      308, 314, 315, -1,
      315, 316, 308, -1,
      308, 316, 317, -1,
      308, 317, 318, -1,
      318, 317, 319, -1,
      318, 319, 320, -1,
      320, 319, 321, -1,
      320, 321, 293, -1,
      293, 321, 322, -1,
      293, 322, 291, -1,
      323, 324, 312, -1,
      312, 324, 325, -1,
      312, 325, 310, -1,
      326, 327, 169, -1,
      169, 327, 328, -1,
      169, 328, 167, -1,
      326, 329, 327, -1,
      327, 329, 330, -1,
      327, 330, 331, -1,
      331, 330, 332, -1,
      331, 333, 334, -1,
      332, 335, 331, -1,
      331, 335, 336, -1,
      331, 336, 337, -1,
      337, 338, 331, -1,
      331, 338, 339, -1,
      331, 339, 333, -1,
      334, 340, 331, -1,
      331, 340, 341, -1,
      331, 341, 342, -1,
      165, 170, 166, -1,
      166, 170, 172, -1,
      166, 172, 343, -1,
      343, 172, 344, -1,
      343, 344, 345, -1,
      345, 344, 346, -1,
      345, 346, 347, -1,
      347, 346, 348, -1,
      349, 348, 182, -1,
      182, 348, 346, -1,
      182, 346, 126, -1,
      126, 346, 344, -1,
      126, 344, 127, -1,
      349, 182, 1, -1,
      1, 182, 272, -1,
      1, 272, 2, -1,
      2, 272, 274, -1,
      2, 274, 263, -1,
      263, 274, 350, -1,
      263, 350, 275, -1,
      351, 352, 236, -1,
      226, 353, 236, -1,
      236, 353, 354, -1,
      236, 354, 355, -1,
      355, 356, 236, -1,
      236, 356, 357, -1,
      236, 357, 351, -1,
      216, 358, 359, -1,
      218, 360, 216, -1,
      216, 360, 361, -1,
      216, 361, 362, -1,
      235, 363, 234, -1,
      234, 363, 223, -1,
      234, 223, 364, -1,
      364, 223, 216, -1,
      364, 216, 365, -1,
      365, 216, 359, -1,
      365, 359, 366, -1,
      366, 359, 367, -1,
      366, 367, 368, -1,
      362, 369, 216, -1,
      216, 369, 370, -1,
      216, 370, 358, -1,
      371, 372, 212, -1,
      212, 372, 373, -1,
      212, 373, 374, -1,
      374, 375, 212, -1,
      212, 375, 376, -1,
      212, 376, 220, -1,
      220, 376, 377, -1,
      377, 378, 220, -1,
      220, 378, 379, -1,
      220, 379, 218, -1,
      218, 379, 380, -1,
      218, 380, 360, -1,
      200, 202, 214, -1,
      214, 202, 381, -1,
      214, 381, 382, -1,
      382, 383, 214, -1,
      214, 383, 384, -1,
      214, 384, 212, -1,
      212, 384, 385, -1,
      212, 385, 371, -1,
      386, 387, 388, -1,
      388, 387, 389, -1,
      388, 389, 390, -1,
      390, 391, 388, -1,
      388, 391, 392, -1,
      388, 392, 203, -1,
      203, 392, 393, -1,
      203, 393, 205, -1,
      394, 395, 396, -1,
      397, 398, 399, -1,
      400, 401, 402, -1,
      402, 401, 403, -1,
      402, 403, 404, -1,
      405, 406, 407, -1,
      407, 406, 408, -1,
      409, 410, 406, -1,
      406, 410, 411, -1,
      406, 411, 412, -1,
      395, 413, 396, -1,
      396, 413, 414, -1,
      396, 414, 415, -1,
      397, 399, 416, -1,
      417, 418, 419, -1,
      419, 418, 420, -1,
      419, 420, 399, -1,
      399, 420, 421, -1,
      399, 421, 416, -1,
      422, 412, 423, -1,
      423, 412, 424, -1,
      423, 424, 402, -1,
      402, 424, 425, -1,
      402, 425, 400, -1,
      426, 427, 428, -1,
      428, 427, 429, -1,
      428, 429, 396, -1,
      396, 429, 430, -1,
      396, 430, 394, -1,
      415, 431, 396, -1,
      396, 431, 432, -1,
      396, 432, 433, -1,
      434, 435, 386, -1,
      386, 435, 436, -1,
      386, 436, 437, -1,
      437, 438, 386, -1,
      386, 438, 439, -1,
      386, 439, 440, -1,
      440, 439, 426, -1,
      440, 426, 441, -1,
      441, 426, 428, -1,
      442, 443, 396, -1,
      396, 443, 444, -1,
      396, 444, 406, -1,
      406, 444, 445, -1,
      406, 445, 409, -1,
      398, 446, 399, -1,
      399, 446, 447, -1,
      399, 447, 386, -1,
      386, 447, 448, -1,
      386, 448, 434, -1,
      422, 449, 412, -1,
      412, 449, 450, -1,
      412, 450, 406, -1,
      406, 450, 451, -1,
      406, 451, 408, -1,
      433, 452, 396, -1,
      396, 452, 453, -1,
      396, 453, 442, -1,
      454, 455, 456, -1,
      455, 412, 456, -1,
      456, 412, 411, -1,
      456, 411, 457, -1,
      457, 411, 458, -1,
      458, 459, 457, -1,
      457, 459, 460, -1,
      457, 460, 461, -1,
      462, 463, 464, -1,
      463, 465, 464, -1,
      464, 465, 466, -1,
      464, 466, 467, -1,
      468, 464, 469, -1,
      454, 456, 468, -1,
      468, 456, 470, -1,
      468, 470, 464, -1,
      464, 470, 471, -1,
      464, 471, 462, -1,
      469, 472, 468, -1,
      468, 472, 473, -1,
      468, 473, 474, -1,
      467, 466, 475, -1,
      475, 466, 476, -1,
      475, 476, 477, -1,
      477, 476, 478, -1,
      477, 478, 479, -1,
      480, 481, 474, -1,
      474, 481, 482, -1,
      474, 482, 468, -1,
      417, 419, 483, -1,
      483, 419, 484, -1,
      483, 484, 485, -1,
      486, 487, 488, -1,
      488, 487, 489, -1,
      490, 491, 492, -1,
      492, 491, 493, -1,
      492, 493, 494, -1,
      494, 493, 495, -1,
      494, 495, 496, -1,
      486, 488, 497, -1,
      497, 488, 493, -1,
      497, 493, 498, -1,
      498, 493, 491, -1,
      498, 491, 499, -1,
      491, 500, 499, -1,
      499, 500, 501, -1,
      499, 501, 502, -1,
      495, 503, 496, -1,
      496, 503, 504, -1,
      496, 504, 505, -1,
      505, 504, 506, -1,
      490, 492, 507, -1,
      507, 492, 508, -1,
      507, 508, 506, -1,
      506, 508, 255, -1,
      506, 255, 505, -1,
      505, 255, 254, -1,
      505, 254, 287, -1,
      509, 236, 484, -1,
      484, 236, 352, -1,
      484, 352, 485, -1,
      87, 89, 86, -1,
      86, 89, 510, -1,
      86, 510, 511, -1,
      509, 512, 236, -1,
      236, 512, 513, -1,
      236, 513, 89, -1,
      89, 513, 514, -1,
      89, 514, 510, -1,
      49, 98, 20, -1,
      20, 98, 266, -1,
      20, 266, 21, -1,
      21, 266, 259, -1,
      21, 259, 22, -1,
      22, 259, 255, -1,
      22, 255, 112, -1,
      112, 255, 508, -1,
      112, 508, 30, -1,
      30, 508, 492, -1,
      30, 492, 29, -1,
      511, 509, 86, -1,
      86, 509, 484, -1,
      86, 484, 515, -1,
      515, 484, 419, -1,
      516, 517, 518, -1,
      519, 520, 521, -1,
      522, 523, 524, -1,
      41, 35, 39, -1,
      39, 35, 29, -1,
      39, 29, 520, -1,
      520, 29, 492, -1,
      520, 492, 521, -1,
      521, 492, 525, -1,
      526, 527, 492, -1,
      518, 528, 516, -1,
      516, 528, 529, -1,
      516, 529, 530, -1,
      517, 516, 531, -1,
      531, 516, 525, -1,
      531, 525, 532, -1,
      533, 534, 525, -1,
      525, 534, 535, -1,
      525, 535, 532, -1,
      492, 527, 525, -1,
      525, 527, 536, -1,
      525, 536, 533, -1,
      530, 537, 516, -1,
      516, 537, 538, -1,
      516, 538, 539, -1,
      524, 540, 522, -1,
      522, 540, 519, -1,
      522, 519, 541, -1,
      541, 519, 521, -1,
      540, 516, 519, -1,
      519, 516, 539, -1,
      519, 539, 494, -1,
      494, 539, 542, -1,
      494, 542, 492, -1,
      492, 542, 543, -1,
      492, 543, 526, -1,
      96, 84, 94, -1,
      94, 84, 86, -1,
      94, 86, 99, -1,
      99, 86, 515, -1,
      99, 515, 135, -1,
      135, 515, 544, -1,
      399, 544, 545, -1,
      545, 544, 546, -1,
      546, 544, 547, -1,
      547, 544, 515, -1,
      547, 515, 548, -1,
      399, 545, 419, -1,
      419, 545, 549, -1,
      419, 549, 515, -1,
      515, 549, 550, -1,
      515, 550, 548, -1,
      551, 552, 553, -1,
      553, 552, 547, -1,
      553, 547, 554, -1,
      554, 547, 548, -1,
      554, 548, 555, -1,
      555, 548, 556, -1,
      287, 286, 505, -1,
      505, 286, 186, -1,
      505, 186, 496, -1,
      496, 186, 188, -1,
      496, 188, 494, -1,
      494, 188, 195, -1,
      494, 195, 519, -1,
      386, 388, 399, -1,
      399, 388, 557, -1,
      399, 557, 544, -1,
      544, 557, 183, -1,
      544, 183, 135, -1,
      135, 183, 185, -1,
      135, 185, 133, -1,
      203, 207, 388, -1,
      388, 207, 558, -1,
      388, 558, 557, -1,
      557, 558, 559, -1,
      557, 559, 183, -1,
      183, 559, 560, -1,
      183, 560, 182, -1,
      182, 560, 561, -1,
      182, 561, 272, -1,
      272, 561, 562, -1,
      272, 562, 279, -1,
      279, 562, 563, -1,
      279, 563, 286, -1,
      286, 563, 564, -1,
      286, 564, 186, -1,
      186, 564, 565, -1,
      186, 565, 187, -1,
    ]
  }
}

Shape {
  appearance Appearance {
    material Material {
      diffuseColor 1.0000 1.0000 1.0000
      specularColor 1.0000 1.0000 1.0000
      ambientIntensity 0.2
      transparency 0.0000
      shininess 0.5
    }
  }
  geometry IndexedFaceSet {
    ccw TRUE
    solid FALSE
    coord DEF co Coordinate {
      point [
        0.604331 -0.462598 0.017717,
        0.624016 -0.462598 0.017717,
        0.604331 -0.620079 0.017717,
        0.624016 -0.620079 0.017717,
      ]
    }
    coordIndex [
      0, 1, 2, -1,
      2, 1, 3, -1,
    ]
  }
}

Shape {
  appearance Appearance {
    material Material {
      diffuseColor 0.2078 0.2078 0.2078
      specularColor 0.0157 0.0157 0.0157
      ambientIntensity 0.2
      transparency 0.0000
      shininess 0.5
    }
  }
  geometry IndexedFaceSet {
    ccw TRUE
    solid FALSE
    coord DEF co Coordinate {
      point [
        0.604331 -0.462598 0.017717,
        0.604331 -0.620079 0.017717,
        -0.403891 0.719131 0.017717,
        -0.413386 0.715198 0.017717,
        -0.545276 0.728346 0.017717,
        0.427796 0.700787 0.017717,
        0.421540 0.708941 0.017717,
        0.545276 0.728346 0.017717,
        0.413386 0.715198 0.017717,
        0.604331 -0.425197 0.017717,
        0.628850 -0.353196 0.017717,
        0.639928 -0.349835 0.017717,
        0.728346 0.301181 0.017717,
        0.702712 0.282220 0.017717,
        0.696813 0.296463 0.017717,
        0.403891 0.719131 0.017717,
        0.393701 0.720472 0.017717,
        -0.393701 0.720472 0.017717,
        0.476841 -0.356343 0.017717,
        0.492126 -0.354331 0.017717,
        0.617329 -0.354331 0.017717,
        -0.604331 0.425197 0.017717,
        -0.628850 0.353196 0.017717,
        -0.639928 0.349835 0.017717,
        -0.728346 -0.301181 0.017717,
        -0.702712 -0.282220 0.017717,
        -0.696813 -0.296463 0.017717,
        -0.421540 0.708941 0.017717,
        -0.427796 0.700787 0.017717,
        -0.560560 0.726334 0.017717,
        -0.431730 0.691292 0.017717,
        -0.574803 0.720435 0.017717,
        -0.433071 0.681102 0.017717,
        -0.587034 0.711050 0.017717,
        -0.604331 0.620079 0.017717,
        -0.604331 0.669291 0.017717,
        0.587034 0.711050 0.017717,
        0.596419 0.698819 0.017717,
        0.433071 0.681102 0.017717,
        0.602319 0.684576 0.017717,
        0.431730 0.691292 0.017717,
        0.560560 0.726334 0.017717,
        0.574803 0.720435 0.017717,
        -0.545276 -0.728346 0.017717,
        -0.421540 -0.708941 0.017717,
        -0.413386 -0.715198 0.017717,
        0.403891 -0.719131 0.017717,
        0.413386 -0.715198 0.017717,
        0.545276 -0.728346 0.017717,
        -0.476841 0.356343 0.017717,
        -0.492126 0.354331 0.017717,
        -0.617329 0.354331 0.017717,
        -0.604331 0.462598 0.017717,
        -0.433071 0.413386 0.017717,
        -0.435083 0.398101 0.017717,
        -0.602319 0.684576 0.017717,
        -0.596419 0.698819 0.017717,
        0.440983 0.383858 0.017717,
        0.604331 0.462598 0.017717,
        0.450368 0.371628 0.017717,
        0.604331 0.425197 0.017717,
        0.604331 0.669291 0.017717,
        0.604331 0.620079 0.017717,
        0.433071 0.413386 0.017717,
        0.435083 0.398101 0.017717,
        0.696813 -0.296463 0.017717,
        0.702712 -0.282220 0.017717,
        0.728346 -0.301181 0.017717,
        0.704724 -0.266935 0.017717,
        0.704724 0.266935 0.017717,
        0.639928 0.349835 0.017717,
        0.628850 0.353196 0.017717,
        0.617329 0.354331 0.017717,
        0.492126 0.354331 0.017717,
        -0.440983 0.383858 0.017717,
        -0.450368 0.371628 0.017717,
        -0.462598 0.362243 0.017717,
        0.650138 -0.344378 0.017717,
        0.659087 -0.337034 0.017717,
        0.687428 -0.308693 0.017717,
        0.476841 0.356343 0.017717,
        0.462598 0.362243 0.017717,
        -0.574803 -0.720435 0.017717,
        -0.433071 -0.681102 0.017717,
        -0.560560 -0.726334 0.017717,
        -0.431730 -0.691292 0.017717,
        -0.427796 -0.700787 0.017717,
        -0.696813 0.296463 0.017717,
        -0.702712 0.282220 0.017717,
        -0.728346 0.301181 0.017717,
        -0.704724 0.266935 0.017717,
        -0.704724 -0.266935 0.017717,
        -0.639928 -0.349835 0.017717,
        -0.628850 -0.353196 0.017717,
        -0.604331 -0.425197 0.017717,
        -0.617329 -0.354331 0.017717,
        -0.492126 -0.354331 0.017717,
        0.687428 0.308693 0.017717,
        0.659087 0.337034 0.017717,
        0.650138 0.344378 0.017717,
        -0.587034 -0.711050 0.017717,
        -0.596419 -0.698819 0.017717,
        -0.602319 -0.684576 0.017717,
        0.421540 -0.708941 0.017717,
        0.427796 -0.700787 0.017717,
        0.560560 -0.726334 0.017717,
        0.431730 -0.691292 0.017717,
        0.574803 -0.720435 0.017717,
        0.433071 -0.681102 0.017717,
        0.587034 -0.711050 0.017717,
        0.435083 -0.398101 0.017717,
        0.440983 -0.383858 0.017717,
        0.450368 -0.371628 0.017717,
        0.462598 -0.362243 0.017717,
        0.604331 -0.669291 0.017717,
        -0.650138 0.344378 0.017717,
        -0.659087 0.337034 0.017717,
        -0.687428 0.308693 0.017717,
        -0.476841 -0.356343 0.017717,
        -0.462598 -0.362243 0.017717,
        -0.604331 -0.462598 0.017717,
        -0.450368 -0.371628 0.017717,
        -0.440983 -0.383858 0.017717,
        -0.403891 -0.719131 0.017717,
        -0.393701 -0.720472 0.017717,
        0.393701 -0.720472 0.017717,
        0.433071 -0.413386 0.017717,
        0.602319 -0.684576 0.017717,
        0.596419 -0.698819 0.017717,
        -0.687428 -0.308693 0.017717,
        -0.659087 -0.337034 0.017717,
        -0.650138 -0.344378 0.017717,
        -0.604331 -0.669291 0.017717,
        -0.604331 -0.620079 0.017717,
        -0.433071 -0.413386 0.017717,
        -0.435083 -0.398101 0.017717,
      ]
    }
    coordIndex [
      2, 3, 4, -1,
      5, 6, 7, -1,
      7, 6, 8, -1,
      9, 10, 11, -1,
      12, 13, 14, -1,
      8, 15, 7, -1,
      7, 15, 16, -1,
      7, 16, 4, -1,
      4, 16, 17, -1,
      4, 17, 2, -1,
      18, 19, 9, -1,
      9, 19, 20, -1,
      9, 20, 10, -1,
      21, 22, 23, -1,
      24, 25, 26, -1,
      3, 27, 4, -1,
      4, 27, 28, -1,
      4, 28, 29, -1,
      29, 28, 30, -1,
      29, 30, 31, -1,
      31, 30, 32, -1,
      31, 32, 33, -1,
      32, 34, 35, -1,
      36, 37, 38, -1,
      38, 37, 39, -1,
      5, 7, 40, -1,
      40, 7, 41, -1,
      40, 41, 38, -1,
      38, 41, 42, -1,
      38, 42, 36, -1,
      43, 44, 45, -1,
      46, 47, 48, -1,
      49, 50, 21, -1,
      21, 50, 51, -1,
      21, 51, 22, -1,
      34, 32, 52, -1,
      52, 32, 53, -1,
      52, 53, 54, -1,
      35, 55, 32, -1,
      32, 55, 56, -1,
      32, 56, 33, -1,
      57, 58, 59, -1,
      59, 58, 60, -1,
      39, 61, 38, -1,
      38, 61, 62, -1,
      38, 62, 63, -1,
      63, 62, 58, -1,
      63, 58, 64, -1,
      64, 58, 57, -1,
      65, 66, 67, -1,
      67, 66, 68, -1,
      67, 68, 12, -1,
      12, 68, 69, -1,
      12, 69, 13, -1,
      70, 71, 60, -1,
      60, 71, 72, -1,
      60, 72, 73, -1,
      54, 74, 52, -1,
      52, 74, 75, -1,
      52, 75, 21, -1,
      21, 75, 76, -1,
      21, 76, 49, -1,
      11, 77, 9, -1,
      9, 77, 78, -1,
      9, 78, 67, -1,
      67, 78, 79, -1,
      67, 79, 65, -1,
      73, 80, 60, -1,
      60, 80, 81, -1,
      60, 81, 59, -1,
      82, 83, 84, -1,
      84, 83, 85, -1,
      84, 85, 43, -1,
      43, 85, 86, -1,
      43, 86, 44, -1,
      87, 88, 89, -1,
      89, 88, 90, -1,
      89, 90, 24, -1,
      24, 90, 91, -1,
      24, 91, 25, -1,
      92, 93, 94, -1,
      94, 93, 95, -1,
      94, 95, 96, -1,
      14, 97, 12, -1,
      12, 97, 98, -1,
      12, 98, 60, -1,
      60, 98, 99, -1,
      60, 99, 70, -1,
      82, 100, 83, -1,
      83, 100, 101, -1,
      83, 101, 102, -1,
      47, 103, 48, -1,
      48, 103, 104, -1,
      48, 104, 105, -1,
      105, 104, 106, -1,
      105, 106, 107, -1,
      107, 106, 108, -1,
      107, 108, 109, -1,
      110, 111, 0, -1,
      0, 111, 112, -1,
      0, 112, 9, -1,
      9, 112, 113, -1,
      9, 113, 18, -1,
      108, 1, 114, -1,
      23, 115, 21, -1,
      21, 115, 116, -1,
      21, 116, 89, -1,
      89, 116, 117, -1,
      89, 117, 87, -1,
      96, 118, 94, -1,
      94, 118, 119, -1,
      94, 119, 120, -1,
      120, 119, 121, -1,
      120, 121, 122, -1,
      45, 123, 43, -1,
      43, 123, 124, -1,
      43, 124, 48, -1,
      48, 124, 125, -1,
      48, 125, 46, -1,
      1, 108, 0, -1,
      0, 108, 126, -1,
      0, 126, 110, -1,
      114, 127, 108, -1,
      108, 127, 128, -1,
      108, 128, 109, -1,
      26, 129, 24, -1,
      24, 129, 130, -1,
      24, 130, 94, -1,
      94, 130, 131, -1,
      94, 131, 92, -1,
      102, 132, 83, -1,
      83, 132, 133, -1,
      83, 133, 134, -1,
      134, 133, 120, -1,
      134, 120, 135, -1,
      135, 120, 122, -1,
    ]
  }
}

Shape {
  appearance Appearance {
    material Material {
      diffuseColor 1.0000 1.0000 1.0000
      specularColor 1.0000 1.0000 1.0000
      ambientIntensity 0.2
      transparency 0.0000
      shininess 0.5
    }
  }
  geometry IndexedFaceSet {
    ccw TRUE
    solid FALSE
    coord DEF co Coordinate {
      point [
        0.604331 -0.462598 0.017717,
        0.624016 -0.462598 0.017717,
        0.604331 -0.620079 0.017717,
        0.624016 -0.620079 0.017717,
        0.604331 0.462598 0.017717,
        0.604331 0.620079 0.017717,
        -0.604331 -0.462598 0.017717,
        -0.604331 -0.620079 0.017717,
        -0.624016 -0.620079 0.017717,
        -0.624016 -0.462598 0.017717,
        0.624016 0.620079 0.017717,
        0.624016 0.462598 0.017717,
        0.659671 0.620079 0.116884,
        0.659671 0.462598 0.116884,
        0.645340 0.620079 0.035610,
        0.645340 0.462598 0.035610,
        0.627893 0.462598 0.038687,
        0.642224 0.462598 0.119961,
        0.627893 0.620079 0.038687,
        0.642224 0.620079 0.119961,
        0.629009 0.620079 0.018300,
        0.629009 0.462598 0.018300,
        0.633734 0.620079 0.020020,
        0.633734 0.462598 0.020020,
        0.637934 0.620079 0.022783,
        0.637934 0.462598 0.022783,
        0.641385 0.620079 0.026439,
        0.641385 0.462598 0.026439,
        0.643898 0.620079 0.030794,
        0.643898 0.462598 0.030794,
        0.627631 0.462598 0.037811,
        0.627631 0.620079 0.037811,
        0.627174 0.462598 0.037019,
        0.627174 0.620079 0.037019,
        0.626546 0.462598 0.036354,
        0.626546 0.620079 0.036354,
        0.625783 0.462598 0.035852,
        0.625783 0.620079 0.035852,
        0.624924 0.462598 0.035539,
        0.624924 0.620079 0.035539,
        0.624016 0.462598 0.035433,
        0.624016 0.620079 0.035433,
        0.604331 0.462598 0.035433,
        0.604331 0.620079 0.035433,
        0.645340 -0.462598 0.035610,
        0.659671 -0.462598 0.116884,
        0.645340 -0.620079 0.035610,
        0.659671 -0.620079 0.116884,
        0.642224 -0.620079 0.119961,
        0.642224 -0.462598 0.119961,
        0.627893 -0.620079 0.038687,
        0.627893 -0.462598 0.038687,
        0.629009 -0.462598 0.018300,
        0.629009 -0.620079 0.018300,
        0.633734 -0.462598 0.020020,
        0.633734 -0.620079 0.020020,
        0.637934 -0.462598 0.022783,
        0.637934 -0.620079 0.022783,
        0.641385 -0.462598 0.026439,
        0.641385 -0.620079 0.026439,
        0.643898 -0.462598 0.030794,
        0.643898 -0.620079 0.030794,
        0.627631 -0.620079 0.037811,
        0.627631 -0.462598 0.037811,
        0.627174 -0.620079 0.037019,
        0.627174 -0.462598 0.037019,
        0.626546 -0.620079 0.036354,
        0.626546 -0.462598 0.036354,
        0.625783 -0.620079 0.035852,
        0.625783 -0.462598 0.035852,
        0.624924 -0.620079 0.035539,
        0.624924 -0.462598 0.035539,
        0.624016 -0.620079 0.035433,
        0.624016 -0.462598 0.035433,
        0.604331 -0.620079 0.035433,
        0.604331 -0.462598 0.035433,
        -0.604331 -0.462598 0.035433,
        -0.624016 -0.462598 0.035433,
        -0.604331 -0.620079 0.035433,
        -0.624016 -0.620079 0.035433,
        -0.645340 -0.620079 0.035610,
        -0.645340 -0.462598 0.035610,
        -0.643898 -0.462598 0.030794,
        -0.643898 -0.620079 0.030794,
        -0.641385 -0.462598 0.026439,
        -0.641385 -0.620079 0.026439,
        -0.637934 -0.462598 0.022783,
        -0.637934 -0.620079 0.022783,
        -0.633734 -0.462598 0.020020,
        -0.633734 -0.620079 0.020020,
        -0.629009 -0.462598 0.018300,
        -0.629009 -0.620079 0.018300,
        -0.624924 -0.620079 0.035539,
        -0.624924 -0.462598 0.035539,
        -0.625783 -0.620079 0.035852,
        -0.625783 -0.462598 0.035852,
        -0.626546 -0.620079 0.036354,
        -0.626546 -0.462598 0.036354,
        -0.627174 -0.620079 0.037019,
        -0.627174 -0.462598 0.037019,
        -0.627631 -0.620079 0.037811,
        -0.627631 -0.462598 0.037811,
        -0.627893 -0.620079 0.038687,
        -0.627893 -0.462598 0.038687,
        -0.642224 -0.462598 0.119961,
        -0.659671 -0.462598 0.116884,
        -0.659671 -0.620079 0.116884,
        -0.642224 -0.620079 0.119961,
      ]
    }
    coordIndex [
      8, 9, 7, -1,
      7, 9, 6, -1,
      5, 10, 4, -1,
      4, 10, 11, -1,
      12, 13, 14, -1,
      14, 13, 15, -1,
      16, 17, 18, -1,
      18, 17, 19, -1,
      19, 17, 12, -1,
      12, 17, 13, -1,
      11, 10, 20, -1,
      11, 20, 21, -1,
      21, 20, 22, -1,
      21, 22, 23, -1,
      23, 22, 24, -1,
      23, 24, 25, -1,
      25, 24, 26, -1,
      25, 26, 27, -1,
      27, 26, 28, -1,
      27, 28, 29, -1,
      29, 28, 14, -1,
      29, 14, 15, -1,
      16, 18, 30, -1,
      30, 18, 31, -1,
      30, 31, 32, -1,
      32, 31, 33, -1,
      32, 33, 34, -1,
      34, 33, 35, -1,
      34, 35, 36, -1,
      36, 35, 37, -1,
      36, 37, 38, -1,
      38, 37, 39, -1,
      38, 39, 40, -1,
      40, 39, 41, -1,
      40, 41, 42, -1,
      42, 41, 43, -1,
      42, 4, 40, -1,
      40, 4, 11, -1,
      40, 11, 38, -1,
      38, 11, 21, -1,
      38, 21, 36, -1,
      36, 21, 23, -1,
      36, 23, 34, -1,
      34, 23, 25, -1,
      34, 25, 32, -1,
      32, 25, 27, -1,
      32, 27, 30, -1,
      30, 27, 29, -1,
      30, 29, 16, -1,
      16, 29, 15, -1,
      16, 15, 17, -1,
      17, 15, 13, -1,
      19, 12, 18, -1,
      18, 12, 14, -1,
      18, 14, 31, -1,
      31, 14, 28, -1,
      31, 28, 33, -1,
      33, 28, 26, -1,
      33, 26, 35, -1,
      35, 26, 24, -1,
      35, 24, 37, -1,
      37, 24, 22, -1,
      37, 22, 39, -1,
      39, 22, 20, -1,
      39, 20, 41, -1,
      41, 20, 10, -1,
      41, 10, 43, -1,
      43, 10, 5, -1,
      44, 45, 46, -1,
      46, 45, 47, -1,
      48, 49, 50, -1,
      50, 49, 51, -1,
      49, 48, 45, -1,
      45, 48, 47, -1,
      3, 1, 52, -1,
      3, 52, 53, -1,
      53, 52, 54, -1,
      53, 54, 55, -1,
      55, 54, 56, -1,
      55, 56, 57, -1,
      57, 56, 58, -1,
      57, 58, 59, -1,
      59, 58, 60, -1,
      59, 60, 61, -1,
      61, 60, 44, -1,
      61, 44, 46, -1,
      50, 51, 62, -1,
      62, 51, 63, -1,
      62, 63, 64, -1,
      64, 63, 65, -1,
      64, 65, 66, -1,
      66, 65, 67, -1,
      66, 67, 68, -1,
      68, 67, 69, -1,
      68, 69, 70, -1,
      70, 69, 71, -1,
      70, 71, 72, -1,
      72, 71, 73, -1,
      74, 2, 72, -1,
      72, 2, 3, -1,
      72, 3, 70, -1,
      70, 3, 53, -1,
      70, 53, 68, -1,
      68, 53, 55, -1,
      68, 55, 66, -1,
      66, 55, 57, -1,
      66, 57, 64, -1,
      64, 57, 59, -1,
      64, 59, 62, -1,
      62, 59, 61, -1,
      62, 61, 50, -1,
      50, 61, 46, -1,
      50, 46, 48, -1,
      48, 46, 47, -1,
      49, 45, 51, -1,
      51, 45, 44, -1,
      51, 44, 63, -1,
      63, 44, 60, -1,
      63, 60, 65, -1,
      65, 60, 58, -1,
      65, 58, 67, -1,
      67, 58, 56, -1,
      67, 56, 69, -1,
      69, 56, 54, -1,
      69, 54, 71, -1,
      71, 54, 52, -1,
      71, 52, 73, -1,
      73, 52, 1, -1,
      73, 1, 75, -1,
      75, 1, 0, -1,
      74, 72, 75, -1,
      75, 72, 73, -1,
      76, 77, 78, -1,
      78, 77, 79, -1,
      80, 81, 82, -1,
      80, 82, 83, -1,
      83, 82, 84, -1,
      83, 84, 85, -1,
      85, 84, 86, -1,
      85, 86, 87, -1,
      87, 86, 88, -1,
      87, 88, 89, -1,
      89, 88, 90, -1,
      89, 90, 91, -1,
      91, 90, 9, -1,
      91, 9, 8, -1,
      79, 77, 92, -1,
      92, 77, 93, -1,
      92, 93, 94, -1,
      94, 93, 95, -1,
      94, 95, 96, -1,
      96, 95, 97, -1,
      96, 97, 98, -1,
      98, 97, 99, -1,
      98, 99, 100, -1,
      100, 99, 101, -1,
      100, 101, 102, -1,
      102, 101, 103, -1,
      76, 6, 77, -1,
      77, 6, 9, -1,
      77, 9, 93, -1,
      93, 9, 90, -1,
      93, 90, 95, -1,
      95, 90, 88, -1,
      95, 88, 97, -1,
      97, 88, 86, -1,
      97, 86, 99, -1,
      99, 86, 84, -1,
      99, 84, 101, -1,
      101, 84, 82, -1,
      101, 82, 103, -1,
      103, 82, 81, -1,
      103, 81, 104, -1,
      104, 81, 105, -1,
      105, 81, 106, -1,
      106, 81, 80, -1,
      107, 106, 102, -1,
      102, 106, 80, -1,
      102, 80, 100, -1,
      100, 80, 83, -1,
      100, 83, 98, -1,
      98, 83, 85, -1,
      98, 85, 96, -1,
      96, 85, 87, -1,
      96, 87, 94, -1,
      94, 87, 89, -1,
      94, 89, 92, -1,
      92, 89, 91, -1,
      92, 91, 79, -1,
      79, 91, 8, -1,
      79, 8, 78, -1,
      78, 8, 7, -1,
      104, 107, 103, -1,
      103, 107, 102, -1,
      107, 104, 106, -1,
      106, 104, 105, -1,
    ]
  }
}

Shape {
  appearance Appearance {
    material Material {
      diffuseColor 0.2078 0.2078 0.2078
      specularColor 0.0157 0.0157 0.0157
      ambientIntensity 0.2
      transparency 0.0000
      shininess 0.5
    }
  }
  geometry IndexedFaceSet {
    ccw TRUE
    solid FALSE
    coord DEF co Coordinate {
      point [
        0.560560 -0.726334 0.088583,
        0.574803 -0.720435 0.088583,
        0.587034 -0.711050 0.088583,
        0.596419 -0.698819 0.088583,
        0.602319 -0.684576 0.088583,
        0.604331 -0.669291 0.088583,
        0.389764 -0.728346 0.088583,
        0.394813 -0.727688 0.088583,
        0.399524 -0.725757 0.088583,
        0.407001 -0.699154 0.088583,
        0.408863 -0.703892 0.088583,
        0.409447 -0.708950 0.088583,
        0.408715 -0.713988 0.088583,
        0.406715 -0.718670 0.088583,
        0.403581 -0.722682 0.088583,
        0.604331 -0.526011 0.088583,
        0.603777 -0.530647 0.088583,
        0.602147 -0.535022 0.088583,
        0.599533 -0.538891 0.088583,
        0.596081 -0.542034 0.088583,
        0.578246 -0.544627 0.088583,
        0.574042 -0.542596 0.088583,
        0.591986 -0.544277 0.088583,
        0.587478 -0.545491 0.088583,
        0.582810 -0.545611 0.088583,
        0.545276 -0.728346 0.088583,
        0.604331 -0.462598 0.017717,
        0.604331 -0.620079 0.017717,
        -0.403891 0.719131 0.017717,
        -0.413386 0.715198 0.017717,
        -0.545276 0.728346 0.017717,
        0.427796 0.700787 0.017717,
        0.421540 0.708941 0.017717,
        0.545276 0.728346 0.017717,
        0.413386 0.715198 0.017717,
        0.604331 -0.425197 0.017717,
        0.628850 -0.353196 0.017717,
        0.639928 -0.349835 0.017717,
        0.728346 0.301181 0.017717,
        0.702712 0.282220 0.017717,
        0.696813 0.296463 0.017717,
        0.403891 0.719131 0.017717,
        0.393701 0.720472 0.017717,
        -0.393701 0.720472 0.017717,
        0.476841 -0.356343 0.017717,
        0.492126 -0.354331 0.017717,
        0.617329 -0.354331 0.017717,
        -0.604331 0.425197 0.017717,
        -0.628850 0.353196 0.017717,
        -0.639928 0.349835 0.017717,
        -0.728346 -0.301181 0.017717,
        -0.702712 -0.282220 0.017717,
        -0.696813 -0.296463 0.017717,
        -0.421540 0.708941 0.017717,
        -0.427796 0.700787 0.017717,
        -0.560560 0.726334 0.017717,
        -0.431730 0.691292 0.017717,
        -0.574803 0.720435 0.017717,
        -0.433071 0.681102 0.017717,
        -0.587034 0.711050 0.017717,
        -0.604331 0.620079 0.017717,
        -0.604331 0.669291 0.017717,
        0.587034 0.711050 0.017717,
        0.596419 0.698819 0.017717,
        0.433071 0.681102 0.017717,
        0.602319 0.684576 0.017717,
        0.431730 0.691292 0.017717,
        0.560560 0.726334 0.017717,
        0.574803 0.720435 0.017717,
        -0.545276 -0.728346 0.017717,
        -0.421540 -0.708941 0.017717,
        -0.413386 -0.715198 0.017717,
        0.403891 -0.719131 0.017717,
        0.413386 -0.715198 0.017717,
        0.545276 -0.728346 0.017717,
        -0.476841 0.356343 0.017717,
        -0.492126 0.354331 0.017717,
        -0.617329 0.354331 0.017717,
        -0.604331 0.462598 0.017717,
        -0.433071 0.413386 0.017717,
        -0.435083 0.398101 0.017717,
        -0.602319 0.684576 0.017717,
        -0.596419 0.698819 0.017717,
        0.440983 0.383858 0.017717,
        0.604331 0.462598 0.017717,
        0.450368 0.371628 0.017717,
        0.604331 0.425197 0.017717,
        0.604331 0.669291 0.017717,
        0.604331 0.620079 0.017717,
        0.433071 0.413386 0.017717,
        0.435083 0.398101 0.017717,
        0.696813 -0.296463 0.017717,
        0.702712 -0.282220 0.017717,
        0.728346 -0.301181 0.017717,
        0.704724 -0.266935 0.017717,
        0.704724 0.266935 0.017717,
        0.639928 0.349835 0.017717,
        0.628850 0.353196 0.017717,
        0.617329 0.354331 0.017717,
        0.492126 0.354331 0.017717,
        -0.440983 0.383858 0.017717,
        -0.450368 0.371628 0.017717,
        -0.462598 0.362243 0.017717,
        0.650138 -0.344378 0.017717,
        0.659087 -0.337034 0.017717,
        0.687428 -0.308693 0.017717,
        0.476841 0.356343 0.017717,
        0.462598 0.362243 0.017717,
        -0.574803 -0.720435 0.017717,
        -0.433071 -0.681102 0.017717,
        -0.560560 -0.726334 0.017717,
        -0.431730 -0.691292 0.017717,
        -0.427796 -0.700787 0.017717,
        -0.696813 0.296463 0.017717,
        -0.702712 0.282220 0.017717,
        -0.728346 0.301181 0.017717,
        -0.704724 0.266935 0.017717,
        -0.704724 -0.266935 0.017717,
        -0.639928 -0.349835 0.017717,
        -0.628850 -0.353196 0.017717,
        -0.604331 -0.425197 0.017717,
        -0.617329 -0.354331 0.017717,
        -0.492126 -0.354331 0.017717,
        0.687428 0.308693 0.017717,
        0.659087 0.337034 0.017717,
        0.650138 0.344378 0.017717,
        -0.587034 -0.711050 0.017717,
        -0.596419 -0.698819 0.017717,
        -0.602319 -0.684576 0.017717,
        0.421540 -0.708941 0.017717,
        0.427796 -0.700787 0.017717,
        0.560560 -0.726334 0.017717,
        0.431730 -0.691292 0.017717,
        0.574803 -0.720435 0.017717,
        0.433071 -0.681102 0.017717,
        0.587034 -0.711050 0.017717,
        0.435083 -0.398101 0.017717,
        0.440983 -0.383858 0.017717,
        0.450368 -0.371628 0.017717,
        0.462598 -0.362243 0.017717,
        0.604331 -0.669291 0.017717,
        -0.650138 0.344378 0.017717,
        -0.659087 0.337034 0.017717,
        -0.687428 0.308693 0.017717,
        -0.476841 -0.356343 0.017717,
        -0.462598 -0.362243 0.017717,
        -0.604331 -0.462598 0.017717,
        -0.450368 -0.371628 0.017717,
        -0.440983 -0.383858 0.017717,
        -0.403891 -0.719131 0.017717,
        -0.393701 -0.720472 0.017717,
        0.393701 -0.720472 0.017717,
        0.433071 -0.413386 0.017717,
        0.602319 -0.684576 0.017717,
        0.596419 -0.698819 0.017717,
        -0.687428 -0.308693 0.017717,
        -0.659087 -0.337034 0.017717,
        -0.650138 -0.344378 0.017717,
        -0.604331 -0.669291 0.017717,
        -0.604331 -0.620079 0.017717,
        -0.433071 -0.413386 0.017717,
        -0.435083 -0.398101 0.017717,
        0.604331 0.462598 0.035433,
        0.604331 0.620079 0.035433,
        0.604331 -0.620079 0.035433,
        0.604331 -0.462598 0.035433,
        -0.604331 -0.462598 0.035433,
        -0.604331 -0.620079 0.035433,
        -0.433071 -0.681102 -0.000000,
        -0.431730 -0.691292 -0.000000,
        -0.427796 -0.700787 -0.000000,
        -0.421540 -0.708941 -0.000000,
        -0.413386 -0.715198 -0.000000,
        -0.403891 -0.719131 -0.000000,
        -0.393701 -0.720472 -0.000000,
        -0.433071 -0.413386 -0.000000,
        -0.492126 -0.354331 -0.000000,
        -0.476841 -0.356343 -0.000000,
        -0.462598 -0.362243 -0.000000,
        -0.450368 -0.371628 -0.000000,
        -0.440983 -0.383858 -0.000000,
        -0.435083 -0.398101 -0.000000,
        -0.617329 -0.354331 -0.000000,
        -0.659087 -0.337034 -0.000000,
        -0.650138 -0.344378 -0.000000,
        -0.639928 -0.349835 -0.000000,
        -0.628850 -0.353196 -0.000000,
        -0.687428 -0.308693 -0.000000,
        -0.704724 -0.266935 -0.000000,
        -0.702712 -0.282220 -0.000000,
        -0.696813 -0.296463 -0.000000,
        -0.574042 -0.542596 0.088583,
        -0.574042 -0.542596 0.137795,
        -0.578246 -0.544627 0.137795,
        -0.578246 -0.544627 0.088583,
        -0.582810 -0.545611 0.137795,
        -0.582810 -0.545611 0.088583,
        -0.587478 -0.545491 0.137795,
        -0.587478 -0.545491 0.088583,
        -0.591986 -0.544277 0.137795,
        -0.591986 -0.544277 0.088583,
        -0.596081 -0.542034 0.137795,
        -0.596081 -0.542034 0.088583,
        -0.599533 -0.538891 0.137795,
        -0.599533 -0.538891 0.088583,
        -0.602147 -0.535022 0.137795,
        -0.602147 -0.535022 0.088583,
        -0.603777 -0.530647 0.137795,
        -0.603777 -0.530647 0.088583,
        -0.604331 -0.526011 0.137795,
        -0.604331 -0.526011 0.088583,
        -0.389764 -0.728346 0.088583,
        -0.389764 -0.728346 0.137795,
        -0.394813 -0.727688 0.137795,
        -0.394813 -0.727688 0.088583,
        -0.399524 -0.725757 0.137795,
        -0.399524 -0.725757 0.088583,
        -0.403581 -0.722682 0.137795,
        -0.403581 -0.722682 0.088583,
        -0.406715 -0.718670 0.137795,
        -0.406715 -0.718670 0.088583,
        -0.408715 -0.713988 0.137795,
        -0.408715 -0.713988 0.088583,
        -0.409447 -0.708950 0.137795,
        -0.409447 -0.708950 0.088583,
        -0.408863 -0.703892 0.137795,
        -0.408863 -0.703892 0.088583,
        -0.407001 -0.699154 0.137795,
        -0.407001 -0.699154 0.088583,
        -0.533949 -0.495578 0.120079,
        -0.533949 -0.495578 0.137795,
        -0.530837 -0.499627 0.137795,
        -0.530837 -0.499627 0.120079,
        -0.528871 -0.504339 0.137795,
        -0.528871 -0.504339 0.120079,
        -0.528184 -0.509399 0.137795,
        -0.528184 -0.509399 0.120079,
        -0.528820 -0.514465 0.137795,
        -0.528820 -0.514465 0.120079,
        -0.530739 -0.519197 0.137795,
        -0.530739 -0.519197 0.120079,
        -0.533810 -0.523276 0.137795,
        -0.533810 -0.523276 0.120079,
        -0.537826 -0.526429 0.137795,
        -0.537826 -0.526429 0.120079,
        -0.542519 -0.528442 0.137795,
        -0.542519 -0.528442 0.120079,
        -0.348705 -0.728346 0.137795,
        -0.348705 -0.728346 0.120079,
        -0.343610 -0.727676 0.120079,
        -0.343610 -0.727676 0.137795,
        -0.338863 -0.725709 0.120079,
        -0.338863 -0.725709 0.137795,
        -0.334785 -0.722581 0.120079,
        -0.334785 -0.722581 0.137795,
        -0.331657 -0.718504 0.120079,
        -0.331657 -0.718504 0.137795,
        -0.329691 -0.713756 0.120079,
        -0.329691 -0.713756 0.137795,
        -0.329020 -0.708661 0.120079,
        -0.329020 -0.708661 0.137795,
        -0.329691 -0.703567 0.120079,
        -0.329691 -0.703567 0.137795,
        -0.331657 -0.698819 0.120079,
        -0.331657 -0.698819 0.137795,
        -0.334785 -0.694742 0.120079,
        -0.334785 -0.694742 0.137795,
        -0.570726 -0.458801 0.137795,
        -0.570726 -0.458801 0.120079,
        -0.574360 -0.455937 0.120079,
        -0.574360 -0.455937 0.137795,
        -0.578563 -0.453999 0.120079,
        -0.578563 -0.453999 0.137795,
        -0.583101 -0.453096 0.120079,
        -0.583101 -0.453096 0.137795,
        -0.587725 -0.453278 0.120079,
        -0.587725 -0.453278 0.137795,
        -0.592179 -0.454534 0.120079,
        -0.592179 -0.454534 0.137795,
        -0.596216 -0.456795 0.120079,
        -0.596216 -0.456795 0.137795,
        -0.599614 -0.459936 0.120079,
        -0.599614 -0.459936 0.137795,
        -0.602185 -0.463784 0.120079,
        -0.602185 -0.463784 0.137795,
        -0.603787 -0.468125 0.120079,
        -0.603787 -0.468125 0.137795,
        -0.604331 -0.472721 0.120079,
        -0.604331 -0.472721 0.137795,
        -0.548527 -0.530313 0.137795,
        -0.363893 -0.665635 0.137795,
        -0.387511 -0.662425 0.137795,
        -0.391591 -0.665496 0.137795,
        -0.396756 -0.674205 0.137795,
        -0.394743 -0.669513 0.137795,
        -0.367941 -0.662523 0.137795,
        -0.372653 -0.660557 0.137795,
        -0.382779 -0.660506 0.137795,
        -0.377713 -0.659870 0.137795,
        -0.363893 -0.665635 0.120079,
        -0.604331 -0.669291 0.088583,
        -0.545276 -0.728346 0.088583,
        -0.602319 -0.684576 0.088583,
        -0.596419 -0.698819 0.088583,
        -0.587034 -0.711050 0.088583,
        -0.574803 -0.720435 0.088583,
        -0.560560 -0.726334 0.088583,
        -0.396395 -0.672897 0.088583,
        -0.392343 -0.644870 0.088583,
        -0.440566 -0.546869 0.088583,
        -0.465243 -0.532979 0.088583,
        -0.492518 -0.525362 0.088583,
        -0.520821 -0.524456 0.088583,
        -0.548527 -0.530313 0.088583,
        -0.395080 -0.616685 0.088583,
        -0.404446 -0.589961 0.088583,
        -0.419904 -0.566234 0.088583,
        -0.604331 -0.425197 0.120079,
        -0.728346 -0.301181 0.120079,
        0.393701 -0.720472 -0.000000,
        0.403891 -0.719131 -0.000000,
        0.413386 -0.715198 -0.000000,
        0.421540 -0.708941 -0.000000,
        0.427796 -0.700787 -0.000000,
        0.431730 -0.691292 -0.000000,
        0.433071 -0.681102 -0.000000,
        0.433071 -0.413386 -0.000000,
        0.435083 -0.398101 -0.000000,
        0.440983 -0.383858 -0.000000,
        0.450368 -0.371628 -0.000000,
        0.462598 -0.362243 -0.000000,
        0.476841 -0.356343 -0.000000,
        0.492126 -0.354331 -0.000000,
        0.617329 -0.354331 -0.000000,
        0.628850 -0.353196 -0.000000,
        0.639928 -0.349835 -0.000000,
        0.650138 -0.344378 -0.000000,
        0.659087 -0.337034 -0.000000,
        0.687428 -0.308693 -0.000000,
        0.696813 -0.296463 -0.000000,
        0.702712 -0.282220 -0.000000,
        0.704724 -0.266935 -0.000000,
        0.604331 -0.526011 0.137795,
        0.603777 -0.530647 0.137795,
        0.602147 -0.535022 0.137795,
        0.599533 -0.538891 0.137795,
        0.596081 -0.542034 0.137795,
        0.591986 -0.544277 0.137795,
        0.587478 -0.545491 0.137795,
        0.582810 -0.545611 0.137795,
        0.578246 -0.544627 0.137795,
        0.574042 -0.542596 0.137795,
        0.407001 -0.699154 0.137795,
        0.408863 -0.703892 0.137795,
        0.409447 -0.708950 0.137795,
        0.408715 -0.713988 0.137795,
        0.406715 -0.718670 0.137795,
        0.403581 -0.722682 0.137795,
        0.399524 -0.725757 0.137795,
        0.394813 -0.727688 0.137795,
        0.389764 -0.728346 0.137795,
        0.542519 -0.528442 0.120079,
        0.542519 -0.528442 0.137795,
        0.537826 -0.526429 0.137795,
        0.537826 -0.526429 0.120079,
        0.533810 -0.523276 0.137795,
        0.533810 -0.523276 0.120079,
        0.530739 -0.519197 0.137795,
        0.530739 -0.519197 0.120079,
        0.528820 -0.514465 0.137795,
        0.528820 -0.514465 0.120079,
        0.528184 -0.509399 0.137795,
        0.528184 -0.509399 0.120079,
        0.528871 -0.504339 0.137795,
        0.528871 -0.504339 0.120079,
        0.530837 -0.499627 0.137795,
        0.530837 -0.499627 0.120079,
        0.533949 -0.495578 0.137795,
        0.533949 -0.495578 0.120079,
        0.334785 -0.694742 0.137795,
        0.334785 -0.694742 0.120079,
        0.331657 -0.698819 0.120079,
        0.331657 -0.698819 0.137795,
        0.329691 -0.703567 0.120079,
        0.329691 -0.703567 0.137795,
        0.329020 -0.708661 0.120079,
        0.329020 -0.708661 0.137795,
        0.329691 -0.713756 0.120079,
        0.329691 -0.713756 0.137795,
        0.331657 -0.718504 0.120079,
        0.331657 -0.718504 0.137795,
        0.334785 -0.722581 0.120079,
        0.334785 -0.722581 0.137795,
        0.338863 -0.725709 0.120079,
        0.338863 -0.725709 0.137795,
        0.343610 -0.727676 0.120079,
        0.343610 -0.727676 0.137795,
        0.348705 -0.728346 0.120079,
        0.348705 -0.728346 0.137795,
        0.604331 -0.472721 0.137795,
        0.604331 -0.472721 0.120079,
        0.603787 -0.468125 0.120079,
        0.603787 -0.468125 0.137795,
        0.602185 -0.463784 0.120079,
        0.602185 -0.463784 0.137795,
        0.599614 -0.459936 0.120079,
        0.599614 -0.459936 0.137795,
        0.596216 -0.456795 0.120079,
        0.596216 -0.456795 0.137795,
        0.592179 -0.454534 0.120079,
        0.592179 -0.454534 0.137795,
        0.587725 -0.453278 0.120079,
        0.587725 -0.453278 0.137795,
        0.583101 -0.453096 0.120079,
        0.583101 -0.453096 0.137795,
        0.578563 -0.453999 0.120079,
        0.578563 -0.453999 0.137795,
        0.574360 -0.455937 0.120079,
        0.574360 -0.455937 0.137795,
        0.570726 -0.458801 0.120079,
        0.570726 -0.458801 0.137795,
        0.548527 -0.530313 0.137795,
        0.396756 -0.674205 0.137795,
        0.363893 -0.665635 0.137795,
        0.394743 -0.669513 0.137795,
        0.372653 -0.660557 0.137795,
        0.387511 -0.662425 0.137795,
        0.377713 -0.659870 0.137795,
        0.382779 -0.660506 0.137795,
        0.391591 -0.665496 0.137795,
        0.367941 -0.662523 0.137795,
        0.363893 -0.665635 0.120079,
        0.604331 -0.425197 0.120079,
        0.728346 -0.301181 0.120079,
        -0.393701 0.720472 0.000000,
        -0.403891 0.719131 0.000000,
        -0.413386 0.715198 0.000000,
        -0.421540 0.708941 0.000000,
        -0.427796 0.700787 0.000000,
        -0.431730 0.691292 0.000000,
        -0.433071 0.681102 0.000000,
        -0.433071 0.413386 0.000000,
        -0.435083 0.398101 0.000000,
        -0.440983 0.383858 0.000000,
        -0.450368 0.371628 0.000000,
        -0.462598 0.362243 0.000000,
        -0.476841 0.356343 0.000000,
        -0.492126 0.354331 0.000000,
        -0.617329 0.354331 0.000000,
        -0.628850 0.353196 0.000000,
        -0.639928 0.349835 0.000000,
        -0.650138 0.344378 0.000000,
        -0.659087 0.337034 0.000000,
        -0.687428 0.308693 0.000000,
        -0.696813 0.296463 0.000000,
        -0.702712 0.282220 0.000000,
        -0.704724 0.266935 0.000000,
        -0.604331 0.526011 0.088583,
        -0.604331 0.526011 0.137795,
        -0.603777 0.530647 0.137795,
        -0.603777 0.530647 0.088583,
        -0.602147 0.535022 0.137795,
        -0.602147 0.535022 0.088583,
        -0.599533 0.538891 0.137795,
        -0.599533 0.538891 0.088583,
        -0.596081 0.542034 0.137795,
        -0.596081 0.542034 0.088583,
        -0.591986 0.544277 0.137795,
        -0.591986 0.544277 0.088583,
        -0.587478 0.545491 0.137795,
        -0.587478 0.545491 0.088583,
        -0.582810 0.545611 0.137795,
        -0.582810 0.545611 0.088583,
        -0.578246 0.544627 0.137795,
        -0.578246 0.544627 0.088583,
        -0.574042 0.542596 0.137795,
        -0.574042 0.542596 0.088583,
        -0.407001 0.699154 0.088583,
        -0.407001 0.699154 0.137795,
        -0.408863 0.703892 0.137795,
        -0.408863 0.703892 0.088583,
        -0.409447 0.708950 0.137795,
        -0.409447 0.708950 0.088583,
        -0.408715 0.713988 0.137795,
        -0.408715 0.713988 0.088583,
        -0.406715 0.718670 0.137795,
        -0.406715 0.718670 0.088583,
        -0.403581 0.722682 0.137795,
        -0.403581 0.722682 0.088583,
        -0.399524 0.725757 0.137795,
        -0.399524 0.725757 0.088583,
        -0.394813 0.727688 0.137795,
        -0.394813 0.727688 0.088583,
        -0.389764 0.728346 0.137795,
        -0.389764 0.728346 0.088583,
        -0.542519 0.528442 0.120079,
        -0.542519 0.528442 0.137795,
        -0.537826 0.526429 0.137795,
        -0.537826 0.526429 0.120079,
        -0.533810 0.523276 0.137795,
        -0.533810 0.523276 0.120079,
        -0.530739 0.519197 0.137795,
        -0.530739 0.519197 0.120079,
        -0.528820 0.514465 0.137795,
        -0.528820 0.514465 0.120079,
        -0.528184 0.509399 0.137795,
        -0.528184 0.509399 0.120079,
        -0.528871 0.504339 0.137795,
        -0.528871 0.504339 0.120079,
        -0.530837 0.499627 0.137795,
        -0.530837 0.499627 0.120079,
        -0.533949 0.495578 0.137795,
        -0.533949 0.495578 0.120079,
        -0.334785 0.694742 0.137795,
        -0.334785 0.694742 0.120079,
        -0.331657 0.698819 0.120079,
        -0.331657 0.698819 0.137795,
        -0.329691 0.703567 0.120079,
        -0.329691 0.703567 0.137795,
        -0.329020 0.708661 0.120079,
        -0.329020 0.708661 0.137795,
        -0.329691 0.713756 0.120079,
        -0.329691 0.713756 0.137795,
        -0.331657 0.718504 0.120079,
        -0.331657 0.718504 0.137795,
        -0.334785 0.722581 0.120079,
        -0.334785 0.722581 0.137795,
        -0.338863 0.725709 0.120079,
        -0.338863 0.725709 0.137795,
        -0.343610 0.727676 0.120079,
        -0.343610 0.727676 0.137795,
        -0.348705 0.728346 0.120079,
        -0.348705 0.728346 0.137795,
        -0.604331 0.472721 0.137795,
        -0.604331 0.472721 0.120079,
        -0.603787 0.468125 0.120079,
        -0.603787 0.468125 0.137795,
        -0.602185 0.463784 0.120079,
        -0.602185 0.463784 0.137795,
        -0.599614 0.459936 0.120079,
        -0.599614 0.459936 0.137795,
        -0.596216 0.456795 0.120079,
        -0.596216 0.456795 0.137795,
        -0.592179 0.454534 0.120079,
        -0.592179 0.454534 0.137795,
        -0.587725 0.453278 0.120079,
        -0.587725 0.453278 0.137795,
        -0.583101 0.453096 0.120079,
        -0.583101 0.453096 0.137795,
        -0.578563 0.453999 0.120079,
        -0.578563 0.453999 0.137795,
        -0.574360 0.455937 0.120079,
        -0.574360 0.455937 0.137795,
        -0.570726 0.458801 0.120079,
        -0.570726 0.458801 0.137795,
        -0.548527 0.530313 0.137795,
        -0.396756 0.674205 0.137795,
        -0.363893 0.665635 0.137795,
        -0.394743 0.669513 0.137795,
        -0.372653 0.660557 0.137795,
        -0.387511 0.662425 0.137795,
        -0.377713 0.659870 0.137795,
        -0.382779 0.660506 0.137795,
        -0.391591 0.665496 0.137795,
        -0.367941 0.662523 0.137795,
        -0.363893 0.665635 0.120079,
        -0.545276 0.728346 0.088583,
        -0.587034 0.711050 0.088583,
        -0.604331 0.669291 0.088583,
        -0.596419 0.698819 0.088583,
        -0.602319 0.684576 0.088583,
        -0.574803 0.720435 0.088583,
        -0.560560 0.726334 0.088583,
        -0.548527 0.530313 0.088583,
        -0.520821 0.524456 0.088583,
        -0.492518 0.525362 0.088583,
        -0.465243 0.532979 0.088583,
        -0.440566 0.546869 0.088583,
        -0.419904 0.566234 0.088583,
        -0.404446 0.589961 0.088583,
        -0.395080 0.616685 0.088583,
        -0.392343 0.644870 0.088583,
        -0.396395 0.672897 0.088583,
        -0.604331 0.425197 0.120079,
        -0.728346 0.301181 0.120079,
        0.393701 0.720472 0.000000,
        0.433071 0.681102 0.000000,
        0.431730 0.691292 0.000000,
        0.427796 0.700787 0.000000,
        0.421540 0.708941 0.000000,
        0.413386 0.715198 0.000000,
        0.403891 0.719131 0.000000,
        0.433071 0.413386 0.000000,
        0.492126 0.354331 0.000000,
        0.476841 0.356343 0.000000,
        0.462598 0.362243 0.000000,
        0.450368 0.371628 0.000000,
        0.440983 0.383858 0.000000,
        0.435083 0.398101 0.000000,
        0.617329 0.354331 0.000000,
        0.659087 0.337034 0.000000,
        0.650138 0.344378 0.000000,
        0.639928 0.349835 0.000000,
        0.628850 0.353196 0.000000,
        0.687428 0.308693 0.000000,
        0.704724 0.266935 0.000000,
        0.702712 0.282220 0.000000,
        0.696813 0.296463 0.000000,
        0.574042 0.542596 0.088583,
        0.574042 0.542596 0.137795,
        0.578246 0.544627 0.137795,
        0.578246 0.544627 0.088583,
        0.582810 0.545611 0.137795,
        0.582810 0.545611 0.088583,
        0.587478 0.545491 0.137795,
        0.587478 0.545491 0.088583,
        0.591986 0.544277 0.137795,
        0.591986 0.544277 0.088583,
        0.596081 0.542034 0.137795,
        0.596081 0.542034 0.088583,
        0.599533 0.538891 0.137795,
        0.599533 0.538891 0.088583,
        0.602147 0.535022 0.137795,
        0.602147 0.535022 0.088583,
        0.603777 0.530647 0.137795,
        0.603777 0.530647 0.088583,
        0.604331 0.526011 0.137795,
        0.604331 0.526011 0.088583,
        0.389764 0.728346 0.088583,
        0.389764 0.728346 0.137795,
        0.394813 0.727688 0.137795,
        0.394813 0.727688 0.088583,
        0.399524 0.725757 0.137795,
        0.399524 0.725757 0.088583,
        0.403581 0.722682 0.137795,
        0.403581 0.722682 0.088583,
        0.406715 0.718670 0.137795,
        0.406715 0.718670 0.088583,
        0.408715 0.713988 0.137795,
        0.408715 0.713988 0.088583,
        0.409447 0.708950 0.137795,
        0.409447 0.708950 0.088583,
        0.408863 0.703892 0.137795,
        0.408863 0.703892 0.088583,
        0.407001 0.699154 0.137795,
        0.407001 0.699154 0.088583,
        0.533949 0.495578 0.120079,
        0.533949 0.495578 0.137795,
        0.530837 0.499627 0.137795,
        0.530837 0.499627 0.120079,
        0.528871 0.504339 0.137795,
        0.528871 0.504339 0.120079,
        0.528184 0.509399 0.137795,
        0.528184 0.509399 0.120079,
        0.528820 0.514465 0.137795,
        0.528820 0.514465 0.120079,
        0.530739 0.519197 0.137795,
        0.530739 0.519197 0.120079,
        0.533810 0.523276 0.137795,
        0.533810 0.523276 0.120079,
        0.537826 0.526429 0.137795,
        0.537826 0.526429 0.120079,
        0.542519 0.528442 0.137795,
        0.542519 0.528442 0.120079,
        0.348705 0.728346 0.137795,
        0.348705 0.728346 0.120079,
        0.343610 0.727676 0.120079,
        0.343610 0.727676 0.137795,
        0.338863 0.725709 0.120079,
        0.338863 0.725709 0.137795,
        0.334785 0.722581 0.120079,
        0.334785 0.722581 0.137795,
        0.331657 0.718504 0.120079,
        0.331657 0.718504 0.137795,
        0.329691 0.713756 0.120079,
        0.329691 0.713756 0.137795,
        0.329020 0.708661 0.120079,
        0.329020 0.708661 0.137795,
        0.329691 0.703567 0.120079,
        0.329691 0.703567 0.137795,
        0.331657 0.698819 0.120079,
        0.331657 0.698819 0.137795,
        0.334785 0.694742 0.120079,
        0.334785 0.694742 0.137795,
        0.570726 0.458801 0.137795,
        0.570726 0.458801 0.120079,
        0.574360 0.455937 0.120079,
        0.574360 0.455937 0.137795,
        0.578563 0.453999 0.120079,
        0.578563 0.453999 0.137795,
        0.583101 0.453096 0.120079,
        0.583101 0.453096 0.137795,
        0.587725 0.453278 0.120079,
        0.587725 0.453278 0.137795,
        0.592179 0.454534 0.120079,
        0.592179 0.454534 0.137795,
        0.596216 0.456795 0.120079,
        0.596216 0.456795 0.137795,
        0.599614 0.459936 0.120079,
        0.599614 0.459936 0.137795,
        0.602185 0.463784 0.120079,
        0.602185 0.463784 0.137795,
        0.603787 0.468125 0.120079,
        0.603787 0.468125 0.137795,
        0.604331 0.472721 0.120079,
        0.604331 0.472721 0.137795,
        0.548527 0.530313 0.137795,
        0.363893 0.665635 0.137795,
        0.387511 0.662425 0.137795,
        0.391591 0.665496 0.137795,
        0.396756 0.674205 0.137795,
        0.394743 0.669513 0.137795,
        0.367941 0.662523 0.137795,
        0.372653 0.660557 0.137795,
        0.382779 0.660506 0.137795,
        0.377713 0.659870 0.137795,
        0.363893 0.665635 0.120079,
        0.604331 0.669291 0.088583,
        0.545276 0.728346 0.088583,
        0.548527 0.530313 0.088583,
        0.602319 0.684576 0.088583,
        0.596419 0.698819 0.088583,
        0.587034 0.711050 0.088583,
        0.574803 0.720435 0.088583,
        0.560560 0.726334 0.088583,
        0.396395 0.672897 0.088583,
        0.392343 0.644870 0.088583,
        0.395080 0.616685 0.088583,
        0.492518 0.525362 0.088583,
        0.419904 0.566234 0.088583,
        0.465243 0.532979 0.088583,
        0.440566 0.546869 0.088583,
        0.520821 0.524456 0.088583,
        0.404446 0.589961 0.088583,
        0.604331 0.425197 0.120079,
        0.728346 0.301181 0.120079,
        -0.604331 0.462598 0.035433,
        -0.604331 0.620079 0.035433,
      ]
    }
    coordIndex [
      109, 168, 169, -1,
      109, 169, 111, -1,
      111, 169, 170, -1,
      111, 170, 112, -1,
      112, 170, 171, -1,
      112, 171, 70, -1,
      70, 171, 172, -1,
      70, 172, 71, -1,
      71, 172, 173, -1,
      71, 173, 149, -1,
      149, 173, 174, -1,
      149, 174, 150, -1,
      109, 160, 168, -1,
      168, 160, 175, -1,
      122, 176, 144, -1,
      144, 176, 177, -1,
      144, 177, 145, -1,
      145, 177, 178, -1,
      145, 178, 147, -1,
      147, 178, 179, -1,
      147, 179, 148, -1,
      148, 179, 180, -1,
      148, 180, 161, -1,
      161, 180, 181, -1,
      161, 181, 160, -1,
      160, 181, 175, -1,
      122, 121, 176, -1,
      176, 121, 182, -1,
      156, 183, 184, -1,
      156, 184, 157, -1,
      157, 184, 185, -1,
      157, 185, 118, -1,
      118, 185, 186, -1,
      118, 186, 119, -1,
      119, 186, 182, -1,
      119, 182, 121, -1,
      156, 155, 183, -1,
      183, 155, 187, -1,
      117, 188, 189, -1,
      117, 189, 51, -1,
      51, 189, 190, -1,
      51, 190, 52, -1,
      52, 190, 187, -1,
      52, 187, 155, -1,
      191, 192, 193, -1,
      191, 193, 194, -1,
      194, 193, 195, -1,
      194, 195, 196, -1,
      196, 195, 197, -1,
      196, 197, 198, -1,
      198, 197, 199, -1,
      198, 199, 200, -1,
      200, 199, 201, -1,
      200, 201, 202, -1,
      202, 201, 203, -1,
      202, 203, 204, -1,
      204, 203, 205, -1,
      204, 205, 206, -1,
      206, 205, 207, -1,
      206, 207, 208, -1,
      208, 207, 209, -1,
      208, 209, 210, -1,
      211, 212, 213, -1,
      211, 213, 214, -1,
      214, 213, 215, -1,
      214, 215, 216, -1,
      216, 215, 217, -1,
      216, 217, 218, -1,
      218, 217, 219, -1,
      218, 219, 220, -1,
      220, 219, 221, -1,
      220, 221, 222, -1,
      222, 221, 223, -1,
      222, 223, 224, -1,
      224, 223, 225, -1,
      224, 225, 226, -1,
      226, 225, 227, -1,
      226, 227, 228, -1,
      229, 230, 231, -1,
      229, 231, 232, -1,
      232, 231, 233, -1,
      232, 233, 234, -1,
      234, 233, 235, -1,
      234, 235, 236, -1,
      236, 235, 237, -1,
      236, 237, 238, -1,
      238, 237, 239, -1,
      238, 239, 240, -1,
      240, 239, 241, -1,
      240, 241, 242, -1,
      242, 241, 243, -1,
      242, 243, 244, -1,
      244, 243, 245, -1,
      244, 245, 246, -1,
      247, 248, 249, -1,
      247, 249, 250, -1,
      250, 249, 251, -1,
      250, 251, 252, -1,
      252, 251, 253, -1,
      252, 253, 254, -1,
      254, 253, 255, -1,
      254, 255, 256, -1,
      256, 255, 257, -1,
      256, 257, 258, -1,
      258, 257, 259, -1,
      258, 259, 260, -1,
      260, 259, 261, -1,
      260, 261, 262, -1,
      262, 261, 263, -1,
      262, 263, 264, -1,
      264, 263, 265, -1,
      264, 265, 266, -1,
      267, 268, 269, -1,
      267, 269, 270, -1,
      270, 269, 271, -1,
      270, 271, 272, -1,
      272, 271, 273, -1,
      272, 273, 274, -1,
      274, 273, 275, -1,
      274, 275, 276, -1,
      276, 275, 277, -1,
      276, 277, 278, -1,
      278, 277, 279, -1,
      278, 279, 280, -1,
      280, 279, 281, -1,
      280, 281, 282, -1,
      282, 281, 283, -1,
      282, 283, 284, -1,
      284, 283, 285, -1,
      284, 285, 286, -1,
      286, 285, 287, -1,
      286, 287, 288, -1,
      230, 267, 245, -1,
      193, 192, 209, -1,
      289, 272, 274, -1,
      245, 267, 289, -1,
      289, 267, 270, -1,
      289, 270, 272, -1,
      235, 233, 231, -1,
      289, 280, 282, -1,
      274, 276, 289, -1,
      289, 276, 278, -1,
      289, 278, 280, -1,
      282, 284, 289, -1,
      289, 284, 286, -1,
      289, 286, 192, -1,
      192, 286, 288, -1,
      192, 288, 209, -1,
      207, 197, 209, -1,
      209, 197, 195, -1,
      209, 195, 193, -1,
      230, 245, 231, -1,
      231, 245, 243, -1,
      231, 243, 241, -1,
      201, 199, 203, -1,
      203, 199, 197, -1,
      203, 197, 205, -1,
      205, 197, 207, -1,
      241, 239, 231, -1,
      231, 239, 237, -1,
      231, 237, 235, -1,
      267, 230, 268, -1,
      268, 230, 229, -1,
      213, 212, 227, -1,
      227, 212, 247, -1,
      227, 247, 250, -1,
      290, 291, 292, -1,
      250, 252, 227, -1,
      227, 252, 254, -1,
      227, 254, 256, -1,
      256, 258, 227, -1,
      227, 258, 260, -1,
      227, 260, 293, -1,
      293, 260, 262, -1,
      293, 262, 264, -1,
      219, 217, 227, -1,
      227, 217, 215, -1,
      227, 215, 213, -1,
      264, 266, 293, -1,
      293, 266, 290, -1,
      293, 290, 294, -1,
      294, 290, 292, -1,
      219, 227, 221, -1,
      221, 227, 225, -1,
      221, 225, 223, -1,
      290, 295, 291, -1,
      291, 295, 296, -1,
      291, 296, 297, -1,
      297, 296, 298, -1,
      265, 299, 266, -1,
      266, 299, 290, -1,
      208, 210, 300, -1,
      211, 214, 301, -1,
      301, 214, 216, -1,
      301, 216, 218, -1,
      191, 194, 228, -1,
      228, 194, 226, -1,
      200, 202, 300, -1,
      218, 220, 301, -1,
      301, 220, 222, -1,
      301, 222, 224, -1,
      200, 300, 198, -1,
      202, 204, 300, -1,
      300, 204, 206, -1,
      300, 206, 208, -1,
      300, 302, 226, -1,
      226, 302, 303, -1,
      226, 303, 224, -1,
      224, 303, 304, -1,
      224, 304, 301, -1,
      301, 304, 305, -1,
      301, 305, 306, -1,
      226, 194, 300, -1,
      300, 194, 196, -1,
      300, 196, 198, -1,
      307, 308, 309, -1,
      307, 309, 228, -1,
      228, 309, 310, -1,
      228, 310, 311, -1,
      311, 312, 228, -1,
      228, 312, 313, -1,
      228, 313, 191, -1,
      308, 314, 309, -1,
      309, 314, 315, -1,
      309, 315, 316, -1,
      120, 317, 50, -1,
      50, 317, 318, -1,
      300, 158, 128, -1,
      300, 128, 302, -1,
      302, 128, 127, -1,
      302, 127, 303, -1,
      303, 127, 126, -1,
      303, 126, 304, -1,
      304, 126, 108, -1,
      304, 108, 305, -1,
      305, 108, 110, -1,
      305, 110, 306, -1,
      306, 110, 69, -1,
      306, 69, 301, -1,
      151, 150, 319, -1,
      319, 150, 174, -1,
      151, 319, 320, -1,
      151, 320, 72, -1,
      72, 320, 321, -1,
      72, 321, 73, -1,
      73, 321, 322, -1,
      73, 322, 129, -1,
      129, 322, 323, -1,
      129, 323, 130, -1,
      130, 323, 324, -1,
      130, 324, 132, -1,
      132, 324, 325, -1,
      132, 325, 134, -1,
      152, 134, 326, -1,
      326, 134, 325, -1,
      152, 326, 136, -1,
      136, 326, 327, -1,
      136, 327, 137, -1,
      137, 327, 328, -1,
      137, 328, 138, -1,
      138, 328, 329, -1,
      138, 329, 139, -1,
      139, 329, 330, -1,
      139, 330, 44, -1,
      44, 330, 331, -1,
      44, 331, 45, -1,
      45, 331, 332, -1,
      46, 45, 333, -1,
      333, 45, 332, -1,
      46, 333, 334, -1,
      46, 334, 36, -1,
      36, 334, 335, -1,
      36, 335, 37, -1,
      37, 335, 336, -1,
      37, 336, 103, -1,
      103, 336, 337, -1,
      103, 337, 104, -1,
      105, 104, 338, -1,
      338, 104, 337, -1,
      105, 338, 339, -1,
      105, 339, 91, -1,
      91, 339, 340, -1,
      91, 340, 92, -1,
      92, 340, 341, -1,
      92, 341, 94, -1,
      15, 342, 343, -1,
      15, 343, 16, -1,
      16, 343, 344, -1,
      16, 344, 17, -1,
      17, 344, 345, -1,
      17, 345, 18, -1,
      18, 345, 346, -1,
      18, 346, 19, -1,
      19, 346, 347, -1,
      19, 347, 22, -1,
      22, 347, 348, -1,
      22, 348, 23, -1,
      23, 348, 349, -1,
      23, 349, 24, -1,
      24, 349, 350, -1,
      24, 350, 20, -1,
      20, 350, 351, -1,
      20, 351, 21, -1,
      9, 352, 353, -1,
      9, 353, 10, -1,
      10, 353, 354, -1,
      10, 354, 11, -1,
      11, 354, 355, -1,
      11, 355, 12, -1,
      12, 355, 356, -1,
      12, 356, 13, -1,
      13, 356, 357, -1,
      13, 357, 14, -1,
      14, 357, 358, -1,
      14, 358, 8, -1,
      8, 358, 359, -1,
      8, 359, 7, -1,
      7, 359, 360, -1,
      7, 360, 6, -1,
      361, 362, 363, -1,
      361, 363, 364, -1,
      364, 363, 365, -1,
      364, 365, 366, -1,
      366, 365, 367, -1,
      366, 367, 368, -1,
      368, 367, 369, -1,
      368, 369, 370, -1,
      370, 369, 371, -1,
      370, 371, 372, -1,
      372, 371, 373, -1,
      372, 373, 374, -1,
      374, 373, 375, -1,
      374, 375, 376, -1,
      376, 375, 377, -1,
      376, 377, 378, -1,
      379, 380, 381, -1,
      379, 381, 382, -1,
      382, 381, 383, -1,
      382, 383, 384, -1,
      384, 383, 385, -1,
      384, 385, 386, -1,
      386, 385, 387, -1,
      386, 387, 388, -1,
      388, 387, 389, -1,
      388, 389, 390, -1,
      390, 389, 391, -1,
      390, 391, 392, -1,
      392, 391, 393, -1,
      392, 393, 394, -1,
      394, 393, 395, -1,
      394, 395, 396, -1,
      396, 395, 397, -1,
      396, 397, 398, -1,
      399, 400, 401, -1,
      399, 401, 402, -1,
      402, 401, 403, -1,
      402, 403, 404, -1,
      404, 403, 405, -1,
      404, 405, 406, -1,
      406, 405, 407, -1,
      406, 407, 408, -1,
      408, 407, 409, -1,
      408, 409, 410, -1,
      410, 409, 411, -1,
      410, 411, 412, -1,
      412, 411, 413, -1,
      412, 413, 414, -1,
      414, 413, 415, -1,
      414, 415, 416, -1,
      416, 415, 417, -1,
      416, 417, 418, -1,
      418, 417, 419, -1,
      418, 419, 420, -1,
      421, 416, 418, -1,
      343, 342, 348, -1,
      421, 418, 362, -1,
      402, 404, 421, -1,
      348, 342, 349, -1,
      404, 406, 421, -1,
      421, 406, 408, -1,
      421, 408, 410, -1,
      347, 346, 345, -1,
      418, 420, 362, -1,
      362, 420, 377, -1,
      362, 377, 363, -1,
      363, 377, 375, -1,
      363, 375, 373, -1,
      410, 412, 421, -1,
      421, 412, 414, -1,
      421, 414, 416, -1,
      402, 421, 399, -1,
      399, 421, 351, -1,
      399, 351, 342, -1,
      342, 351, 350, -1,
      342, 350, 349, -1,
      373, 371, 363, -1,
      363, 371, 369, -1,
      363, 369, 365, -1,
      365, 369, 367, -1,
      347, 345, 348, -1,
      348, 345, 344, -1,
      348, 344, 343, -1,
      377, 420, 378, -1,
      378, 420, 419, -1,
      352, 394, 396, -1,
      396, 398, 352, -1,
      352, 398, 360, -1,
      352, 360, 359, -1,
      359, 358, 352, -1,
      352, 358, 357, -1,
      352, 357, 356, -1,
      388, 390, 352, -1,
      352, 390, 392, -1,
      352, 392, 394, -1,
      379, 422, 423, -1,
      423, 422, 424, -1,
      379, 382, 422, -1,
      422, 382, 384, -1,
      422, 384, 352, -1,
      352, 384, 386, -1,
      352, 386, 388, -1,
      356, 355, 352, -1,
      352, 355, 354, -1,
      352, 354, 353, -1,
      425, 426, 427, -1,
      427, 426, 428, -1,
      424, 429, 423, -1,
      423, 429, 426, -1,
      423, 426, 430, -1,
      430, 426, 425, -1,
      431, 380, 423, -1,
      423, 380, 379, -1,
      74, 25, 6, -1,
      211, 301, 69, -1,
      360, 398, 6, -1,
      6, 398, 397, -1,
      6, 397, 248, -1,
      247, 212, 248, -1,
      248, 212, 211, -1,
      248, 211, 6, -1,
      6, 211, 69, -1,
      6, 69, 74, -1,
      432, 35, 433, -1,
      433, 35, 93, -1,
      25, 74, 131, -1,
      25, 131, 0, -1,
      0, 131, 133, -1,
      0, 133, 1, -1,
      1, 133, 135, -1,
      1, 135, 2, -1,
      2, 135, 154, -1,
      2, 154, 3, -1,
      3, 154, 153, -1,
      3, 153, 4, -1,
      4, 153, 140, -1,
      4, 140, 5, -1,
      43, 434, 435, -1,
      43, 435, 28, -1,
      28, 435, 436, -1,
      28, 436, 29, -1,
      29, 436, 437, -1,
      29, 437, 53, -1,
      53, 437, 438, -1,
      53, 438, 54, -1,
      54, 438, 439, -1,
      54, 439, 56, -1,
      56, 439, 440, -1,
      56, 440, 58, -1,
      79, 58, 441, -1,
      441, 58, 440, -1,
      79, 441, 80, -1,
      80, 441, 442, -1,
      80, 442, 100, -1,
      100, 442, 443, -1,
      100, 443, 101, -1,
      101, 443, 444, -1,
      101, 444, 102, -1,
      102, 444, 445, -1,
      102, 445, 75, -1,
      75, 445, 446, -1,
      75, 446, 76, -1,
      76, 446, 447, -1,
      77, 76, 448, -1,
      448, 76, 447, -1,
      77, 448, 449, -1,
      77, 449, 48, -1,
      48, 449, 450, -1,
      48, 450, 49, -1,
      49, 450, 451, -1,
      49, 451, 141, -1,
      141, 451, 452, -1,
      141, 452, 142, -1,
      143, 142, 453, -1,
      453, 142, 452, -1,
      143, 453, 454, -1,
      143, 454, 113, -1,
      113, 454, 455, -1,
      113, 455, 114, -1,
      114, 455, 456, -1,
      114, 456, 116, -1,
      117, 116, 188, -1,
      188, 116, 456, -1,
      457, 458, 459, -1,
      457, 459, 460, -1,
      460, 459, 461, -1,
      460, 461, 462, -1,
      462, 461, 463, -1,
      462, 463, 464, -1,
      464, 463, 465, -1,
      464, 465, 466, -1,
      466, 465, 467, -1,
      466, 467, 468, -1,
      468, 467, 469, -1,
      468, 469, 470, -1,
      470, 469, 471, -1,
      470, 471, 472, -1,
      472, 471, 473, -1,
      472, 473, 474, -1,
      474, 473, 475, -1,
      474, 475, 476, -1,
      477, 478, 479, -1,
      477, 479, 480, -1,
      480, 479, 481, -1,
      480, 481, 482, -1,
      482, 481, 483, -1,
      482, 483, 484, -1,
      484, 483, 485, -1,
      484, 485, 486, -1,
      486, 485, 487, -1,
      486, 487, 488, -1,
      488, 487, 489, -1,
      488, 489, 490, -1,
      490, 489, 491, -1,
      490, 491, 492, -1,
      492, 491, 493, -1,
      492, 493, 494, -1,
      495, 496, 497, -1,
      495, 497, 498, -1,
      498, 497, 499, -1,
      498, 499, 500, -1,
      500, 499, 501, -1,
      500, 501, 502, -1,
      502, 501, 503, -1,
      502, 503, 504, -1,
      504, 503, 505, -1,
      504, 505, 506, -1,
      506, 505, 507, -1,
      506, 507, 508, -1,
      508, 507, 509, -1,
      508, 509, 510, -1,
      510, 509, 511, -1,
      510, 511, 512, -1,
      513, 514, 515, -1,
      513, 515, 516, -1,
      516, 515, 517, -1,
      516, 517, 518, -1,
      518, 517, 519, -1,
      518, 519, 520, -1,
      520, 519, 521, -1,
      520, 521, 522, -1,
      522, 521, 523, -1,
      522, 523, 524, -1,
      524, 523, 525, -1,
      524, 525, 526, -1,
      526, 525, 527, -1,
      526, 527, 528, -1,
      528, 527, 529, -1,
      528, 529, 530, -1,
      530, 529, 531, -1,
      530, 531, 532, -1,
      533, 534, 535, -1,
      533, 535, 536, -1,
      536, 535, 537, -1,
      536, 537, 538, -1,
      538, 537, 539, -1,
      538, 539, 540, -1,
      540, 539, 541, -1,
      540, 541, 542, -1,
      542, 541, 543, -1,
      542, 543, 544, -1,
      544, 543, 545, -1,
      544, 545, 546, -1,
      546, 545, 547, -1,
      546, 547, 548, -1,
      548, 547, 549, -1,
      548, 549, 550, -1,
      550, 549, 551, -1,
      550, 551, 552, -1,
      552, 551, 553, -1,
      552, 553, 554, -1,
      459, 458, 469, -1,
      496, 555, 552, -1,
      469, 458, 471, -1,
      552, 554, 496, -1,
      496, 554, 511, -1,
      496, 511, 497, -1,
      497, 511, 509, -1,
      467, 465, 463, -1,
      538, 475, 536, -1,
      536, 475, 533, -1,
      538, 540, 475, -1,
      475, 540, 542, -1,
      475, 542, 544, -1,
      544, 546, 475, -1,
      475, 546, 548, -1,
      475, 548, 555, -1,
      555, 548, 550, -1,
      555, 550, 552, -1,
      533, 475, 458, -1,
      458, 475, 473, -1,
      458, 473, 471, -1,
      503, 509, 505, -1,
      505, 509, 507, -1,
      467, 463, 469, -1,
      469, 463, 461, -1,
      469, 461, 459, -1,
      503, 501, 509, -1,
      509, 501, 499, -1,
      509, 499, 497, -1,
      511, 554, 512, -1,
      512, 554, 553, -1,
      478, 528, 530, -1,
      530, 532, 478, -1,
      478, 532, 493, -1,
      478, 493, 491, -1,
      491, 489, 478, -1,
      478, 489, 487, -1,
      478, 487, 485, -1,
      522, 524, 478, -1,
      478, 524, 526, -1,
      478, 526, 528, -1,
      513, 556, 557, -1,
      557, 556, 558, -1,
      513, 516, 556, -1,
      556, 516, 518, -1,
      556, 518, 478, -1,
      478, 518, 520, -1,
      478, 520, 522, -1,
      485, 483, 478, -1,
      478, 483, 481, -1,
      478, 481, 479, -1,
      559, 560, 561, -1,
      561, 560, 562, -1,
      558, 563, 557, -1,
      557, 563, 560, -1,
      557, 560, 564, -1,
      564, 560, 559, -1,
      565, 514, 557, -1,
      557, 514, 513, -1,
      494, 566, 492, -1,
      492, 566, 490, -1,
      480, 482, 567, -1,
      484, 486, 566, -1,
      566, 486, 488, -1,
      566, 488, 490, -1,
      462, 568, 460, -1,
      460, 568, 457, -1,
      567, 569, 480, -1,
      480, 569, 570, -1,
      480, 570, 568, -1,
      482, 484, 567, -1,
      567, 484, 566, -1,
      567, 566, 571, -1,
      571, 566, 572, -1,
      462, 464, 568, -1,
      568, 464, 466, -1,
      568, 466, 468, -1,
      468, 470, 568, -1,
      568, 470, 472, -1,
      568, 472, 480, -1,
      480, 472, 474, -1,
      480, 474, 477, -1,
      477, 474, 476, -1,
      477, 476, 573, -1,
      573, 574, 477, -1,
      477, 574, 575, -1,
      477, 575, 576, -1,
      576, 577, 477, -1,
      477, 577, 578, -1,
      477, 578, 579, -1,
      579, 580, 477, -1,
      477, 580, 581, -1,
      477, 581, 582, -1,
      583, 47, 584, -1,
      584, 47, 115, -1,
      318, 584, 50, -1,
      50, 584, 115, -1,
      566, 30, 55, -1,
      566, 55, 572, -1,
      572, 55, 57, -1,
      572, 57, 571, -1,
      571, 57, 59, -1,
      571, 59, 567, -1,
      567, 59, 82, -1,
      567, 82, 569, -1,
      569, 82, 81, -1,
      569, 81, 570, -1,
      570, 81, 61, -1,
      570, 61, 568, -1,
      43, 42, 434, -1,
      434, 42, 585, -1,
      64, 586, 587, -1,
      64, 587, 66, -1,
      66, 587, 588, -1,
      66, 588, 31, -1,
      31, 588, 589, -1,
      31, 589, 32, -1,
      32, 589, 590, -1,
      32, 590, 34, -1,
      34, 590, 591, -1,
      34, 591, 41, -1,
      41, 591, 585, -1,
      41, 585, 42, -1,
      64, 89, 586, -1,
      586, 89, 592, -1,
      99, 593, 106, -1,
      106, 593, 594, -1,
      106, 594, 107, -1,
      107, 594, 595, -1,
      107, 595, 85, -1,
      85, 595, 596, -1,
      85, 596, 83, -1,
      83, 596, 597, -1,
      83, 597, 90, -1,
      90, 597, 598, -1,
      90, 598, 89, -1,
      89, 598, 592, -1,
      99, 98, 593, -1,
      593, 98, 599, -1,
      124, 600, 601, -1,
      124, 601, 125, -1,
      125, 601, 602, -1,
      125, 602, 96, -1,
      96, 602, 603, -1,
      96, 603, 97, -1,
      97, 603, 599, -1,
      97, 599, 98, -1,
      124, 123, 600, -1,
      600, 123, 604, -1,
      95, 605, 606, -1,
      95, 606, 39, -1,
      39, 606, 607, -1,
      39, 607, 40, -1,
      40, 607, 604, -1,
      40, 604, 123, -1,
      95, 94, 605, -1,
      605, 94, 341, -1,
      608, 609, 610, -1,
      608, 610, 611, -1,
      611, 610, 612, -1,
      611, 612, 613, -1,
      613, 612, 614, -1,
      613, 614, 615, -1,
      615, 614, 616, -1,
      615, 616, 617, -1,
      617, 616, 618, -1,
      617, 618, 619, -1,
      619, 618, 620, -1,
      619, 620, 621, -1,
      621, 620, 622, -1,
      621, 622, 623, -1,
      623, 622, 624, -1,
      623, 624, 625, -1,
      625, 624, 626, -1,
      625, 626, 627, -1,
      628, 629, 630, -1,
      628, 630, 631, -1,
      631, 630, 632, -1,
      631, 632, 633, -1,
      633, 632, 634, -1,
      633, 634, 635, -1,
      635, 634, 636, -1,
      635, 636, 637, -1,
      637, 636, 638, -1,
      637, 638, 639, -1,
      639, 638, 640, -1,
      639, 640, 641, -1,
      641, 640, 642, -1,
      641, 642, 643, -1,
      643, 642, 644, -1,
      643, 644, 645, -1,
      646, 647, 648, -1,
      646, 648, 649, -1,
      649, 648, 650, -1,
      649, 650, 651, -1,
      651, 650, 652, -1,
      651, 652, 653, -1,
      653, 652, 654, -1,
      653, 654, 655, -1,
      655, 654, 656, -1,
      655, 656, 657, -1,
      657, 656, 658, -1,
      657, 658, 659, -1,
      659, 658, 660, -1,
      659, 660, 661, -1,
      661, 660, 662, -1,
      661, 662, 663, -1,
      664, 665, 666, -1,
      664, 666, 667, -1,
      667, 666, 668, -1,
      667, 668, 669, -1,
      669, 668, 670, -1,
      669, 670, 671, -1,
      671, 670, 672, -1,
      671, 672, 673, -1,
      673, 672, 674, -1,
      673, 674, 675, -1,
      675, 674, 676, -1,
      675, 676, 677, -1,
      677, 676, 678, -1,
      677, 678, 679, -1,
      679, 678, 680, -1,
      679, 680, 681, -1,
      681, 680, 682, -1,
      681, 682, 683, -1,
      684, 685, 686, -1,
      684, 686, 687, -1,
      687, 686, 688, -1,
      687, 688, 689, -1,
      689, 688, 690, -1,
      689, 690, 691, -1,
      691, 690, 692, -1,
      691, 692, 693, -1,
      693, 692, 694, -1,
      693, 694, 695, -1,
      695, 694, 696, -1,
      695, 696, 697, -1,
      697, 696, 698, -1,
      697, 698, 699, -1,
      699, 698, 700, -1,
      699, 700, 701, -1,
      701, 700, 702, -1,
      701, 702, 703, -1,
      703, 702, 704, -1,
      703, 704, 705, -1,
      610, 609, 626, -1,
      706, 689, 691, -1,
      660, 647, 662, -1,
      662, 647, 684, -1,
      662, 684, 706, -1,
      706, 684, 687, -1,
      706, 687, 689, -1,
      706, 703, 609, -1,
      609, 703, 705, -1,
      609, 705, 626, -1,
      691, 693, 706, -1,
      706, 693, 695, -1,
      706, 695, 697, -1,
      624, 614, 626, -1,
      626, 614, 612, -1,
      626, 612, 610, -1,
      697, 699, 706, -1,
      706, 699, 701, -1,
      706, 701, 703, -1,
      660, 658, 647, -1,
      647, 658, 656, -1,
      647, 656, 654, -1,
      652, 650, 654, -1,
      654, 650, 648, -1,
      654, 648, 647, -1,
      618, 616, 620, -1,
      620, 616, 614, -1,
      620, 614, 622, -1,
      622, 614, 624, -1,
      684, 647, 685, -1,
      685, 647, 646, -1,
      630, 629, 644, -1,
      644, 629, 664, -1,
      644, 664, 667, -1,
      707, 708, 709, -1,
      667, 669, 644, -1,
      644, 669, 671, -1,
      644, 671, 673, -1,
      673, 675, 644, -1,
      644, 675, 677, -1,
      644, 677, 710, -1,
      710, 677, 679, -1,
      710, 679, 681, -1,
      636, 634, 644, -1,
      644, 634, 632, -1,
      644, 632, 630, -1,
      681, 683, 710, -1,
      710, 683, 707, -1,
      710, 707, 711, -1,
      711, 707, 709, -1,
      636, 644, 638, -1,
      638, 644, 642, -1,
      638, 642, 640, -1,
      707, 712, 708, -1,
      708, 712, 713, -1,
      708, 713, 714, -1,
      714, 713, 715, -1,
      682, 716, 683, -1,
      683, 716, 707, -1,
      625, 627, 717, -1,
      628, 631, 718, -1,
      718, 631, 633, -1,
      718, 633, 635, -1,
      617, 619, 717, -1,
      635, 637, 718, -1,
      718, 637, 639, -1,
      718, 639, 641, -1,
      719, 608, 645, -1,
      645, 608, 611, -1,
      645, 611, 643, -1,
      617, 717, 615, -1,
      619, 621, 717, -1,
      717, 621, 623, -1,
      717, 623, 625, -1,
      717, 720, 643, -1,
      643, 720, 721, -1,
      643, 721, 641, -1,
      641, 721, 722, -1,
      641, 722, 718, -1,
      718, 722, 723, -1,
      718, 723, 724, -1,
      643, 611, 717, -1,
      717, 611, 613, -1,
      717, 613, 615, -1,
      645, 725, 719, -1,
      719, 725, 726, -1,
      719, 726, 727, -1,
      728, 729, 730, -1,
      730, 729, 731, -1,
      728, 732, 729, -1,
      729, 732, 719, -1,
      729, 719, 733, -1,
      733, 719, 727, -1,
      330, 329, 181, -1,
      329, 328, 181, -1,
      181, 328, 327, -1,
      181, 327, 326, -1,
      595, 594, 442, -1,
      442, 605, 179, -1,
      177, 445, 444, -1,
      598, 442, 592, -1,
      592, 442, 441, -1,
      325, 168, 326, -1,
      326, 168, 175, -1,
      326, 175, 181, -1,
      341, 181, 605, -1,
      605, 181, 180, -1,
      605, 180, 179, -1,
      179, 178, 442, -1,
      442, 178, 177, -1,
      442, 177, 443, -1,
      443, 177, 444, -1,
      442, 594, 605, -1,
      605, 594, 593, -1,
      605, 593, 599, -1,
      176, 447, 177, -1,
      177, 447, 446, -1,
      177, 446, 445, -1,
      598, 597, 442, -1,
      442, 597, 596, -1,
      442, 596, 595, -1,
      441, 440, 434, -1,
      434, 440, 439, -1,
      441, 434, 592, -1,
      592, 434, 585, -1,
      592, 585, 586, -1,
      330, 181, 331, -1,
      331, 181, 341, -1,
      331, 341, 332, -1,
      332, 341, 340, -1,
      332, 340, 339, -1,
      339, 338, 332, -1,
      332, 338, 337, -1,
      332, 337, 333, -1,
      333, 337, 336, -1,
      333, 336, 334, -1,
      334, 336, 335, -1,
      321, 320, 322, -1,
      322, 320, 323, -1,
      173, 169, 174, -1,
      174, 169, 168, -1,
      174, 168, 319, -1,
      319, 168, 325, -1,
      319, 325, 320, -1,
      320, 325, 324, -1,
      320, 324, 323, -1,
      607, 606, 604, -1,
      604, 606, 605, -1,
      604, 605, 600, -1,
      600, 605, 599, -1,
      600, 599, 601, -1,
      601, 599, 603, -1,
      601, 603, 602, -1,
      439, 438, 434, -1,
      434, 438, 437, -1,
      434, 437, 435, -1,
      435, 437, 436, -1,
      590, 589, 588, -1,
      173, 172, 169, -1,
      169, 172, 171, -1,
      169, 171, 170, -1,
      452, 183, 187, -1,
      450, 449, 176, -1,
      176, 449, 448, -1,
      176, 448, 447, -1,
      585, 591, 586, -1,
      586, 591, 590, -1,
      586, 590, 587, -1,
      587, 590, 588, -1,
      452, 182, 186, -1,
      182, 452, 176, -1,
      176, 452, 451, -1,
      176, 451, 450, -1,
      186, 185, 452, -1,
      452, 185, 184, -1,
      452, 184, 183, -1,
      190, 189, 187, -1,
      187, 189, 188, -1,
      187, 188, 452, -1,
      452, 188, 456, -1,
      455, 454, 456, -1,
      456, 454, 453, -1,
      456, 453, 452, -1,
      30, 566, 494, -1,
      628, 718, 33, -1,
      493, 532, 494, -1,
      494, 532, 531, -1,
      494, 531, 665, -1,
      664, 629, 665, -1,
      665, 629, 628, -1,
      665, 628, 494, -1,
      494, 628, 33, -1,
      494, 33, 30, -1,
      86, 734, 38, -1,
      38, 734, 735, -1,
      93, 38, 433, -1,
      433, 38, 735, -1,
      717, 87, 65, -1,
      717, 65, 720, -1,
      720, 65, 63, -1,
      720, 63, 721, -1,
      721, 63, 62, -1,
      721, 62, 722, -1,
      722, 62, 68, -1,
      722, 68, 723, -1,
      723, 68, 67, -1,
      723, 67, 724, -1,
      724, 67, 33, -1,
      724, 33, 718, -1,
      533, 458, 534, -1,
      534, 458, 457, -1,
      78, 47, 736, -1,
      736, 47, 583, -1,
      61, 60, 568, -1,
      568, 60, 737, -1,
      568, 737, 457, -1,
      457, 737, 736, -1,
      457, 736, 534, -1,
      534, 736, 583, -1,
      626, 705, 627, -1,
      627, 705, 704, -1,
      86, 84, 734, -1,
      734, 84, 162, -1,
      704, 734, 627, -1,
      627, 734, 162, -1,
      627, 162, 717, -1,
      717, 162, 163, -1,
      717, 163, 87, -1,
      87, 163, 88, -1,
      159, 158, 167, -1,
      167, 158, 300, -1,
      167, 300, 166, -1,
      166, 300, 210, -1,
      120, 146, 317, -1,
      317, 146, 166, -1,
      317, 166, 287, -1,
      287, 166, 210, -1,
      287, 210, 288, -1,
      288, 210, 209, -1,
      399, 342, 400, -1,
      400, 342, 15, -1,
      400, 15, 432, -1,
      432, 15, 35, -1,
      140, 27, 5, -1,
      5, 27, 164, -1,
      5, 164, 15, -1,
      15, 164, 165, -1,
      15, 165, 35, -1,
      35, 165, 26, -1,
    ]
  }
}

Shape {
  appearance Appearance {
    material Material {
      diffuseColor 1.0000 1.0000 1.0000
      specularColor 1.0000 1.0000 1.0000
      ambientIntensity 0.2
      transparency 0.0000
      shininess 0.5
    }
  }
  geometry IndexedFaceSet {
    ccw TRUE
    solid FALSE
    coord DEF co Coordinate {
      point [
        -0.604331 0.620079 0.017717,
        -0.604331 0.462598 0.017717,
        -0.604331 0.462598 0.035433,
        -0.604331 0.620079 0.035433,
        -0.624016 0.620079 0.035433,
        -0.624016 0.462598 0.035433,
        -0.645340 0.462598 0.035610,
        -0.645340 0.620079 0.035610,
        -0.643898 0.620079 0.030794,
        -0.643898 0.462598 0.030794,
        -0.641385 0.620079 0.026439,
        -0.641385 0.462598 0.026439,
        -0.637934 0.620079 0.022783,
        -0.637934 0.462598 0.022783,
        -0.633734 0.620079 0.020020,
        -0.633734 0.462598 0.020020,
        -0.629009 0.620079 0.018300,
        -0.629009 0.462598 0.018300,
        -0.624016 0.620079 0.017717,
        -0.624016 0.462598 0.017717,
        -0.624924 0.462598 0.035539,
        -0.624924 0.620079 0.035539,
        -0.625783 0.462598 0.035852,
        -0.625783 0.620079 0.035852,
        -0.626546 0.462598 0.036354,
        -0.626546 0.620079 0.036354,
        -0.627174 0.462598 0.037019,
        -0.627174 0.620079 0.037019,
        -0.627631 0.462598 0.037811,
        -0.627631 0.620079 0.037811,
        -0.627893 0.462598 0.038687,
        -0.627893 0.620079 0.038687,
        -0.659671 0.462598 0.116884,
        -0.659671 0.620079 0.116884,
        -0.642224 0.462598 0.119961,
        -0.642224 0.620079 0.119961,
      ]
    }
    coordIndex [
      4, 5, 3, -1,
      3, 5, 2, -1,
      6, 7, 8, -1,
      6, 8, 9, -1,
      9, 8, 10, -1,
      9, 10, 11, -1,
      11, 10, 12, -1,
      11, 12, 13, -1,
      13, 12, 14, -1,
      13, 14, 15, -1,
      15, 14, 16, -1,
      15, 16, 17, -1,
      17, 16, 18, -1,
      17, 18, 19, -1,
      5, 4, 20, -1,
      20, 4, 21, -1,
      20, 21, 22, -1,
      22, 21, 23, -1,
      22, 23, 24, -1,
      24, 23, 25, -1,
      24, 25, 26, -1,
      26, 25, 27, -1,
      26, 27, 28, -1,
      28, 27, 29, -1,
      28, 29, 30, -1,
      30, 29, 31, -1,
      32, 33, 6, -1,
      6, 33, 7, -1,
      34, 32, 30, -1,
      30, 32, 6, -1,
      30, 6, 28, -1,
      28, 6, 9, -1,
      28, 9, 26, -1,
      26, 9, 11, -1,
      26, 11, 24, -1,
      24, 11, 13, -1,
      24, 13, 22, -1,
      22, 13, 15, -1,
      22, 15, 20, -1,
      20, 15, 17, -1,
      20, 17, 5, -1,
      5, 17, 19, -1,
      5, 19, 2, -1,
      2, 19, 1, -1,
      34, 30, 35, -1,
      35, 30, 31, -1,
      3, 0, 4, -1,
      4, 0, 18, -1,
      4, 18, 21, -1,
      21, 18, 16, -1,
      21, 16, 23, -1,
      23, 16, 14, -1,
      23, 14, 25, -1,
      25, 14, 12, -1,
      25, 12, 27, -1,
      27, 12, 10, -1,
      27, 10, 29, -1,
      29, 10, 8, -1,
      29, 8, 31, -1,
      31, 8, 7, -1,
      31, 7, 35, -1,
      35, 7, 33, -1,
      34, 35, 32, -1,
      32, 35, 33, -1,
    ]
  }
}

Shape {
  appearance Appearance {
    material Material {
      diffuseColor 0.2078 0.2078 0.2078
      specularColor 0.0157 0.0157 0.0157
      ambientIntensity 0.2
      transparency 0.0000
      shininess 0.5
    }
  }
  geometry IndexedFaceSet {
    ccw TRUE
    solid FALSE
    coord DEF co Coordinate {
      point [
        -0.533949 -0.495578 0.120079,
        -0.530837 -0.499627 0.120079,
        -0.528871 -0.504339 0.120079,
        -0.528184 -0.509399 0.120079,
        -0.528820 -0.514465 0.120079,
        -0.530739 -0.519197 0.120079,
        -0.533810 -0.523276 0.120079,
        -0.537826 -0.526429 0.120079,
        -0.542519 -0.528442 0.120079,
        -0.348705 -0.728346 0.120079,
        -0.343610 -0.727676 0.120079,
        -0.338863 -0.725709 0.120079,
        -0.334785 -0.722581 0.120079,
        -0.331657 -0.718504 0.120079,
        -0.329691 -0.713756 0.120079,
        -0.329020 -0.708661 0.120079,
        -0.329691 -0.703567 0.120079,
        -0.331657 -0.698819 0.120079,
        -0.334785 -0.694742 0.120079,
        -0.570726 -0.458801 0.120079,
        -0.574360 -0.455937 0.120079,
        -0.578563 -0.453999 0.120079,
        -0.583101 -0.453096 0.120079,
        -0.587725 -0.453278 0.120079,
        -0.592179 -0.454534 0.120079,
        -0.596216 -0.456795 0.120079,
        -0.599614 -0.459936 0.120079,
        -0.602185 -0.463784 0.120079,
        -0.603787 -0.468125 0.120079,
        -0.604331 -0.472721 0.120079,
        -0.363893 -0.665635 0.120079,
        -0.604331 -0.425197 0.120079,
        -0.728346 -0.301181 0.120079,
        0.542519 -0.528442 0.120079,
        0.537826 -0.526429 0.120079,
        0.533810 -0.523276 0.120079,
        0.530739 -0.519197 0.120079,
        0.528820 -0.514465 0.120079,
        0.528184 -0.509399 0.120079,
        0.528871 -0.504339 0.120079,
        0.530837 -0.499627 0.120079,
        0.533949 -0.495578 0.120079,
        0.334785 -0.694742 0.120079,
        0.331657 -0.698819 0.120079,
        0.329691 -0.703567 0.120079,
        0.329020 -0.708661 0.120079,
        0.329691 -0.713756 0.120079,
        0.331657 -0.718504 0.120079,
        0.334785 -0.722581 0.120079,
        0.338863 -0.725709 0.120079,
        0.343610 -0.727676 0.120079,
        0.348705 -0.728346 0.120079,
        0.604331 -0.472721 0.120079,
        0.603787 -0.468125 0.120079,
        0.602185 -0.463784 0.120079,
        0.599614 -0.459936 0.120079,
        0.596216 -0.456795 0.120079,
        0.592179 -0.454534 0.120079,
        0.587725 -0.453278 0.120079,
        0.583101 -0.453096 0.120079,
        0.578563 -0.453999 0.120079,
        0.574360 -0.455937 0.120079,
        0.570726 -0.458801 0.120079,
        0.363893 -0.665635 0.120079,
        0.604331 -0.425197 0.120079,
        0.728346 -0.301181 0.120079,
        -0.542519 0.528442 0.120079,
        -0.537826 0.526429 0.120079,
        -0.533810 0.523276 0.120079,
        -0.530739 0.519197 0.120079,
        -0.528820 0.514465 0.120079,
        -0.528184 0.509399 0.120079,
        -0.528871 0.504339 0.120079,
        -0.530837 0.499627 0.120079,
        -0.533949 0.495578 0.120079,
        -0.334785 0.694742 0.120079,
        -0.331657 0.698819 0.120079,
        -0.329691 0.703567 0.120079,
        -0.329020 0.708661 0.120079,
        -0.329691 0.713756 0.120079,
        -0.331657 0.718504 0.120079,
        -0.334785 0.722581 0.120079,
        -0.338863 0.725709 0.120079,
        -0.343610 0.727676 0.120079,
        -0.348705 0.728346 0.120079,
        -0.604331 0.472721 0.120079,
        -0.603787 0.468125 0.120079,
        -0.602185 0.463784 0.120079,
        -0.599614 0.459936 0.120079,
        -0.596216 0.456795 0.120079,
        -0.592179 0.454534 0.120079,
        -0.587725 0.453278 0.120079,
        -0.583101 0.453096 0.120079,
        -0.578563 0.453999 0.120079,
        -0.574360 0.455937 0.120079,
        -0.570726 0.458801 0.120079,
        -0.363893 0.665635 0.120079,
        -0.604331 0.425197 0.120079,
        -0.728346 0.301181 0.120079,
        0.533949 0.495578 0.120079,
        0.530837 0.499627 0.120079,
        0.528871 0.504339 0.120079,
        0.528184 0.509399 0.120079,
        0.528820 0.514465 0.120079,
        0.530739 0.519197 0.120079,
        0.533810 0.523276 0.120079,
        0.537826 0.526429 0.120079,
        0.542519 0.528442 0.120079,
        0.348705 0.728346 0.120079,
        0.343610 0.727676 0.120079,
        0.338863 0.725709 0.120079,
        0.334785 0.722581 0.120079,
        0.331657 0.718504 0.120079,
        0.329691 0.713756 0.120079,
        0.329020 0.708661 0.120079,
        0.329691 0.703567 0.120079,
        0.331657 0.698819 0.120079,
        0.334785 0.694742 0.120079,
        0.570726 0.458801 0.120079,
        0.574360 0.455937 0.120079,
        0.578563 0.453999 0.120079,
        0.583101 0.453096 0.120079,
        0.587725 0.453278 0.120079,
        0.592179 0.454534 0.120079,
        0.596216 0.456795 0.120079,
        0.599614 0.459936 0.120079,
        0.602185 0.463784 0.120079,
        0.603787 0.468125 0.120079,
        0.604331 0.472721 0.120079,
        0.363893 0.665635 0.120079,
        0.604331 0.425197 0.120079,
        0.728346 0.301181 0.120079,
        0.685599 -0.316600 0.120079,
        0.471660 -0.530538 0.120079,
        0.520821 0.524456 0.120079,
        0.520821 -0.524456 0.120079,
        0.698112 -0.300292 0.120079,
        0.705978 -0.281301 0.120079,
        0.698112 0.300292 0.120079,
        0.685599 0.316600 0.120079,
        0.471660 0.530538 0.120079,
        0.705978 0.281301 0.120079,
        0.708661 0.260922 0.120079,
        0.708661 -0.260922 0.120079,
        0.492518 0.525362 0.120079,
        0.492518 -0.525362 0.120079,
        0.300292 0.698112 0.120079,
        0.316600 0.685599 0.120079,
        -0.316600 0.685599 0.120079,
        -0.300292 0.698112 0.120079,
        -0.387511 0.662425 0.120079,
        -0.392343 0.644870 0.120079,
        -0.382779 0.660506 0.120079,
        -0.395080 0.616685 0.120079,
        -0.377713 0.659870 0.120079,
        -0.398852 0.603346 0.120079,
        -0.372653 0.660557 0.120079,
        -0.391591 0.665496 0.120079,
        -0.394743 0.669513 0.120079,
        -0.396395 0.672897 0.120079,
        -0.396756 0.674205 0.120079,
        -0.367941 0.662523 0.120079,
        -0.260922 0.708661 0.120079,
        0.260922 0.708661 0.120079,
        0.281301 0.705978 0.120079,
        0.391591 0.665496 0.120079,
        0.392343 0.644870 0.120079,
        0.394743 0.669513 0.120079,
        0.396395 0.672897 0.120079,
        0.396756 0.674205 0.120079,
        0.398852 0.603346 0.120079,
        0.367941 0.662523 0.120079,
        -0.281301 0.705978 0.120079,
        0.387511 0.662425 0.120079,
        0.382779 0.660506 0.120079,
        0.395080 0.616685 0.120079,
        0.377713 0.659870 0.120079,
        0.372653 0.660557 0.120079,
        -0.316600 -0.685599 0.120079,
        -0.300292 -0.698112 0.120079,
        -0.281301 -0.705978 0.120079,
        -0.260922 -0.708661 0.120079,
        0.367941 -0.662523 0.120079,
        0.398852 -0.603346 0.120079,
        0.316600 -0.685599 0.120079,
        0.396756 -0.674205 0.120079,
        0.396395 -0.672897 0.120079,
        0.394743 -0.669513 0.120079,
        0.392343 -0.644870 0.120079,
        0.391591 -0.665496 0.120079,
        0.281301 -0.705978 0.120079,
        0.300292 -0.698112 0.120079,
        0.372653 -0.660557 0.120079,
        0.377713 -0.659870 0.120079,
        0.395080 -0.616685 0.120079,
        0.382779 -0.660506 0.120079,
        0.387511 -0.662425 0.120079,
        -0.391591 -0.665496 0.120079,
        -0.392343 -0.644870 0.120079,
        -0.394743 -0.669513 0.120079,
        -0.396395 -0.672897 0.120079,
        -0.396756 -0.674205 0.120079,
        -0.398852 -0.603346 0.120079,
        -0.367941 -0.662523 0.120079,
        -0.387511 -0.662425 0.120079,
        -0.382779 -0.660506 0.120079,
        -0.395080 -0.616685 0.120079,
        -0.377713 -0.659870 0.120079,
        -0.372653 -0.660557 0.120079,
        0.260922 -0.708661 0.120079,
        -0.685599 0.316600 0.120079,
        -0.471660 0.530538 0.120079,
        -0.520821 0.524456 0.120079,
        -0.698112 -0.300292 0.120079,
        -0.685599 -0.316600 0.120079,
        -0.471660 -0.530538 0.120079,
        -0.520821 -0.524456 0.120079,
        -0.698112 0.300292 0.120079,
        -0.705978 0.281301 0.120079,
        -0.705978 -0.281301 0.120079,
        -0.708661 -0.260922 0.120079,
        -0.708661 0.260922 0.120079,
        -0.492518 -0.525362 0.120079,
        -0.492518 0.525362 0.120079,
      ]
    }
    coordIndex [
      132, 133, 64, -1,
      53, 52, 64, -1,
      39, 40, 133, -1,
      104, 105, 134, -1,
      134, 105, 106, -1,
      134, 106, 107, -1,
      135, 33, 34, -1,
      53, 64, 54, -1,
      132, 64, 136, -1,
      136, 64, 65, -1,
      136, 65, 137, -1,
      138, 131, 139, -1,
      139, 131, 130, -1,
      139, 130, 140, -1,
      99, 100, 140, -1,
      100, 101, 140, -1,
      140, 101, 102, -1,
      140, 102, 103, -1,
      138, 141, 131, -1,
      131, 141, 142, -1,
      131, 142, 65, -1,
      65, 142, 143, -1,
      65, 143, 137, -1,
      40, 41, 133, -1,
      133, 41, 62, -1,
      133, 62, 64, -1,
      64, 62, 61, -1,
      64, 61, 60, -1,
      60, 59, 64, -1,
      64, 59, 58, -1,
      64, 58, 57, -1,
      104, 134, 103, -1,
      103, 134, 144, -1,
      103, 144, 140, -1,
      34, 35, 135, -1,
      135, 35, 36, -1,
      135, 36, 145, -1,
      145, 36, 37, -1,
      145, 37, 133, -1,
      133, 37, 38, -1,
      133, 38, 39, -1,
      57, 56, 64, -1,
      64, 56, 55, -1,
      64, 55, 54, -1,
      128, 127, 130, -1,
      130, 127, 126, -1,
      130, 126, 125, -1,
      99, 140, 118, -1,
      118, 140, 130, -1,
      118, 130, 119, -1,
      125, 124, 130, -1,
      130, 124, 123, -1,
      130, 123, 122, -1,
      122, 121, 130, -1,
      130, 121, 120, -1,
      130, 120, 119, -1,
      111, 110, 146, -1,
      108, 84, 83, -1,
      83, 82, 108, -1,
      108, 82, 81, -1,
      108, 81, 109, -1,
      109, 81, 110, -1,
      117, 116, 147, -1,
      76, 148, 77, -1,
      77, 148, 149, -1,
      77, 149, 78, -1,
      150, 151, 152, -1,
      152, 151, 153, -1,
      152, 153, 154, -1,
      154, 153, 155, -1,
      154, 155, 156, -1,
      150, 157, 151, -1,
      151, 157, 158, -1,
      151, 158, 159, -1,
      159, 158, 160, -1,
      76, 75, 148, -1,
      148, 75, 96, -1,
      148, 96, 155, -1,
      155, 96, 161, -1,
      155, 161, 156, -1,
      162, 163, 110, -1,
      110, 163, 164, -1,
      110, 164, 146, -1,
      147, 116, 146, -1,
      146, 116, 115, -1,
      146, 115, 114, -1,
      165, 166, 167, -1,
      167, 166, 168, -1,
      167, 168, 169, -1,
      117, 147, 129, -1,
      129, 147, 170, -1,
      129, 170, 171, -1,
      114, 113, 146, -1,
      146, 113, 112, -1,
      146, 112, 111, -1,
      149, 172, 78, -1,
      78, 172, 162, -1,
      78, 162, 79, -1,
      79, 162, 110, -1,
      79, 110, 80, -1,
      80, 110, 81, -1,
      165, 173, 166, -1,
      166, 173, 174, -1,
      166, 174, 175, -1,
      175, 174, 176, -1,
      175, 176, 170, -1,
      170, 176, 177, -1,
      170, 177, 171, -1,
      10, 9, 51, -1,
      18, 17, 178, -1,
      179, 15, 180, -1,
      180, 15, 181, -1,
      50, 12, 51, -1,
      51, 12, 11, -1,
      51, 11, 10, -1,
      182, 183, 63, -1,
      63, 183, 184, -1,
      63, 184, 42, -1,
      185, 186, 187, -1,
      187, 186, 188, -1,
      187, 188, 189, -1,
      178, 17, 179, -1,
      179, 17, 16, -1,
      179, 16, 15, -1,
      190, 48, 191, -1,
      191, 48, 47, -1,
      191, 47, 46, -1,
      182, 192, 183, -1,
      183, 192, 193, -1,
      183, 193, 194, -1,
      194, 193, 195, -1,
      194, 195, 188, -1,
      188, 195, 196, -1,
      188, 196, 189, -1,
      197, 198, 199, -1,
      199, 198, 200, -1,
      199, 200, 201, -1,
      18, 178, 30, -1,
      30, 178, 202, -1,
      30, 202, 203, -1,
      50, 49, 12, -1,
      12, 49, 48, -1,
      12, 48, 13, -1,
      13, 48, 14, -1,
      46, 45, 191, -1,
      191, 45, 44, -1,
      191, 44, 184, -1,
      184, 44, 43, -1,
      184, 43, 42, -1,
      197, 204, 198, -1,
      198, 204, 205, -1,
      198, 205, 206, -1,
      206, 205, 207, -1,
      206, 207, 202, -1,
      202, 207, 208, -1,
      202, 208, 203, -1,
      190, 209, 48, -1,
      48, 209, 181, -1,
      48, 181, 14, -1,
      14, 181, 15, -1,
      210, 211, 97, -1,
      72, 73, 211, -1,
      212, 66, 67, -1,
      90, 89, 97, -1,
      97, 89, 88, -1,
      213, 32, 214, -1,
      214, 32, 31, -1,
      214, 31, 215, -1,
      5, 6, 216, -1,
      216, 6, 7, -1,
      216, 7, 8, -1,
      210, 97, 217, -1,
      217, 97, 98, -1,
      217, 98, 218, -1,
      1, 2, 215, -1,
      215, 2, 3, -1,
      215, 3, 4, -1,
      88, 87, 97, -1,
      97, 87, 86, -1,
      97, 86, 85, -1,
      73, 74, 211, -1,
      211, 74, 95, -1,
      211, 95, 97, -1,
      97, 95, 94, -1,
      97, 94, 93, -1,
      93, 92, 97, -1,
      97, 92, 91, -1,
      97, 91, 90, -1,
      213, 219, 32, -1,
      32, 219, 220, -1,
      32, 220, 98, -1,
      98, 220, 221, -1,
      98, 221, 218, -1,
      5, 216, 4, -1,
      4, 216, 222, -1,
      4, 222, 215, -1,
      67, 68, 212, -1,
      212, 68, 69, -1,
      212, 69, 223, -1,
      223, 69, 70, -1,
      223, 70, 211, -1,
      211, 70, 71, -1,
      211, 71, 72, -1,
      27, 31, 28, -1,
      28, 31, 29, -1,
      27, 26, 31, -1,
      31, 26, 25, -1,
      31, 25, 24, -1,
      24, 23, 31, -1,
      31, 23, 22, -1,
      31, 22, 21, -1,
      21, 20, 31, -1,
      31, 20, 19, -1,
      31, 19, 215, -1,
      215, 19, 0, -1,
      215, 0, 1, -1,
    ]
  }
}

Shape {
  appearance Appearance {
    material Material {
      diffuseColor 1.0000 0.8667 0.6549
      specularColor 0.3020 0.2588 0.1961
      ambientIntensity 0.2
      transparency 0.0000
      shininess 0.5
    }
  }
  geometry IndexedFaceSet {
    ccw TRUE
    solid FALSE
    coord DEF co Coordinate {
      point [
        0.685599 -0.316600 0.120079,
        0.471660 -0.530538 0.120079,
        0.698112 -0.300292 0.120079,
        0.705978 -0.281301 0.120079,
        0.698112 0.300292 0.120079,
        0.685599 0.316600 0.120079,
        0.471660 0.530538 0.120079,
        0.705978 0.281301 0.120079,
        0.708661 0.260922 0.120079,
        0.708661 -0.260922 0.120079,
        0.300292 0.698112 0.120079,
        0.316600 0.685599 0.120079,
        -0.316600 0.685599 0.120079,
        -0.300292 0.698112 0.120079,
        -0.398852 0.603346 0.120079,
        -0.260922 0.708661 0.120079,
        0.260922 0.708661 0.120079,
        0.281301 0.705978 0.120079,
        0.398852 0.603346 0.120079,
        -0.281301 0.705978 0.120079,
        -0.316600 -0.685599 0.120079,
        -0.300292 -0.698112 0.120079,
        -0.281301 -0.705978 0.120079,
        -0.260922 -0.708661 0.120079,
        0.398852 -0.603346 0.120079,
        0.316600 -0.685599 0.120079,
        0.281301 -0.705978 0.120079,
        0.300292 -0.698112 0.120079,
        -0.398852 -0.603346 0.120079,
        0.260922 -0.708661 0.120079,
        -0.685599 0.316600 0.120079,
        -0.471660 0.530538 0.120079,
        -0.698112 -0.300292 0.120079,
        -0.685599 -0.316600 0.120079,
        -0.471660 -0.530538 0.120079,
        -0.698112 0.300292 0.120079,
        -0.705978 0.281301 0.120079,
        -0.705978 -0.281301 0.120079,
        -0.708661 -0.260922 0.120079,
        -0.708661 0.260922 0.120079,
        0.000000 -0.000000 0.137795,
        0.286270 0.054331 0.135335,
        0.279924 0.080899 0.135335,
        0.290100 0.027285 0.135335,
        0.291380 -0.000000 0.135335,
        0.259931 0.131675 0.135335,
        0.246459 0.155437 0.135335,
        0.271119 0.106756 0.135335,
        0.213154 0.198665 0.135335,
        0.193614 0.217752 0.135335,
        0.230820 0.177832 0.135335,
        0.149616 0.250035 0.135335,
        0.125545 0.262946 0.135335,
        0.172372 0.234926 0.135335,
        0.074315 0.281744 0.135335,
        0.047605 0.287465 0.135335,
        0.100371 0.273547 0.135335,
        -0.006831 0.291300 0.135335,
        -0.034078 0.289380 0.135335,
        0.020477 0.290660 0.135335,
        -0.087439 0.277951 0.135335,
        -0.113082 0.268542 0.135335,
        -0.061027 0.284918 0.135335,
        -0.161171 0.242747 0.135335,
        -0.183194 0.226588 0.135335,
        -0.137732 0.256773 0.135335,
        -0.222231 0.188456 0.135335,
        -0.238902 0.166818 0.135335,
        -0.203607 0.208438 0.135335,
        -0.265817 0.119346 0.135335,
        -0.275825 0.093931 0.135335,
        -0.253474 0.143714 0.135335,
        -0.288502 0.040853 0.135335,
        -0.291060 0.013657 0.135335,
        -0.283409 0.067689 0.135335,
        -0.288502 -0.040853 0.135335,
        -0.283409 -0.067689 0.135335,
        -0.291060 -0.013657 0.135335,
        -0.265817 -0.119346 0.135335,
        -0.253474 -0.143714 0.135335,
        -0.275825 -0.093931 0.135335,
        -0.222231 -0.188456 0.135335,
        -0.203607 -0.208438 0.135335,
        -0.238902 -0.166818 0.135335,
        -0.161171 -0.242747 0.135335,
        -0.137732 -0.256773 0.135335,
        -0.183194 -0.226588 0.135335,
        -0.087439 -0.277951 0.135335,
        -0.061027 -0.284918 0.135335,
        -0.113082 -0.268542 0.135335,
        -0.006831 -0.291300 0.135335,
        0.020477 -0.290660 0.135335,
        -0.034078 -0.289380 0.135335,
        0.074315 -0.281744 0.135335,
        0.100371 -0.273547 0.135335,
        0.047605 -0.287465 0.135335,
        0.149616 -0.250035 0.135335,
        0.172372 -0.234926 0.135335,
        0.125545 -0.262946 0.135335,
        0.213154 -0.198665 0.135335,
        0.230820 -0.177832 0.135335,
        0.193614 -0.217752 0.135335,
        0.259931 -0.131675 0.135335,
        0.271119 -0.106756 0.135335,
        0.246459 -0.155437 0.135335,
        0.286270 -0.054331 0.135335,
        0.290100 -0.027285 0.135335,
        0.279924 -0.080899 0.135335,
        -0.000000 -0.582677 0.127953,
        0.040948 -0.581237 0.127953,
        0.095196 -0.574848 0.127953,
        0.148607 -0.563408 0.127953,
        0.200713 -0.547017 0.127953,
        0.251054 -0.525818 0.127953,
        0.299190 -0.499998 0.127953,
        0.344696 -0.469785 0.127953,
        0.387172 -0.435443 0.127953,
        0.426246 -0.397274 0.127953,
        0.461575 -0.355614 0.127953,
        0.492847 -0.310829 0.127953,
        0.519788 -0.263312 0.127953,
        0.542161 -0.213481 0.127953,
        0.559769 -0.161774 0.127953,
        0.572459 -0.108646 0.127953,
        0.580117 -0.054563 0.127953,
        0.582677 -0.000000 0.127953,
        0.580117 0.054563 0.127953,
        0.572459 0.108646 0.127953,
        0.559769 0.161774 0.127953,
        0.542161 0.213481 0.127953,
        0.519788 0.263312 0.127953,
        0.492847 0.310829 0.127953,
        0.461575 0.355614 0.127953,
        0.426246 0.397274 0.127953,
        0.387172 0.435443 0.127953,
        0.344696 0.469785 0.127953,
        0.299190 0.499998 0.127953,
        0.251054 0.525818 0.127953,
        0.200713 0.547017 0.127953,
        0.148607 0.563408 0.127953,
        0.095196 0.574848 0.127953,
        0.040948 0.581237 0.127953,
        -0.013659 0.582517 0.127953,
        -0.068147 0.578678 0.127953,
        -0.122036 0.569754 0.127953,
        -0.174852 0.555823 0.127953,
        -0.226132 0.537007 0.127953,
        -0.275425 0.513472 0.127953,
        -0.322297 0.485425 0.127953,
        -0.366337 0.453112 0.127953,
        -0.407157 0.416817 0.127953,
        -0.444399 0.376858 0.127953,
        -0.477736 0.333588 0.127953,
        -0.506874 0.287386 0.127953,
        -0.531559 0.238659 0.127953,
        -0.551571 0.187834 0.127953,
        -0.566737 0.135359 0.127953,
        -0.576922 0.081694 0.127953,
        -0.582037 0.027311 0.127953,
        -0.582037 -0.027311 0.127953,
        -0.576922 -0.081694 0.127953,
        -0.566737 -0.135359 0.127953,
        -0.551571 -0.187834 0.127953,
        -0.531559 -0.238659 0.127953,
        -0.506874 -0.287386 0.127953,
        -0.477736 -0.333588 0.127953,
        -0.444399 -0.376858 0.127953,
        -0.407157 -0.416817 0.127953,
        -0.366337 -0.453112 0.127953,
        -0.322297 -0.485425 0.127953,
        -0.275425 -0.513472 0.127953,
        -0.226132 -0.537007 0.127953,
        -0.174852 -0.555823 0.127953,
        -0.122036 -0.569754 0.127953,
        -0.068147 -0.578678 0.127953,
        -0.013659 -0.582517 0.127953,
        0.685599 0.316600 0.127953,
        0.316600 0.685599 0.127953,
        0.708661 0.260922 0.127953,
        0.705978 0.281301 0.127953,
        0.698112 0.300292 0.127953,
        0.708661 -0.260922 0.127953,
        0.685599 -0.316600 0.127953,
        0.698112 -0.300292 0.127953,
        0.705978 -0.281301 0.127953,
        0.316600 -0.685599 0.127953,
        0.260922 -0.708661 0.127953,
        0.281301 -0.705978 0.127953,
        0.300292 -0.698112 0.127953,
        -0.260922 -0.708661 0.127953,
        -0.316600 -0.685599 0.127953,
        -0.300292 -0.698112 0.127953,
        -0.281301 -0.705978 0.127953,
        -0.685599 -0.316600 0.127953,
        -0.708661 -0.260922 0.127953,
        -0.705978 -0.281301 0.127953,
        -0.698112 -0.300292 0.127953,
        -0.708661 0.260922 0.127953,
        -0.685599 0.316600 0.127953,
        -0.698112 0.300292 0.127953,
        -0.705978 0.281301 0.127953,
        -0.316600 0.685599 0.127953,
        -0.260922 0.708661 0.127953,
        -0.281301 0.705978 0.127953,
        -0.300292 0.698112 0.127953,
        0.260922 0.708661 0.127953,
        0.300292 0.698112 0.127953,
        0.281301 0.705978 0.127953,
      ]
    }
    coordIndex [
      40, 41, 42, -1,
      43, 41, 40, -1,
      44, 43, 40, -1,
      40, 45, 46, -1,
      47, 45, 40, -1,
      42, 47, 40, -1,
      40, 48, 49, -1,
      50, 48, 40, -1,
      46, 50, 40, -1,
      40, 51, 52, -1,
      53, 51, 40, -1,
      49, 53, 40, -1,
      40, 54, 55, -1,
      56, 54, 40, -1,
      52, 56, 40, -1,
      40, 57, 58, -1,
      59, 57, 40, -1,
      55, 59, 40, -1,
      40, 60, 61, -1,
      62, 60, 40, -1,
      58, 62, 40, -1,
      40, 63, 64, -1,
      65, 63, 40, -1,
      61, 65, 40, -1,
      40, 66, 67, -1,
      68, 66, 40, -1,
      64, 68, 40, -1,
      40, 69, 70, -1,
      71, 69, 40, -1,
      67, 71, 40, -1,
      40, 72, 73, -1,
      74, 72, 40, -1,
      70, 74, 40, -1,
      40, 75, 76, -1,
      77, 75, 40, -1,
      73, 77, 40, -1,
      40, 78, 79, -1,
      80, 78, 40, -1,
      76, 80, 40, -1,
      40, 81, 82, -1,
      83, 81, 40, -1,
      79, 83, 40, -1,
      40, 84, 85, -1,
      86, 84, 40, -1,
      82, 86, 40, -1,
      40, 87, 88, -1,
      89, 87, 40, -1,
      85, 89, 40, -1,
      40, 90, 91, -1,
      92, 90, 40, -1,
      88, 92, 40, -1,
      40, 93, 94, -1,
      95, 93, 40, -1,
      91, 95, 40, -1,
      40, 96, 97, -1,
      98, 96, 40, -1,
      94, 98, 40, -1,
      40, 99, 100, -1,
      101, 99, 40, -1,
      97, 101, 40, -1,
      40, 102, 103, -1,
      104, 102, 40, -1,
      100, 104, 40, -1,
      40, 105, 106, -1,
      107, 105, 40, -1,
      103, 107, 40, -1,
      106, 44, 40, -1,
      108, 109, 91, -1,
      91, 109, 110, -1,
      91, 110, 95, -1,
      95, 110, 111, -1,
      95, 111, 93, -1,
      93, 111, 112, -1,
      93, 112, 94, -1,
      94, 112, 113, -1,
      94, 113, 98, -1,
      98, 113, 114, -1,
      98, 114, 96, -1,
      96, 114, 115, -1,
      96, 115, 97, -1,
      97, 115, 116, -1,
      97, 116, 101, -1,
      101, 116, 117, -1,
      101, 117, 99, -1,
      99, 117, 118, -1,
      99, 118, 100, -1,
      100, 118, 119, -1,
      100, 119, 104, -1,
      104, 119, 120, -1,
      104, 120, 102, -1,
      102, 120, 121, -1,
      102, 121, 103, -1,
      103, 121, 122, -1,
      103, 122, 107, -1,
      107, 122, 123, -1,
      107, 123, 105, -1,
      105, 123, 124, -1,
      105, 124, 106, -1,
      106, 124, 125, -1,
      106, 125, 44, -1,
      44, 125, 126, -1,
      44, 126, 43, -1,
      43, 126, 127, -1,
      43, 127, 41, -1,
      41, 127, 128, -1,
      41, 128, 42, -1,
      42, 128, 129, -1,
      42, 129, 47, -1,
      47, 129, 130, -1,
      47, 130, 45, -1,
      45, 130, 131, -1,
      45, 131, 46, -1,
      46, 131, 132, -1,
      46, 132, 50, -1,
      50, 132, 133, -1,
      50, 133, 48, -1,
      48, 133, 134, -1,
      48, 134, 49, -1,
      49, 134, 135, -1,
      49, 135, 53, -1,
      53, 135, 136, -1,
      53, 136, 51, -1,
      51, 136, 137, -1,
      51, 137, 52, -1,
      52, 137, 138, -1,
      52, 138, 56, -1,
      56, 138, 139, -1,
      56, 139, 54, -1,
      54, 139, 140, -1,
      54, 140, 55, -1,
      55, 140, 141, -1,
      55, 141, 59, -1,
      59, 141, 142, -1,
      59, 142, 57, -1,
      57, 142, 143, -1,
      57, 143, 58, -1,
      58, 143, 144, -1,
      58, 144, 62, -1,
      62, 144, 145, -1,
      62, 145, 60, -1,
      60, 145, 146, -1,
      60, 146, 61, -1,
      61, 146, 147, -1,
      61, 147, 65, -1,
      65, 147, 148, -1,
      65, 148, 63, -1,
      63, 148, 149, -1,
      63, 149, 64, -1,
      64, 149, 150, -1,
      64, 150, 68, -1,
      68, 150, 151, -1,
      68, 151, 66, -1,
      66, 151, 152, -1,
      66, 152, 67, -1,
      67, 152, 153, -1,
      67, 153, 71, -1,
      71, 153, 154, -1,
      71, 154, 69, -1,
      69, 154, 155, -1,
      69, 155, 70, -1,
      70, 155, 156, -1,
      70, 156, 74, -1,
      74, 156, 157, -1,
      74, 157, 72, -1,
      72, 157, 158, -1,
      72, 158, 73, -1,
      73, 158, 159, -1,
      73, 159, 77, -1,
      77, 159, 160, -1,
      77, 160, 75, -1,
      75, 160, 161, -1,
      75, 161, 76, -1,
      76, 161, 162, -1,
      76, 162, 80, -1,
      80, 162, 163, -1,
      80, 163, 78, -1,
      78, 163, 164, -1,
      78, 164, 79, -1,
      79, 164, 165, -1,
      79, 165, 83, -1,
      83, 165, 166, -1,
      83, 166, 81, -1,
      81, 166, 167, -1,
      81, 167, 82, -1,
      82, 167, 168, -1,
      82, 168, 86, -1,
      86, 168, 169, -1,
      86, 169, 84, -1,
      84, 169, 170, -1,
      84, 170, 85, -1,
      85, 170, 171, -1,
      85, 171, 89, -1,
      89, 171, 172, -1,
      89, 172, 87, -1,
      87, 172, 173, -1,
      87, 173, 88, -1,
      88, 173, 174, -1,
      88, 174, 92, -1,
      92, 174, 175, -1,
      92, 175, 90, -1,
      90, 175, 108, -1,
      90, 108, 91, -1,
      176, 5, 6, -1,
      176, 6, 177, -1,
      177, 6, 18, -1,
      177, 18, 11, -1,
      178, 8, 7, -1,
      178, 7, 179, -1,
      179, 7, 4, -1,
      179, 4, 180, -1,
      180, 4, 5, -1,
      180, 5, 176, -1,
      178, 181, 8, -1,
      8, 181, 9, -1,
      182, 0, 2, -1,
      182, 2, 183, -1,
      183, 2, 3, -1,
      183, 3, 184, -1,
      184, 3, 9, -1,
      184, 9, 181, -1,
      0, 182, 1, -1,
      1, 182, 185, -1,
      1, 185, 24, -1,
      24, 185, 25, -1,
      186, 29, 26, -1,
      186, 26, 187, -1,
      187, 26, 27, -1,
      187, 27, 188, -1,
      188, 27, 25, -1,
      188, 25, 185, -1,
      186, 189, 29, -1,
      29, 189, 23, -1,
      190, 20, 21, -1,
      190, 21, 191, -1,
      191, 21, 22, -1,
      191, 22, 192, -1,
      192, 22, 23, -1,
      192, 23, 189, -1,
      193, 33, 34, -1,
      193, 34, 190, -1,
      190, 34, 28, -1,
      190, 28, 20, -1,
      194, 38, 37, -1,
      194, 37, 195, -1,
      195, 37, 32, -1,
      195, 32, 196, -1,
      196, 32, 33, -1,
      196, 33, 193, -1,
      194, 197, 38, -1,
      38, 197, 39, -1,
      198, 30, 35, -1,
      198, 35, 199, -1,
      199, 35, 36, -1,
      199, 36, 200, -1,
      200, 36, 39, -1,
      200, 39, 197, -1,
      30, 198, 31, -1,
      31, 198, 201, -1,
      31, 201, 14, -1,
      14, 201, 12, -1,
      202, 15, 19, -1,
      202, 19, 203, -1,
      203, 19, 13, -1,
      203, 13, 204, -1,
      204, 13, 12, -1,
      204, 12, 201, -1,
      202, 205, 15, -1,
      15, 205, 16, -1,
      177, 11, 10, -1,
      177, 10, 206, -1,
      206, 10, 17, -1,
      206, 17, 207, -1,
      207, 17, 16, -1,
      207, 16, 205, -1,
      174, 173, 189, -1,
      189, 173, 172, -1,
      189, 172, 192, -1,
      192, 172, 171, -1,
      192, 171, 191, -1,
      169, 168, 190, -1,
      190, 168, 167, -1,
      190, 167, 193, -1,
      193, 167, 166, -1,
      193, 166, 165, -1,
      191, 171, 190, -1,
      190, 171, 170, -1,
      190, 170, 169, -1,
      194, 162, 161, -1,
      110, 186, 111, -1,
      111, 186, 112, -1,
      110, 109, 186, -1,
      186, 109, 108, -1,
      186, 108, 189, -1,
      189, 108, 175, -1,
      189, 175, 174, -1,
      165, 164, 193, -1,
      193, 164, 163, -1,
      193, 163, 196, -1,
      196, 163, 162, -1,
      196, 162, 195, -1,
      195, 162, 194, -1,
      161, 160, 194, -1,
      194, 160, 159, -1,
      194, 159, 197, -1,
      197, 159, 158, -1,
      197, 158, 157, -1,
      182, 118, 117, -1,
      115, 114, 185, -1,
      185, 114, 113, -1,
      185, 113, 188, -1,
      188, 113, 112, -1,
      188, 112, 187, -1,
      187, 112, 186, -1,
      153, 152, 198, -1,
      198, 152, 151, -1,
      198, 151, 201, -1,
      201, 151, 150, -1,
      201, 150, 149, -1,
      177, 137, 136, -1,
      129, 128, 178, -1,
      178, 128, 127, -1,
      182, 117, 185, -1,
      185, 117, 116, -1,
      185, 116, 115, -1,
      199, 155, 198, -1,
      198, 155, 154, -1,
      198, 154, 153, -1,
      157, 156, 197, -1,
      197, 156, 155, -1,
      197, 155, 200, -1,
      200, 155, 199, -1,
      144, 202, 145, -1,
      145, 202, 203, -1,
      145, 203, 146, -1,
      146, 203, 204, -1,
      146, 204, 147, -1,
      147, 204, 201, -1,
      147, 201, 148, -1,
      148, 201, 149, -1,
      144, 143, 202, -1,
      202, 143, 142, -1,
      202, 142, 205, -1,
      205, 142, 141, -1,
      205, 141, 140, -1,
      124, 181, 125, -1,
      125, 181, 178, -1,
      125, 178, 126, -1,
      126, 178, 127, -1,
      124, 123, 181, -1,
      181, 123, 122, -1,
      181, 122, 184, -1,
      184, 122, 121, -1,
      184, 121, 183, -1,
      183, 121, 120, -1,
      183, 120, 182, -1,
      182, 120, 119, -1,
      182, 119, 118, -1,
      140, 139, 205, -1,
      205, 139, 138, -1,
      205, 138, 207, -1,
      207, 138, 137, -1,
      207, 137, 206, -1,
      206, 137, 177, -1,
      136, 135, 177, -1,
      177, 135, 134, -1,
      177, 134, 176, -1,
      176, 134, 133, -1,
      176, 133, 132, -1,
      132, 131, 176, -1,
      176, 131, 130, -1,
      176, 130, 180, -1,
      180, 130, 129, -1,
      180, 129, 179, -1,
      179, 129, 178, -1,
    ]
  }
}

Shape {
  appearance Appearance {
    material Material {
      diffuseColor 1.0000 0.0000 1.0000
      specularColor 1.0000 0.0000 1.0000
      ambientIntensity 0.2
      transparency 0.0000
      shininess 0.5
    }
  }
  geometry IndexedFaceSet {
    ccw TRUE
    solid FALSE
    coord DEF co Coordinate {
      point [
        0.471660 -0.530538 0.120079,
        0.471660 0.530538 0.120079,
        -0.398852 0.603346 0.120079,
        0.398852 0.603346 0.120079,
        0.398852 -0.603346 0.120079,
        -0.398852 -0.603346 0.120079,
        -0.471660 0.530538 0.120079,
        -0.471660 -0.530538 0.120079,
        -0.465243 -0.532979 0.120079,
        -0.404446 -0.589961 0.120079,
        -0.440566 -0.546869 0.120079,
        -0.419904 -0.566234 0.120079,
        0.465243 -0.532979 0.120079,
        0.404446 -0.589961 0.120079,
        0.419904 -0.566234 0.120079,
        0.440566 -0.546869 0.120079,
        -0.465243 0.532979 0.120079,
        -0.404446 0.589961 0.120079,
        -0.440566 0.546869 0.120079,
        -0.419904 0.566234 0.120079,
        0.465243 0.532979 0.120079,
        0.440566 0.546869 0.120079,
        0.419904 0.566234 0.120079,
        0.404446 0.589961 0.120079,
      ]
    }
    coordIndex [
      5, 7, 8, -1,
      5, 8, 9, -1,
      9, 8, 10, -1,
      9, 10, 11, -1,
      12, 0, 4, -1,
      4, 13, 12, -1,
      12, 13, 14, -1,
      12, 14, 15, -1,
      6, 2, 16, -1,
      16, 2, 17, -1,
      16, 17, 18, -1,
      18, 17, 19, -1,
      3, 1, 20, -1,
      21, 22, 20, -1,
      20, 22, 23, -1,
      20, 23, 3, -1,
    ]
  }
}

Shape {
  appearance Appearance {
    material Material {
      diffuseColor 1.0000 1.0000 1.0000
      specularColor 1.0000 1.0000 1.0000
      ambientIntensity 0.2
      transparency 0.0000
      shininess 0.5
    }
  }
  geometry IndexedFaceSet {
    ccw TRUE
    solid FALSE
    coord DEF co Coordinate {
      point [
        -0.604331 0.620079 0.017717,
        -0.604331 0.462598 0.017717,
        -0.624016 0.620079 0.017717,
        -0.624016 0.462598 0.017717,
      ]
    }
    coordIndex [
      3, 2, 1, -1,
      1, 2, 0, -1,
    ]
  }
}

Shape {
  appearance Appearance {
    material Material {
      diffuseColor 0.2078 0.2078 0.2078
      specularColor 0.0157 0.0157 0.0157
      ambientIntensity 0.2
      transparency 0.0000
      shininess 0.5
    }
  }
  geometry IndexedFaceSet {
    ccw TRUE
    solid FALSE
    coord DEF co Coordinate {
      point [
        0.520821 -0.524456 0.088583,
        0.407001 -0.699154 0.088583,
        0.396395 -0.672897 0.088583,
        0.392343 -0.644870 0.088583,
        0.395080 -0.616685 0.088583,
        0.492518 -0.525362 0.088583,
        0.465243 -0.532979 0.088583,
        0.440566 -0.546869 0.088583,
        0.419904 -0.566234 0.088583,
        0.548527 -0.530313 0.088583,
        0.574042 -0.542596 0.088583,
        0.404446 -0.589961 0.088583,
        -0.574042 -0.542596 0.088583,
        -0.574042 -0.542596 0.137795,
        -0.407001 -0.699154 0.137795,
        -0.407001 -0.699154 0.088583,
        -0.542519 -0.528442 0.137795,
        -0.542519 -0.528442 0.120079,
        -0.548527 -0.530313 0.137795,
        -0.363893 -0.665635 0.137795,
        -0.387511 -0.662425 0.137795,
        -0.391591 -0.665496 0.137795,
        -0.396756 -0.674205 0.137795,
        -0.394743 -0.669513 0.137795,
        -0.367941 -0.662523 0.137795,
        -0.372653 -0.660557 0.137795,
        -0.382779 -0.660506 0.137795,
        -0.377713 -0.659870 0.137795,
        -0.363893 -0.665635 0.120079,
        -0.396395 -0.672897 0.088583,
        -0.392343 -0.644870 0.088583,
        -0.440566 -0.546869 0.088583,
        -0.465243 -0.532979 0.088583,
        -0.492518 -0.525362 0.088583,
        -0.520821 -0.524456 0.088583,
        -0.548527 -0.530313 0.088583,
        -0.395080 -0.616685 0.088583,
        -0.404446 -0.589961 0.088583,
        -0.419904 -0.566234 0.088583,
        0.574042 -0.542596 0.137795,
        0.407001 -0.699154 0.137795,
        0.542519 -0.528442 0.120079,
        0.542519 -0.528442 0.137795,
        0.548527 -0.530313 0.137795,
        0.396756 -0.674205 0.137795,
        0.363893 -0.665635 0.137795,
        0.394743 -0.669513 0.137795,
        0.372653 -0.660557 0.137795,
        0.387511 -0.662425 0.137795,
        0.377713 -0.659870 0.137795,
        0.382779 -0.660506 0.137795,
        0.391591 -0.665496 0.137795,
        0.367941 -0.662523 0.137795,
        0.363893 -0.665635 0.120079,
        -0.574042 0.542596 0.137795,
        -0.574042 0.542596 0.088583,
        -0.407001 0.699154 0.088583,
        -0.407001 0.699154 0.137795,
        -0.542519 0.528442 0.120079,
        -0.542519 0.528442 0.137795,
        -0.548527 0.530313 0.137795,
        -0.396756 0.674205 0.137795,
        -0.363893 0.665635 0.137795,
        -0.394743 0.669513 0.137795,
        -0.372653 0.660557 0.137795,
        -0.387511 0.662425 0.137795,
        -0.377713 0.659870 0.137795,
        -0.382779 0.660506 0.137795,
        -0.391591 0.665496 0.137795,
        -0.367941 0.662523 0.137795,
        -0.363893 0.665635 0.120079,
        -0.548527 0.530313 0.088583,
        -0.520821 0.524456 0.088583,
        -0.492518 0.525362 0.088583,
        -0.465243 0.532979 0.088583,
        -0.440566 0.546869 0.088583,
        -0.419904 0.566234 0.088583,
        -0.404446 0.589961 0.088583,
        -0.395080 0.616685 0.088583,
        -0.392343 0.644870 0.088583,
        -0.396395 0.672897 0.088583,
        0.574042 0.542596 0.088583,
        0.574042 0.542596 0.137795,
        0.407001 0.699154 0.137795,
        0.407001 0.699154 0.088583,
        0.542519 0.528442 0.137795,
        0.542519 0.528442 0.120079,
        0.548527 0.530313 0.137795,
        0.363893 0.665635 0.137795,
        0.387511 0.662425 0.137795,
        0.391591 0.665496 0.137795,
        0.396756 0.674205 0.137795,
        0.394743 0.669513 0.137795,
        0.367941 0.662523 0.137795,
        0.372653 0.660557 0.137795,
        0.382779 0.660506 0.137795,
        0.377713 0.659870 0.137795,
        0.363893 0.665635 0.120079,
        0.548527 0.530313 0.088583,
        0.396395 0.672897 0.088583,
        0.392343 0.644870 0.088583,
        0.395080 0.616685 0.088583,
        0.492518 0.525362 0.088583,
        0.419904 0.566234 0.088583,
        0.465243 0.532979 0.088583,
        0.440566 0.546869 0.088583,
        0.520821 0.524456 0.088583,
        0.404446 0.589961 0.088583,
        0.471660 -0.530538 0.120079,
        0.520821 0.524456 0.120079,
        0.520821 -0.524456 0.120079,
        0.471660 0.530538 0.120079,
        0.492518 0.525362 0.120079,
        0.492518 -0.525362 0.120079,
        -0.387511 0.662425 0.120079,
        -0.392343 0.644870 0.120079,
        -0.382779 0.660506 0.120079,
        -0.395080 0.616685 0.120079,
        -0.377713 0.659870 0.120079,
        -0.398852 0.603346 0.120079,
        -0.372653 0.660557 0.120079,
        -0.391591 0.665496 0.120079,
        -0.394743 0.669513 0.120079,
        -0.396395 0.672897 0.120079,
        -0.396756 0.674205 0.120079,
        -0.367941 0.662523 0.120079,
        0.391591 0.665496 0.120079,
        0.392343 0.644870 0.120079,
        0.394743 0.669513 0.120079,
        0.396395 0.672897 0.120079,
        0.396756 0.674205 0.120079,
        0.398852 0.603346 0.120079,
        0.367941 0.662523 0.120079,
        0.387511 0.662425 0.120079,
        0.382779 0.660506 0.120079,
        0.395080 0.616685 0.120079,
        0.377713 0.659870 0.120079,
        0.372653 0.660557 0.120079,
        0.367941 -0.662523 0.120079,
        0.398852 -0.603346 0.120079,
        0.396756 -0.674205 0.120079,
        0.396395 -0.672897 0.120079,
        0.394743 -0.669513 0.120079,
        0.392343 -0.644870 0.120079,
        0.391591 -0.665496 0.120079,
        0.372653 -0.660557 0.120079,
        0.377713 -0.659870 0.120079,
        0.395080 -0.616685 0.120079,
        0.382779 -0.660506 0.120079,
        0.387511 -0.662425 0.120079,
        -0.391591 -0.665496 0.120079,
        -0.392343 -0.644870 0.120079,
        -0.394743 -0.669513 0.120079,
        -0.396395 -0.672897 0.120079,
        -0.396756 -0.674205 0.120079,
        -0.398852 -0.603346 0.120079,
        -0.367941 -0.662523 0.120079,
        -0.387511 -0.662425 0.120079,
        -0.382779 -0.660506 0.120079,
        -0.395080 -0.616685 0.120079,
        -0.377713 -0.659870 0.120079,
        -0.372653 -0.660557 0.120079,
        -0.471660 0.530538 0.120079,
        -0.520821 0.524456 0.120079,
        -0.471660 -0.530538 0.120079,
        -0.520821 -0.524456 0.120079,
        -0.492518 -0.525362 0.120079,
        -0.492518 0.525362 0.120079,
        -0.465243 -0.532979 0.120079,
        -0.404446 -0.589961 0.120079,
        -0.440566 -0.546869 0.120079,
        -0.419904 -0.566234 0.120079,
        0.465243 -0.532979 0.120079,
        0.404446 -0.589961 0.120079,
        0.419904 -0.566234 0.120079,
        0.440566 -0.546869 0.120079,
        -0.465243 0.532979 0.120079,
        -0.404446 0.589961 0.120079,
        -0.440566 0.546869 0.120079,
        -0.419904 0.566234 0.120079,
        0.465243 0.532979 0.120079,
        0.440566 0.546869 0.120079,
        0.419904 0.566234 0.120079,
        0.404446 0.589961 0.120079,
      ]
    }
    coordIndex [
      86, 85, 87, -1,
      104, 111, 102, -1,
      102, 111, 112, -1,
      102, 112, 106, -1,
      106, 112, 109, -1,
      106, 109, 98, -1,
      101, 131, 107, -1,
      107, 131, 183, -1,
      107, 183, 103, -1,
      103, 183, 182, -1,
      103, 182, 105, -1,
      105, 182, 181, -1,
      105, 181, 104, -1,
      104, 181, 180, -1,
      104, 180, 111, -1,
      83, 91, 84, -1,
      84, 91, 130, -1,
      84, 130, 99, -1,
      99, 130, 129, -1,
      99, 129, 100, -1,
      100, 129, 127, -1,
      100, 127, 101, -1,
      101, 127, 135, -1,
      101, 135, 131, -1,
      109, 86, 98, -1,
      98, 86, 87, -1,
      98, 87, 81, -1,
      81, 87, 82, -1,
      130, 91, 92, -1,
      130, 92, 128, -1,
      128, 92, 90, -1,
      128, 90, 126, -1,
      126, 90, 89, -1,
      126, 89, 133, -1,
      133, 89, 95, -1,
      133, 95, 134, -1,
      134, 95, 96, -1,
      134, 96, 136, -1,
      136, 96, 94, -1,
      136, 94, 137, -1,
      137, 94, 93, -1,
      137, 93, 132, -1,
      132, 93, 88, -1,
      132, 88, 97, -1,
      71, 55, 54, -1,
      61, 57, 124, -1,
      124, 57, 56, -1,
      124, 56, 123, -1,
      123, 56, 80, -1,
      123, 80, 115, -1,
      115, 80, 79, -1,
      115, 79, 117, -1,
      117, 79, 78, -1,
      117, 78, 119, -1,
      119, 78, 77, -1,
      73, 162, 74, -1,
      74, 162, 176, -1,
      74, 176, 75, -1,
      75, 176, 178, -1,
      75, 178, 76, -1,
      76, 178, 179, -1,
      76, 179, 77, -1,
      77, 179, 177, -1,
      77, 177, 119, -1,
      60, 59, 58, -1,
      54, 60, 71, -1,
      71, 60, 58, -1,
      71, 58, 72, -1,
      72, 58, 163, -1,
      72, 163, 73, -1,
      73, 163, 167, -1,
      73, 167, 162, -1,
      70, 62, 69, -1,
      70, 69, 125, -1,
      125, 69, 64, -1,
      125, 64, 120, -1,
      120, 64, 66, -1,
      120, 66, 118, -1,
      118, 66, 67, -1,
      118, 67, 116, -1,
      116, 67, 65, -1,
      116, 65, 114, -1,
      114, 65, 68, -1,
      114, 68, 121, -1,
      121, 68, 63, -1,
      121, 63, 122, -1,
      122, 63, 61, -1,
      122, 61, 124, -1,
      9, 10, 39, -1,
      44, 40, 140, -1,
      140, 40, 1, -1,
      140, 1, 141, -1,
      141, 1, 2, -1,
      141, 2, 143, -1,
      143, 2, 3, -1,
      143, 3, 147, -1,
      147, 3, 4, -1,
      147, 4, 139, -1,
      139, 4, 11, -1,
      5, 108, 6, -1,
      6, 108, 172, -1,
      6, 172, 7, -1,
      7, 172, 175, -1,
      7, 175, 8, -1,
      8, 175, 174, -1,
      8, 174, 11, -1,
      11, 174, 173, -1,
      11, 173, 139, -1,
      43, 42, 41, -1,
      39, 43, 9, -1,
      9, 43, 41, -1,
      9, 41, 0, -1,
      0, 41, 110, -1,
      0, 110, 5, -1,
      5, 110, 113, -1,
      5, 113, 108, -1,
      53, 45, 52, -1,
      53, 52, 138, -1,
      138, 52, 47, -1,
      138, 47, 145, -1,
      145, 47, 49, -1,
      145, 49, 146, -1,
      146, 49, 50, -1,
      146, 50, 148, -1,
      148, 50, 48, -1,
      148, 48, 149, -1,
      149, 48, 51, -1,
      149, 51, 144, -1,
      144, 51, 46, -1,
      144, 46, 142, -1,
      142, 46, 44, -1,
      142, 44, 140, -1,
      17, 16, 18, -1,
      32, 164, 33, -1,
      33, 164, 166, -1,
      33, 166, 34, -1,
      34, 166, 165, -1,
      34, 165, 35, -1,
      36, 155, 37, -1,
      37, 155, 169, -1,
      37, 169, 38, -1,
      38, 169, 171, -1,
      38, 171, 31, -1,
      31, 171, 170, -1,
      31, 170, 32, -1,
      32, 170, 168, -1,
      32, 168, 164, -1,
      14, 22, 15, -1,
      15, 22, 154, -1,
      15, 154, 29, -1,
      29, 154, 153, -1,
      29, 153, 30, -1,
      30, 153, 151, -1,
      30, 151, 36, -1,
      36, 151, 159, -1,
      36, 159, 155, -1,
      165, 17, 35, -1,
      35, 17, 18, -1,
      35, 18, 12, -1,
      12, 18, 13, -1,
      154, 22, 23, -1,
      154, 23, 152, -1,
      152, 23, 21, -1,
      152, 21, 150, -1,
      150, 21, 20, -1,
      150, 20, 157, -1,
      157, 20, 26, -1,
      157, 26, 158, -1,
      158, 26, 27, -1,
      158, 27, 160, -1,
      160, 27, 25, -1,
      160, 25, 161, -1,
      161, 25, 24, -1,
      161, 24, 156, -1,
      156, 24, 19, -1,
      156, 19, 28, -1,
    ]
  }
}

Shape {
  appearance Appearance {
    material Material {
      diffuseColor 1.0000 1.0000 1.0000
      specularColor 0.5020 0.5020 0.5020
      ambientIntensity 0.2
      transparency 0.0000
      shininess 0.5
    }
  }
  geometry IndexedFaceSet {
    ccw TRUE
    solid FALSE
    coord DEF co Coordinate {
      point [
        0.567701 -0.655553 0.088583,
        0.567295 -0.657395 0.088583,
        0.559358 -0.646684 0.088583,
        0.561887 -0.646977 0.088583,
        0.566490 -0.659025 0.088583,
        0.565365 -0.660346 0.088583,
        0.565175 -0.660517 0.088583,
        0.567761 -0.654425 0.088583,
        0.567537 -0.652402 0.088583,
        0.565365 -0.648788 0.088583,
        0.566019 -0.649441 0.088583,
        0.566978 -0.650857 0.088583,
        0.563791 -0.647699 0.088583,
        0.563637 -0.661572 0.088583,
        0.561810 -0.662265 0.088583,
        0.559195 -0.662572 0.088583,
        0.554825 -0.662572 0.088583,
        0.554825 -0.646684 0.088583,
        0.564396 -0.650549 0.092520,
        0.566019 -0.649441 0.092520,
        0.563862 -0.650006 0.092520,
        0.565365 -0.648788 0.092520,
        0.562640 -0.649205 0.092520,
        0.563791 -0.647699 0.092520,
        0.561249 -0.648720 0.092520,
        0.561887 -0.646977 0.092520,
        0.559276 -0.648512 0.092520,
        0.559358 -0.646684 0.092520,
        0.556876 -0.648512 0.092520,
        0.554825 -0.646684 0.092520,
        0.556876 -0.660761 0.092520,
        0.554825 -0.662572 0.092520,
        0.559183 -0.660761 0.092520,
        0.559195 -0.662572 0.092520,
        0.561189 -0.660546 0.092520,
        0.561810 -0.662265 0.092520,
        0.562551 -0.660063 0.092520,
        0.563637 -0.661572 0.092520,
        0.563606 -0.659376 0.092520,
        0.565175 -0.660517 0.092520,
        0.563906 -0.659104 0.092520,
        0.565365 -0.660346 0.092520,
        0.564736 -0.658058 0.092520,
        0.566490 -0.659025 0.092520,
        0.565269 -0.656864 0.092520,
        0.567295 -0.657395 0.092520,
        0.565562 -0.655385 0.092520,
        0.567701 -0.655553 0.092520,
        0.565604 -0.654482 0.092520,
        0.567761 -0.654425 0.092520,
        0.565414 -0.652678 0.092520,
        0.567537 -0.652402 0.092520,
        0.564989 -0.651468 0.092520,
        0.566978 -0.650857 0.092520,
        0.563862 -0.650006 0.088583,
        0.564396 -0.650549 0.088583,
        0.564989 -0.651468 0.088583,
        0.565414 -0.652678 0.088583,
        0.565604 -0.654482 0.088583,
        0.559276 -0.648512 0.088583,
        0.561249 -0.648720 0.088583,
        0.562640 -0.649205 0.088583,
        0.556876 -0.648512 0.088583,
        0.556876 -0.660761 0.088583,
        0.559183 -0.660761 0.088583,
        0.563906 -0.659104 0.088583,
        0.563606 -0.659376 0.088583,
        0.562551 -0.660063 0.088583,
        0.561189 -0.660546 0.088583,
        0.565562 -0.655385 0.088583,
        0.565269 -0.656864 0.088583,
        0.564736 -0.658058 0.088583,
      ]
    }
    coordIndex [
      18, 19, 20, -1,
      20, 19, 21, -1,
      20, 21, 22, -1,
      22, 21, 23, -1,
      22, 23, 24, -1,
      24, 23, 25, -1,
      24, 25, 26, -1,
      26, 25, 27, -1,
      26, 27, 28, -1,
      28, 27, 29, -1,
      28, 29, 30, -1,
      30, 29, 31, -1,
      30, 31, 32, -1,
      32, 31, 33, -1,
      32, 33, 34, -1,
      34, 33, 35, -1,
      34, 35, 36, -1,
      36, 35, 37, -1,
      36, 37, 38, -1,
      38, 37, 39, -1,
      38, 39, 40, -1,
      40, 39, 41, -1,
      40, 41, 42, -1,
      42, 41, 43, -1,
      42, 43, 44, -1,
      44, 43, 45, -1,
      44, 45, 46, -1,
      46, 45, 47, -1,
      46, 47, 48, -1,
      48, 47, 49, -1,
      48, 49, 50, -1,
      50, 49, 51, -1,
      50, 51, 52, -1,
      52, 51, 53, -1,
      52, 53, 18, -1,
      18, 53, 19, -1,
      41, 5, 4, -1,
      41, 4, 43, -1,
      43, 4, 1, -1,
      43, 1, 45, -1,
      45, 1, 0, -1,
      45, 0, 47, -1,
      47, 0, 7, -1,
      47, 7, 49, -1,
      49, 7, 8, -1,
      49, 8, 51, -1,
      51, 8, 11, -1,
      51, 11, 53, -1,
      53, 11, 10, -1,
      53, 10, 19, -1,
      19, 10, 9, -1,
      19, 9, 21, -1,
      21, 9, 12, -1,
      21, 12, 23, -1,
      23, 12, 3, -1,
      23, 3, 25, -1,
      25, 3, 2, -1,
      25, 2, 27, -1,
      29, 27, 17, -1,
      17, 27, 2, -1,
      31, 29, 16, -1,
      16, 29, 17, -1,
      33, 31, 15, -1,
      15, 31, 16, -1,
      33, 15, 14, -1,
      33, 14, 35, -1,
      35, 14, 13, -1,
      35, 13, 37, -1,
      37, 13, 6, -1,
      37, 6, 39, -1,
      39, 6, 5, -1,
      39, 5, 41, -1,
      20, 54, 55, -1,
      20, 55, 18, -1,
      18, 55, 56, -1,
      18, 56, 52, -1,
      52, 56, 57, -1,
      52, 57, 50, -1,
      50, 57, 58, -1,
      50, 58, 48, -1,
      26, 59, 60, -1,
      26, 60, 24, -1,
      24, 60, 61, -1,
      24, 61, 22, -1,
      22, 61, 54, -1,
      22, 54, 20, -1,
      26, 28, 59, -1,
      59, 28, 62, -1,
      28, 30, 62, -1,
      62, 30, 63, -1,
      30, 32, 63, -1,
      63, 32, 64, -1,
      40, 65, 66, -1,
      40, 66, 38, -1,
      38, 66, 67, -1,
      38, 67, 36, -1,
      36, 67, 68, -1,
      36, 68, 34, -1,
      34, 68, 64, -1,
      34, 64, 32, -1,
      48, 58, 69, -1,
      48, 69, 46, -1,
      46, 69, 70, -1,
      46, 70, 44, -1,
      44, 70, 71, -1,
      44, 71, 42, -1,
      42, 71, 65, -1,
      42, 65, 40, -1,
    ]
  }
}

Shape {
  appearance Appearance {
    material Material {
      diffuseColor 0.2078 0.2078 0.2078
      specularColor 0.0157 0.0157 0.0157
      ambientIntensity 0.2
      transparency 0.0000
      shininess 0.5
    }
  }
  geometry IndexedFaceSet {
    ccw TRUE
    solid FALSE
    coord DEF co Coordinate {
      point [
        0.563862 -0.650006 0.088583,
        0.564396 -0.650549 0.088583,
        0.564989 -0.651468 0.088583,
        0.565414 -0.652678 0.088583,
        0.565604 -0.654482 0.088583,
        0.559276 -0.648512 0.088583,
        0.561249 -0.648720 0.088583,
        0.562640 -0.649205 0.088583,
        0.556876 -0.648512 0.088583,
        0.556876 -0.660761 0.088583,
        0.559183 -0.660761 0.088583,
        0.563906 -0.659104 0.088583,
        0.563606 -0.659376 0.088583,
        0.562551 -0.660063 0.088583,
        0.561189 -0.660546 0.088583,
        0.565562 -0.655385 0.088583,
        0.565269 -0.656864 0.088583,
        0.564736 -0.658058 0.088583,
      ]
    }
    coordIndex [
      8, 9, 5, -1,
      5, 9, 10, -1,
      5, 10, 14, -1,
      14, 13, 5, -1,
      5, 13, 12, -1,
      5, 12, 11, -1,
      11, 17, 5, -1,
      5, 17, 16, -1,
      5, 16, 15, -1,
      15, 4, 5, -1,
      5, 4, 3, -1,
      5, 3, 2, -1,
      2, 1, 5, -1,
      5, 1, 0, -1,
      5, 0, 6, -1,
      6, 0, 7, -1,
    ]
  }
}

Shape {
  appearance Appearance {
    material Material {
      diffuseColor 1.0000 1.0000 1.0000
      specularColor 0.5020 0.5020 0.5020
      ambientIntensity 0.2
      transparency 0.0000
      shininess 0.5
    }
  }
  geometry IndexedFaceSet {
    ccw TRUE
    solid FALSE
    coord DEF co Coordinate {
      point [
        0.526241 -0.662670 0.088583,
        0.525901 -0.662706 0.088583,
        0.515160 -0.662435 0.088583,
        0.514409 -0.662706 0.088583,
        0.516856 -0.662572 0.088583,
        0.510553 -0.657139 0.088583,
        0.510837 -0.653954 0.088583,
        0.510149 -0.657705 0.088583,
        0.509870 -0.658402 0.088583,
        0.515865 -0.661966 0.088583,
        0.512137 -0.662702 0.088583,
        0.511374 -0.662414 0.088583,
        0.510067 -0.661109 0.088583,
        0.509826 -0.660436 0.088583,
        0.510837 -0.652021 0.088583,
        0.511371 -0.651719 0.088583,
        0.516800 -0.651335 0.088583,
        0.521870 -0.652935 0.088583,
        0.522241 -0.652397 0.088583,
        0.511173 -0.656614 0.088583,
        0.512039 -0.656182 0.088583,
        0.512110 -0.653138 0.088583,
        0.513493 -0.655830 0.088583,
        0.515231 -0.652652 0.088583,
        0.514557 -0.652581 0.088583,
        0.513353 -0.652709 0.088583,
        0.510703 -0.661947 0.088583,
        0.510481 -0.661721 0.088583,
        0.516856 -0.660818 0.088583,
        0.516803 -0.660818 0.088583,
        0.516493 -0.661289 0.088583,
        0.517458 -0.651717 0.088583,
        0.517986 -0.652228 0.088583,
        0.521633 -0.653576 0.088583,
        0.518391 -0.652877 0.088583,
        0.518699 -0.653793 0.088583,
        0.512873 -0.651173 0.088583,
        0.514744 -0.650965 0.088583,
        0.515967 -0.651078 0.088583,
        0.509729 -0.659534 0.088583,
        0.509736 -0.659252 0.088583,
        0.522445 -0.656422 0.088583,
        0.521543 -0.660119 0.088583,
        0.522463 -0.656434 0.088583,
        0.522321 -0.660600 0.088583,
        0.522463 -0.660654 0.088583,
        0.522120 -0.656082 0.088583,
        0.521860 -0.655667 0.088583,
        0.518846 -0.655270 0.088583,
        0.521641 -0.655059 0.088583,
        0.521555 -0.654287 0.088583,
        0.516856 -0.655359 0.088583,
        0.516787 -0.654479 0.088583,
        0.516581 -0.653771 0.088583,
        0.516347 -0.653361 0.088583,
        0.516046 -0.653041 0.088583,
        0.515693 -0.652813 0.088583,
        0.514353 -0.662726 0.088583,
        0.513327 -0.662840 0.088583,
        0.512173 -0.662706 0.088583,
        0.539072 -0.651225 0.088583,
        0.541135 -0.651225 0.088583,
        0.535433 -0.659754 0.088583,
        0.535676 -0.660687 0.088583,
        0.535729 -0.660687 0.088583,
        0.533428 -0.653988 0.088583,
        0.535973 -0.659770 0.088583,
        0.535820 -0.660299 0.088583,
        0.533428 -0.659330 0.088583,
        0.530242 -0.651225 0.088583,
        0.532468 -0.651225 0.088583,
        0.534693 -0.662548 0.088583,
        0.534626 -0.662706 0.088583,
        0.533820 -0.664611 0.088583,
        0.533431 -0.665325 0.088583,
        0.530652 -0.667754 0.088583,
        0.530652 -0.665983 0.088583,
        0.531781 -0.666211 0.088583,
        0.532259 -0.666157 0.088583,
        0.533428 -0.667562 0.088583,
        0.532740 -0.667824 0.088583,
        0.531936 -0.667917 0.088583,
        0.531496 -0.667901 0.088583,
        0.532695 -0.665994 0.088583,
        0.533060 -0.665741 0.088583,
        0.535985 -0.664286 0.088583,
        0.535084 -0.666041 0.088583,
        0.536608 -0.662706 0.088583,
        0.534356 -0.666915 0.088583,
        0.534220 -0.667039 0.088583,
        0.533525 -0.667525 0.088583,
        0.528541 -0.657609 0.088583,
        0.528912 -0.658157 0.088583,
        0.528662 -0.653402 0.088583,
        0.522830 -0.651867 0.088583,
        0.523420 -0.651514 0.088583,
        0.528868 -0.660916 0.088583,
        0.528496 -0.661441 0.088583,
        0.522463 -0.652197 0.088583,
        0.529124 -0.658744 0.088583,
        0.529207 -0.659485 0.088583,
        0.529112 -0.660285 0.088583,
        0.524512 -0.651124 0.088583,
        0.525974 -0.650965 0.088583,
        0.528662 -0.651469 0.088583,
        0.527071 -0.651040 0.088583,
        0.527927 -0.661939 0.088583,
        0.527330 -0.662291 0.088583,
        0.525779 -0.652581 0.088583,
        0.525190 -0.652626 0.088583,
        0.523606 -0.654108 0.088583,
        0.524657 -0.652767 0.088583,
        0.524211 -0.653004 0.088583,
        0.523624 -0.654373 0.088583,
        0.523703 -0.654682 0.088583,
        0.523846 -0.654951 0.088583,
        0.524041 -0.655164 0.088583,
        0.524742 -0.655603 0.088583,
        0.527086 -0.652730 0.088583,
        0.525974 -0.656139 0.088583,
        0.528208 -0.653141 0.088583,
        0.526744 -0.656451 0.088583,
        0.528066 -0.657186 0.088583,
        0.523911 -0.653269 0.088583,
        0.523740 -0.653522 0.088583,
        0.523642 -0.653791 0.088583,
        0.523569 -0.661070 0.088583,
        0.524569 -0.657585 0.088583,
        0.523382 -0.657041 0.088583,
        0.524816 -0.661216 0.088583,
        0.524904 -0.661215 0.088583,
        0.525875 -0.658132 0.088583,
        0.525924 -0.661101 0.088583,
        0.527164 -0.659680 0.088583,
        0.527144 -0.659433 0.088583,
        0.526438 -0.660913 0.088583,
        0.526619 -0.660803 0.088583,
        0.526848 -0.660600 0.088583,
        0.527021 -0.660343 0.088583,
        0.527122 -0.660060 0.088583,
        0.527054 -0.659122 0.088583,
        0.526900 -0.658858 0.088583,
        0.526652 -0.658600 0.088583,
        0.521543 -0.662174 0.088583,
        0.518846 -0.662572 0.088583,
        0.522463 -0.662495 0.088583,
        0.522967 -0.662671 0.088583,
        0.523310 -0.662706 0.088583,
        0.524621 -0.662840 0.088583,
        0.531059 -0.666117 0.088583,
        0.535973 -0.659770 0.092520,
        0.535820 -0.660299 0.092520,
        0.535729 -0.660687 0.092520,
        0.535676 -0.660687 0.092520,
        0.535433 -0.659754 0.092520,
        0.532468 -0.651225 0.092520,
        0.530242 -0.651225 0.092520,
        0.534693 -0.662548 0.092520,
        0.533820 -0.664611 0.092520,
        0.533431 -0.665325 0.092520,
        0.533060 -0.665741 0.092520,
        0.532695 -0.665994 0.092520,
        0.532259 -0.666157 0.092520,
        0.531781 -0.666211 0.092520,
        0.531059 -0.666117 0.092520,
        0.530652 -0.665983 0.092520,
        0.530652 -0.667754 0.092520,
        0.531496 -0.667901 0.092520,
        0.531936 -0.667917 0.092520,
        0.532740 -0.667824 0.092520,
        0.533525 -0.667525 0.092520,
        0.534220 -0.667039 0.092520,
        0.534356 -0.666915 0.092520,
        0.535084 -0.666041 0.092520,
        0.535985 -0.664286 0.092520,
        0.541135 -0.651225 0.092520,
        0.539072 -0.651225 0.092520,
        0.524621 -0.662840 0.092520,
        0.526241 -0.662670 0.092520,
        0.527330 -0.662291 0.092520,
        0.527927 -0.661939 0.092520,
        0.528496 -0.661441 0.092520,
        0.528868 -0.660916 0.092520,
        0.529112 -0.660285 0.092520,
        0.529207 -0.659485 0.092520,
        0.529124 -0.658744 0.092520,
        0.528912 -0.658157 0.092520,
        0.528541 -0.657609 0.092520,
        0.528066 -0.657186 0.092520,
        0.526744 -0.656451 0.092520,
        0.525974 -0.656139 0.092520,
        0.524742 -0.655603 0.092520,
        0.524041 -0.655164 0.092520,
        0.523846 -0.654951 0.092520,
        0.523703 -0.654682 0.092520,
        0.523624 -0.654373 0.092520,
        0.523606 -0.654108 0.092520,
        0.523642 -0.653791 0.092520,
        0.523740 -0.653522 0.092520,
        0.523911 -0.653269 0.092520,
        0.524211 -0.653004 0.092520,
        0.524657 -0.652767 0.092520,
        0.525190 -0.652626 0.092520,
        0.525779 -0.652581 0.092520,
        0.527086 -0.652730 0.092520,
        0.528208 -0.653141 0.092520,
        0.528662 -0.653402 0.092520,
        0.528662 -0.651469 0.092520,
        0.527071 -0.651040 0.092520,
        0.525974 -0.650965 0.092520,
        0.524512 -0.651124 0.092520,
        0.523420 -0.651514 0.092520,
        0.522830 -0.651867 0.092520,
        0.522241 -0.652397 0.092520,
        0.521870 -0.652935 0.092520,
        0.521633 -0.653576 0.092520,
        0.521555 -0.654287 0.092520,
        0.521641 -0.655059 0.092520,
        0.521860 -0.655667 0.092520,
        0.522120 -0.656082 0.092520,
        0.524569 -0.657585 0.092520,
        0.523382 -0.657041 0.092520,
        0.522445 -0.656422 0.092520,
        0.525875 -0.658132 0.092520,
        0.526652 -0.658600 0.092520,
        0.526900 -0.658858 0.092520,
        0.527054 -0.659122 0.092520,
        0.527144 -0.659433 0.092520,
        0.527164 -0.659680 0.092520,
        0.527122 -0.660060 0.092520,
        0.527021 -0.660343 0.092520,
        0.526848 -0.660600 0.092520,
        0.526619 -0.660803 0.092520,
        0.526438 -0.660913 0.092520,
        0.525924 -0.661101 0.092520,
        0.524904 -0.661215 0.092520,
        0.524816 -0.661216 0.092520,
        0.521543 -0.660119 0.092520,
        0.522321 -0.660600 0.092520,
        0.523569 -0.661070 0.092520,
        0.521543 -0.662174 0.092520,
        0.522967 -0.662671 0.092520,
        0.516856 -0.662572 0.092520,
        0.518846 -0.662572 0.092520,
        0.516856 -0.660818 0.092520,
        0.518846 -0.655270 0.092520,
        0.516856 -0.655359 0.092520,
        0.512543 -0.657729 0.092520,
        0.513021 -0.657506 0.092520,
        0.516803 -0.660818 0.092520,
        0.515754 -0.660525 0.092520,
        0.516493 -0.661289 0.092520,
        0.515191 -0.660905 0.092520,
        0.514200 -0.657235 0.092520,
        0.516856 -0.656878 0.092520,
        0.516856 -0.657967 0.092520,
        0.516854 -0.658098 0.092520,
        0.516726 -0.658987 0.092520,
        0.516434 -0.659696 0.092520,
        0.516003 -0.660281 0.092520,
        0.516787 -0.654479 0.092520,
        0.518699 -0.653793 0.092520,
        0.516581 -0.653771 0.092520,
        0.518391 -0.652877 0.092520,
        0.516347 -0.653361 0.092520,
        0.517986 -0.652228 0.092520,
        0.516046 -0.653041 0.092520,
        0.517458 -0.651717 0.092520,
        0.515693 -0.652813 0.092520,
        0.516800 -0.651335 0.092520,
        0.515231 -0.652652 0.092520,
        0.515967 -0.651078 0.092520,
        0.514557 -0.652581 0.092520,
        0.514744 -0.650965 0.092520,
        0.513353 -0.652709 0.092520,
        0.512873 -0.651173 0.092520,
        0.512110 -0.653138 0.092520,
        0.511371 -0.651719 0.092520,
        0.510837 -0.653954 0.092520,
        0.510837 -0.652021 0.092520,
        0.512155 -0.660526 0.092520,
        0.510703 -0.661947 0.092520,
        0.512324 -0.660696 0.092520,
        0.511374 -0.662414 0.092520,
        0.512720 -0.660967 0.092520,
        0.512137 -0.662702 0.092520,
        0.513170 -0.661132 0.092520,
        0.513327 -0.662840 0.092520,
        0.513843 -0.661207 0.092520,
        0.514353 -0.662726 0.092520,
        0.514588 -0.661124 0.092520,
        0.515160 -0.662435 0.092520,
        0.515865 -0.661966 0.092520,
        0.511764 -0.659056 0.092520,
        0.509736 -0.659252 0.092520,
        0.511747 -0.659372 0.092520,
        0.509729 -0.659534 0.092520,
        0.511798 -0.659829 0.092520,
        0.509826 -0.660436 0.092520,
        0.511928 -0.660190 0.092520,
        0.510067 -0.661109 0.092520,
        0.510481 -0.661721 0.092520,
        0.513493 -0.655830 0.092520,
        0.512039 -0.656182 0.092520,
        0.512275 -0.657934 0.092520,
        0.511173 -0.656614 0.092520,
        0.512037 -0.658229 0.092520,
        0.510553 -0.657139 0.092520,
        0.511862 -0.658600 0.092520,
        0.510149 -0.657705 0.092520,
        0.509870 -0.658402 0.092520,
        0.516003 -0.660281 0.088583,
        0.515754 -0.660525 0.088583,
        0.515191 -0.660905 0.088583,
        0.514588 -0.661124 0.088583,
        0.513843 -0.661207 0.088583,
        0.516856 -0.657967 0.088583,
        0.516854 -0.658098 0.088583,
        0.516726 -0.658987 0.088583,
        0.516434 -0.659696 0.088583,
        0.516856 -0.656878 0.088583,
        0.514200 -0.657235 0.088583,
        0.512275 -0.657934 0.088583,
        0.512543 -0.657729 0.088583,
        0.513021 -0.657506 0.088583,
        0.511747 -0.659372 0.088583,
        0.511764 -0.659056 0.088583,
        0.511862 -0.658600 0.088583,
        0.512037 -0.658229 0.088583,
        0.512324 -0.660696 0.088583,
        0.512155 -0.660526 0.088583,
        0.511928 -0.660190 0.088583,
        0.511798 -0.659829 0.088583,
        0.513170 -0.661132 0.088583,
        0.512720 -0.660967 0.088583,
      ]
    }
    coordIndex [
      150, 66, 67, -1,
      150, 67, 151, -1,
      151, 67, 64, -1,
      151, 64, 152, -1,
      153, 152, 63, -1,
      63, 152, 64, -1,
      154, 153, 62, -1,
      62, 153, 63, -1,
      154, 62, 155, -1,
      155, 62, 65, -1,
      155, 65, 70, -1,
      156, 155, 69, -1,
      69, 155, 70, -1,
      156, 69, 157, -1,
      157, 69, 68, -1,
      157, 68, 71, -1,
      73, 158, 72, -1,
      72, 158, 157, -1,
      72, 157, 71, -1,
      158, 73, 74, -1,
      158, 74, 159, -1,
      159, 74, 84, -1,
      159, 84, 160, -1,
      160, 84, 83, -1,
      160, 83, 161, -1,
      161, 83, 78, -1,
      161, 78, 162, -1,
      162, 78, 77, -1,
      162, 77, 163, -1,
      163, 77, 149, -1,
      163, 149, 164, -1,
      164, 149, 76, -1,
      164, 76, 165, -1,
      166, 165, 75, -1,
      75, 165, 76, -1,
      166, 75, 82, -1,
      166, 82, 167, -1,
      167, 82, 81, -1,
      167, 81, 168, -1,
      168, 81, 80, -1,
      168, 80, 169, -1,
      169, 80, 79, -1,
      169, 79, 170, -1,
      79, 90, 170, -1,
      170, 90, 89, -1,
      170, 89, 171, -1,
      171, 89, 88, -1,
      171, 88, 172, -1,
      172, 88, 86, -1,
      172, 86, 173, -1,
      173, 86, 85, -1,
      173, 85, 174, -1,
      61, 175, 87, -1,
      87, 175, 174, -1,
      87, 174, 85, -1,
      176, 175, 60, -1,
      60, 175, 61, -1,
      150, 176, 66, -1,
      66, 176, 60, -1,
      151, 152, 174, -1,
      175, 176, 174, -1,
      174, 176, 150, -1,
      174, 150, 151, -1,
      155, 156, 154, -1,
      154, 156, 157, -1,
      154, 157, 153, -1,
      173, 159, 172, -1,
      172, 159, 160, -1,
      165, 166, 164, -1,
      164, 166, 167, -1,
      164, 167, 163, -1,
      163, 167, 168, -1,
      163, 168, 162, -1,
      162, 168, 169, -1,
      162, 169, 161, -1,
      161, 169, 170, -1,
      161, 170, 160, -1,
      160, 170, 171, -1,
      160, 171, 172, -1,
      152, 153, 174, -1,
      174, 153, 157, -1,
      174, 157, 173, -1,
      173, 157, 158, -1,
      173, 158, 159, -1,
      148, 1, 177, -1,
      177, 1, 178, -1,
      1, 0, 178, -1,
      178, 0, 107, -1,
      178, 107, 179, -1,
      179, 107, 106, -1,
      179, 106, 180, -1,
      180, 106, 97, -1,
      180, 97, 181, -1,
      181, 97, 96, -1,
      181, 96, 182, -1,
      182, 96, 101, -1,
      182, 101, 183, -1,
      183, 101, 100, -1,
      183, 100, 184, -1,
      184, 100, 99, -1,
      184, 99, 185, -1,
      185, 99, 92, -1,
      185, 92, 186, -1,
      186, 92, 91, -1,
      186, 91, 187, -1,
      187, 91, 122, -1,
      187, 122, 188, -1,
      188, 122, 121, -1,
      188, 121, 189, -1,
      189, 121, 119, -1,
      189, 119, 190, -1,
      190, 119, 117, -1,
      190, 117, 191, -1,
      191, 117, 116, -1,
      191, 116, 192, -1,
      192, 116, 115, -1,
      192, 115, 193, -1,
      193, 115, 114, -1,
      193, 114, 194, -1,
      194, 114, 113, -1,
      194, 113, 195, -1,
      195, 113, 110, -1,
      195, 110, 196, -1,
      196, 110, 125, -1,
      196, 125, 197, -1,
      197, 125, 124, -1,
      197, 124, 198, -1,
      198, 124, 123, -1,
      198, 123, 199, -1,
      199, 123, 112, -1,
      199, 112, 200, -1,
      200, 112, 111, -1,
      200, 111, 201, -1,
      201, 111, 109, -1,
      201, 109, 202, -1,
      202, 109, 108, -1,
      202, 108, 203, -1,
      203, 108, 118, -1,
      203, 118, 204, -1,
      204, 118, 120, -1,
      204, 120, 205, -1,
      205, 120, 93, -1,
      205, 93, 206, -1,
      207, 206, 104, -1,
      104, 206, 93, -1,
      207, 104, 105, -1,
      207, 105, 208, -1,
      208, 105, 103, -1,
      208, 103, 209, -1,
      209, 103, 102, -1,
      209, 102, 210, -1,
      210, 102, 95, -1,
      210, 95, 211, -1,
      211, 95, 94, -1,
      211, 94, 212, -1,
      94, 98, 212, -1,
      212, 98, 213, -1,
      98, 18, 213, -1,
      213, 18, 17, -1,
      213, 17, 214, -1,
      214, 17, 33, -1,
      214, 33, 215, -1,
      215, 33, 50, -1,
      215, 50, 216, -1,
      216, 50, 49, -1,
      216, 49, 217, -1,
      217, 49, 47, -1,
      217, 47, 218, -1,
      218, 47, 46, -1,
      218, 46, 219, -1,
      127, 220, 221, -1,
      219, 46, 41, -1,
      219, 41, 222, -1,
      222, 41, 43, -1,
      222, 43, 221, -1,
      221, 43, 128, -1,
      221, 128, 127, -1,
      220, 127, 131, -1,
      220, 131, 223, -1,
      223, 131, 142, -1,
      223, 142, 224, -1,
      224, 142, 141, -1,
      224, 141, 225, -1,
      225, 141, 140, -1,
      225, 140, 226, -1,
      226, 140, 134, -1,
      226, 134, 227, -1,
      227, 134, 133, -1,
      227, 133, 228, -1,
      228, 133, 139, -1,
      228, 139, 229, -1,
      229, 139, 138, -1,
      229, 138, 230, -1,
      230, 138, 137, -1,
      230, 137, 231, -1,
      231, 137, 136, -1,
      231, 136, 232, -1,
      232, 136, 135, -1,
      232, 135, 233, -1,
      233, 135, 132, -1,
      233, 132, 234, -1,
      234, 132, 130, -1,
      234, 130, 235, -1,
      235, 130, 129, -1,
      235, 129, 236, -1,
      42, 237, 238, -1,
      236, 129, 126, -1,
      236, 126, 239, -1,
      239, 126, 45, -1,
      239, 45, 238, -1,
      238, 45, 44, -1,
      238, 44, 42, -1,
      240, 237, 143, -1,
      143, 237, 42, -1,
      143, 145, 240, -1,
      240, 145, 241, -1,
      148, 177, 147, -1,
      147, 177, 241, -1,
      147, 241, 146, -1,
      146, 241, 145, -1,
      199, 200, 211, -1,
      211, 200, 210, -1,
      223, 190, 220, -1,
      220, 190, 191, -1,
      179, 180, 231, -1,
      231, 180, 181, -1,
      231, 181, 230, -1,
      230, 181, 182, -1,
      230, 182, 229, -1,
      229, 182, 183, -1,
      229, 183, 228, -1,
      228, 183, 184, -1,
      228, 184, 227, -1,
      227, 184, 185, -1,
      227, 185, 226, -1,
      226, 185, 186, -1,
      226, 186, 225, -1,
      225, 186, 187, -1,
      225, 187, 224, -1,
      224, 187, 188, -1,
      224, 188, 223, -1,
      223, 188, 189, -1,
      223, 189, 190, -1,
      177, 236, 241, -1,
      241, 236, 239, -1,
      241, 239, 240, -1,
      240, 239, 238, -1,
      240, 238, 237, -1,
      200, 201, 210, -1,
      210, 201, 202, -1,
      210, 202, 209, -1,
      209, 202, 203, -1,
      209, 203, 208, -1,
      208, 203, 204, -1,
      208, 204, 207, -1,
      207, 204, 205, -1,
      207, 205, 206, -1,
      231, 232, 179, -1,
      179, 232, 233, -1,
      179, 233, 178, -1,
      178, 233, 234, -1,
      178, 234, 177, -1,
      177, 234, 235, -1,
      177, 235, 236, -1,
      211, 212, 199, -1,
      199, 212, 213, -1,
      199, 213, 198, -1,
      198, 213, 214, -1,
      198, 214, 197, -1,
      197, 214, 215, -1,
      197, 215, 196, -1,
      196, 215, 216, -1,
      196, 216, 195, -1,
      195, 216, 217, -1,
      195, 217, 194, -1,
      194, 217, 218, -1,
      194, 218, 193, -1,
      193, 218, 219, -1,
      193, 219, 192, -1,
      192, 219, 222, -1,
      192, 222, 191, -1,
      191, 222, 221, -1,
      191, 221, 220, -1,
      242, 243, 244, -1,
      244, 243, 245, -1,
      246, 247, 248, -1,
      249, 250, 251, -1,
      251, 250, 252, -1,
      253, 254, 245, -1,
      245, 254, 255, -1,
      255, 256, 245, -1,
      245, 256, 257, -1,
      245, 257, 244, -1,
      244, 257, 258, -1,
      244, 258, 249, -1,
      249, 258, 259, -1,
      249, 259, 250, -1,
      248, 253, 246, -1,
      246, 253, 245, -1,
      246, 245, 260, -1,
      260, 245, 261, -1,
      260, 261, 262, -1,
      262, 261, 263, -1,
      262, 263, 264, -1,
      264, 263, 265, -1,
      264, 265, 266, -1,
      266, 265, 267, -1,
      266, 267, 268, -1,
      268, 267, 269, -1,
      268, 269, 270, -1,
      270, 269, 271, -1,
      270, 271, 272, -1,
      272, 271, 273, -1,
      272, 273, 274, -1,
      274, 273, 275, -1,
      274, 275, 276, -1,
      276, 275, 277, -1,
      276, 277, 278, -1,
      278, 277, 279, -1,
      280, 281, 282, -1,
      282, 281, 283, -1,
      282, 283, 284, -1,
      284, 283, 285, -1,
      284, 285, 286, -1,
      286, 285, 287, -1,
      286, 287, 288, -1,
      288, 287, 289, -1,
      288, 289, 290, -1,
      290, 289, 291, -1,
      290, 291, 252, -1,
      252, 291, 292, -1,
      252, 292, 251, -1,
      293, 294, 295, -1,
      295, 294, 296, -1,
      295, 296, 297, -1,
      297, 296, 298, -1,
      297, 298, 299, -1,
      299, 298, 300, -1,
      299, 300, 280, -1,
      280, 300, 301, -1,
      280, 301, 281, -1,
      246, 302, 247, -1,
      247, 302, 303, -1,
      247, 303, 304, -1,
      304, 303, 305, -1,
      304, 305, 306, -1,
      306, 305, 307, -1,
      306, 307, 308, -1,
      308, 307, 309, -1,
      308, 309, 293, -1,
      293, 309, 310, -1,
      293, 310, 294, -1,
      272, 24, 23, -1,
      272, 23, 270, -1,
      270, 23, 56, -1,
      270, 56, 268, -1,
      268, 56, 55, -1,
      268, 55, 266, -1,
      266, 55, 54, -1,
      266, 54, 264, -1,
      264, 54, 53, -1,
      264, 53, 262, -1,
      262, 53, 52, -1,
      262, 52, 260, -1,
      260, 52, 51, -1,
      260, 51, 246, -1,
      302, 246, 22, -1,
      22, 246, 51, -1,
      302, 22, 20, -1,
      302, 20, 303, -1,
      303, 20, 19, -1,
      303, 19, 305, -1,
      305, 19, 5, -1,
      305, 5, 307, -1,
      307, 5, 7, -1,
      307, 7, 309, -1,
      309, 7, 8, -1,
      309, 8, 310, -1,
      310, 8, 40, -1,
      310, 40, 294, -1,
      294, 40, 39, -1,
      294, 39, 296, -1,
      296, 39, 13, -1,
      296, 13, 298, -1,
      298, 13, 12, -1,
      298, 12, 300, -1,
      300, 12, 27, -1,
      300, 27, 301, -1,
      301, 27, 26, -1,
      301, 26, 281, -1,
      58, 287, 59, -1,
      59, 287, 285, -1,
      59, 285, 10, -1,
      10, 285, 283, -1,
      10, 283, 11, -1,
      11, 283, 281, -1,
      11, 281, 26, -1,
      287, 58, 57, -1,
      287, 57, 289, -1,
      289, 57, 3, -1,
      289, 3, 291, -1,
      3, 2, 291, -1,
      291, 2, 9, -1,
      291, 9, 292, -1,
      292, 9, 30, -1,
      292, 30, 251, -1,
      251, 30, 29, -1,
      251, 29, 249, -1,
      244, 249, 28, -1,
      28, 249, 29, -1,
      242, 244, 4, -1,
      4, 244, 28, -1,
      243, 242, 144, -1,
      144, 242, 4, -1,
      245, 243, 48, -1,
      48, 243, 144, -1,
      245, 48, 35, -1,
      245, 35, 261, -1,
      261, 35, 34, -1,
      261, 34, 263, -1,
      263, 34, 32, -1,
      263, 32, 265, -1,
      265, 32, 31, -1,
      265, 31, 267, -1,
      267, 31, 16, -1,
      267, 16, 269, -1,
      269, 16, 38, -1,
      269, 38, 271, -1,
      271, 38, 37, -1,
      271, 37, 273, -1,
      273, 37, 36, -1,
      273, 36, 275, -1,
      275, 36, 15, -1,
      275, 15, 277, -1,
      277, 15, 14, -1,
      277, 14, 279, -1,
      278, 279, 6, -1,
      6, 279, 14, -1,
      278, 6, 21, -1,
      278, 21, 276, -1,
      276, 21, 25, -1,
      276, 25, 274, -1,
      274, 25, 24, -1,
      274, 24, 272, -1,
      259, 311, 312, -1,
      259, 312, 250, -1,
      250, 312, 313, -1,
      250, 313, 252, -1,
      252, 313, 314, -1,
      252, 314, 290, -1,
      290, 314, 315, -1,
      290, 315, 288, -1,
      255, 316, 317, -1,
      255, 317, 256, -1,
      256, 317, 318, -1,
      256, 318, 257, -1,
      257, 318, 319, -1,
      257, 319, 258, -1,
      258, 319, 311, -1,
      258, 311, 259, -1,
      255, 254, 316, -1,
      316, 254, 320, -1,
      254, 253, 320, -1,
      320, 253, 321, -1,
      304, 322, 323, -1,
      304, 323, 247, -1,
      247, 323, 324, -1,
      247, 324, 248, -1,
      248, 324, 321, -1,
      248, 321, 253, -1,
      295, 325, 326, -1,
      295, 326, 293, -1,
      293, 326, 327, -1,
      293, 327, 308, -1,
      308, 327, 328, -1,
      308, 328, 306, -1,
      306, 328, 322, -1,
      306, 322, 304, -1,
      282, 329, 330, -1,
      282, 330, 280, -1,
      280, 330, 331, -1,
      280, 331, 299, -1,
      299, 331, 332, -1,
      299, 332, 297, -1,
      297, 332, 325, -1,
      297, 325, 295, -1,
      288, 315, 333, -1,
      288, 333, 286, -1,
      286, 333, 334, -1,
      286, 334, 284, -1,
      284, 334, 329, -1,
      284, 329, 282, -1,
    ]
  }
}

Shape {
  appearance Appearance {
    material Material {
      diffuseColor 0.2078 0.2078 0.2078
      specularColor 0.0157 0.0157 0.0157
      ambientIntensity 0.2
      transparency 0.0000
      shininess 0.5
    }
  }
  geometry IndexedFaceSet {
    ccw TRUE
    solid FALSE
    coord DEF co Coordinate {
      point [
        0.516003 -0.660281 0.088583,
        0.515754 -0.660525 0.088583,
        0.515191 -0.660905 0.088583,
        0.514588 -0.661124 0.088583,
        0.513843 -0.661207 0.088583,
        0.516856 -0.657967 0.088583,
        0.516854 -0.658098 0.088583,
        0.516726 -0.658987 0.088583,
        0.516434 -0.659696 0.088583,
        0.516856 -0.656878 0.088583,
        0.514200 -0.657235 0.088583,
        0.512275 -0.657934 0.088583,
        0.512543 -0.657729 0.088583,
        0.513021 -0.657506 0.088583,
        0.511747 -0.659372 0.088583,
        0.511764 -0.659056 0.088583,
        0.511862 -0.658600 0.088583,
        0.512037 -0.658229 0.088583,
        0.512324 -0.660696 0.088583,
        0.512155 -0.660526 0.088583,
        0.511928 -0.660190 0.088583,
        0.511798 -0.659829 0.088583,
        0.513170 -0.661132 0.088583,
        0.512720 -0.660967 0.088583,
      ]
    }
    coordIndex [
      9, 10, 5, -1,
      5, 10, 13, -1,
      13, 12, 5, -1,
      5, 12, 11, -1,
      5, 11, 6, -1,
      6, 11, 7, -1,
      7, 11, 17, -1,
      7, 17, 8, -1,
      19, 18, 1, -1,
      19, 1, 20, -1,
      2, 1, 3, -1,
      3, 1, 4, -1,
      17, 16, 8, -1,
      8, 16, 15, -1,
      8, 15, 0, -1,
      0, 15, 14, -1,
      0, 14, 1, -1,
      1, 14, 21, -1,
      1, 21, 20, -1,
      18, 23, 1, -1,
      1, 23, 22, -1,
      1, 22, 4, -1,
    ]
  }
}

Shape {
  appearance Appearance {
    material Material {
      diffuseColor 1.0000 1.0000 1.0000
      specularColor 0.5020 0.5020 0.5020
      ambientIntensity 0.2
      transparency 0.0000
      shininess 0.5
    }
  }
  geometry IndexedFaceSet {
    ccw TRUE
    solid FALSE
    coord DEF co Coordinate {
      point [
        0.435465 -0.669618 0.088583,
        0.438126 -0.670068 0.088583,
        0.438711 -0.670083 0.088583,
        0.463946 -0.619704 0.088583,
        0.458278 -0.617706 0.088583,
        0.453621 -0.617217 0.088583,
        0.448026 -0.617907 0.088583,
        0.442817 -0.619918 0.088583,
        0.478974 -0.633852 0.088583,
        0.482043 -0.636439 0.088583,
        0.466389 -0.621346 0.088583,
        0.468984 -0.623091 0.088583,
        0.472702 -0.627386 0.088583,
        0.475084 -0.632015 0.088583,
        0.475609 -0.632191 0.088583,
        0.428035 -0.626920 0.088583,
        0.432498 -0.626367 0.088583,
        0.415802 -0.637502 0.088583,
        0.416780 -0.635289 0.088583,
        0.419507 -0.631789 0.088583,
        0.440513 -0.621346 0.088583,
        0.440066 -0.621622 0.088583,
        0.437411 -0.623896 0.088583,
        0.433797 -0.626437 0.088583,
        0.435096 -0.626593 0.088583,
        0.420260 -0.631076 0.088583,
        0.423852 -0.628547 0.088583,
        0.427979 -0.662401 0.088583,
        0.426536 -0.661969 0.088583,
        0.422455 -0.659977 0.088583,
        0.418943 -0.656979 0.088583,
        0.416375 -0.653320 0.088583,
        0.414751 -0.649116 0.088583,
        0.414198 -0.644667 0.088583,
        0.414229 -0.643605 0.088583,
        0.414485 -0.642160 0.088583,
        0.414982 -0.639359 0.088583,
        0.434046 -0.669000 0.088583,
        0.432877 -0.668491 0.088583,
        0.430689 -0.666796 0.088583,
        0.429038 -0.664705 0.088583,
        0.428119 -0.662706 0.088583,
        0.449299 -0.662706 0.088583,
        0.449294 -0.662724 0.088583,
        0.447961 -0.665249 0.088583,
        0.446070 -0.667339 0.088583,
        0.443798 -0.668864 0.088583,
        0.443428 -0.669000 0.088583,
        0.441265 -0.669789 0.088583,
        0.463024 -0.656534 0.088583,
        0.463719 -0.656042 0.088583,
        0.465821 -0.649298 0.088583,
        0.482087 -0.657544 0.088583,
        0.479026 -0.660138 0.088583,
        0.422285 -0.649003 0.088583,
        0.423756 -0.651431 0.088583,
        0.429441 -0.652258 0.088583,
        0.425819 -0.653465 0.088583,
        0.428092 -0.654833 0.088583,
        0.447183 -0.651218 0.088583,
        0.462319 -0.643311 0.088583,
        0.445307 -0.649491 0.088583,
        0.442929 -0.648182 0.088583,
        0.479172 -0.645652 0.088583,
        0.478571 -0.643503 0.088583,
        0.477791 -0.642160 0.088583,
        0.421576 -0.642160 0.088583,
        0.464494 -0.655736 0.088583,
        0.465369 -0.655624 0.088583,
        0.465493 -0.655633 0.088583,
        0.484340 -0.654401 0.088583,
        0.485366 -0.642160 0.088583,
        0.485743 -0.643096 0.088583,
        0.486267 -0.646813 0.088583,
        0.485754 -0.650822 0.088583,
        0.433672 -0.648585 0.088583,
        0.431338 -0.650155 0.088583,
        0.421315 -0.644441 0.088583,
        0.421458 -0.646235 0.088583,
        0.461868 -0.659125 0.088583,
        0.461896 -0.658680 0.088583,
        0.450007 -0.657657 0.088583,
        0.462123 -0.657820 0.088583,
        0.462557 -0.657049 0.088583,
        0.465832 -0.655710 0.088583,
        0.466047 -0.655737 0.088583,
        0.471130 -0.655737 0.088583,
        0.464507 -0.662525 0.088583,
        0.463760 -0.662230 0.088583,
        0.463027 -0.661710 0.088583,
        0.462765 -0.661443 0.088583,
        0.462272 -0.660733 0.088583,
        0.461975 -0.659967 0.088583,
        0.449948 -0.659934 0.088583,
        0.450007 -0.658787 0.088583,
        0.476934 -0.652941 0.088583,
        0.478180 -0.651200 0.088583,
        0.478975 -0.649193 0.088583,
        0.479263 -0.646926 0.088583,
        0.475580 -0.661828 0.088583,
        0.471808 -0.662627 0.088583,
        0.465143 -0.662627 0.088583,
        0.436178 -0.647670 0.088583,
        0.438711 -0.647378 0.088583,
        0.440214 -0.647475 0.088583,
        0.473295 -0.655304 0.088583,
        0.475272 -0.654347 0.088583,
        0.422533 -0.639353 0.088583,
        0.421608 -0.641886 0.088583,
        0.469549 -0.638115 0.088583,
        0.470453 -0.638115 0.088583,
        0.477464 -0.641596 0.088583,
        0.476393 -0.640424 0.088583,
        0.474652 -0.639181 0.088583,
        0.472687 -0.638402 0.088583,
        0.467074 -0.631267 0.088583,
        0.464513 -0.628235 0.088583,
        0.438598 -0.634839 0.088583,
        0.464299 -0.628041 0.088583,
        0.461128 -0.625833 0.088583,
        0.440332 -0.631252 0.088583,
        0.423776 -0.637502 0.088583,
        0.437606 -0.634307 0.088583,
        0.469413 -0.637502 0.088583,
        0.468834 -0.634898 0.088583,
        0.435067 -0.633427 0.088583,
        0.432611 -0.633144 0.088583,
        0.431463 -0.633203 0.088583,
        0.442869 -0.628228 0.088583,
        0.457587 -0.624471 0.088583,
        0.445870 -0.626034 0.088583,
        0.453734 -0.623994 0.088583,
        0.449558 -0.624535 0.088583,
        0.428673 -0.633857 0.088583,
        0.426148 -0.635189 0.088583,
        0.424058 -0.637081 0.088583,
        0.484355 -0.639648 0.088583,
        0.482809 -0.637502 0.088583,
        0.429038 -0.664705 0.092520,
        0.430689 -0.666796 0.092520,
        0.428092 -0.654833 0.092520,
        0.426148 -0.635189 0.092520,
        0.428673 -0.633857 0.092520,
        0.428035 -0.626920 0.092520,
        0.439538 -0.654596 0.092520,
        0.440587 -0.654972 0.092520,
        0.450007 -0.657657 0.092520,
        0.441496 -0.655585 0.092520,
        0.435096 -0.626593 0.092520,
        0.438598 -0.634839 0.092520,
        0.440332 -0.631252 0.092520,
        0.432498 -0.626367 0.092520,
        0.465821 -0.649298 0.092520,
        0.462319 -0.643311 0.092520,
        0.447183 -0.651218 0.092520,
        0.438598 -0.654494 0.092520,
        0.437493 -0.654636 0.092520,
        0.436178 -0.647670 0.092520,
        0.436506 -0.655025 0.092520,
        0.433672 -0.648585 0.092520,
        0.435623 -0.655653 0.092520,
        0.431338 -0.650155 0.092520,
        0.435177 -0.656125 0.092520,
        0.429441 -0.652258 0.092520,
        0.434593 -0.657059 0.092520,
        0.434260 -0.658123 0.092520,
        0.434204 -0.659224 0.092520,
        0.442929 -0.648182 0.092520,
        0.440214 -0.647475 0.092520,
        0.438711 -0.647378 0.092520,
        0.469549 -0.638115 0.092520,
        0.470453 -0.638115 0.092520,
        0.475084 -0.632015 0.092520,
        0.472687 -0.638402 0.092520,
        0.475609 -0.632191 0.092520,
        0.474652 -0.639181 0.092520,
        0.478974 -0.633852 0.092520,
        0.482043 -0.636439 0.092520,
        0.437411 -0.623896 0.092520,
        0.442869 -0.628228 0.092520,
        0.440066 -0.621622 0.092520,
        0.445870 -0.626034 0.092520,
        0.442817 -0.619918 0.092520,
        0.425819 -0.653465 0.092520,
        0.426536 -0.661969 0.092520,
        0.427979 -0.662401 0.092520,
        0.431463 -0.633203 0.092520,
        0.432611 -0.633144 0.092520,
        0.433797 -0.626437 0.092520,
        0.435067 -0.633427 0.092520,
        0.437606 -0.634307 0.092520,
        0.445307 -0.649491 0.092520,
        0.423852 -0.628547 0.092520,
        0.420260 -0.631076 0.092520,
        0.424058 -0.637081 0.092520,
        0.419507 -0.631789 0.092520,
        0.422533 -0.639353 0.092520,
        0.416780 -0.635289 0.092520,
        0.421608 -0.641886 0.092520,
        0.434413 -0.660283 0.092520,
        0.434860 -0.661233 0.092520,
        0.476393 -0.640424 0.092520,
        0.477464 -0.641596 0.092520,
        0.484355 -0.639648 0.092520,
        0.478571 -0.643503 0.092520,
        0.485743 -0.643096 0.092520,
        0.479172 -0.645652 0.092520,
        0.486267 -0.646813 0.092520,
        0.479263 -0.646926 0.092520,
        0.485754 -0.650822 0.092520,
        0.478975 -0.649193 0.092520,
        0.484340 -0.654401 0.092520,
        0.478180 -0.651200 0.092520,
        0.482087 -0.657544 0.092520,
        0.476934 -0.652941 0.092520,
        0.479026 -0.660138 0.092520,
        0.475272 -0.654347 0.092520,
        0.475580 -0.661828 0.092520,
        0.473295 -0.655304 0.092520,
        0.471808 -0.662627 0.092520,
        0.471130 -0.655737 0.092520,
        0.465143 -0.662627 0.092520,
        0.466047 -0.655737 0.092520,
        0.464507 -0.662525 0.092520,
        0.468984 -0.623091 0.092520,
        0.464513 -0.628235 0.092520,
        0.472702 -0.627386 0.092520,
        0.467074 -0.631267 0.092520,
        0.468834 -0.634898 0.092520,
        0.442224 -0.656397 0.092520,
        0.442714 -0.657325 0.092520,
        0.450007 -0.658787 0.092520,
        0.442972 -0.658372 0.092520,
        0.449948 -0.659934 0.092520,
        0.442974 -0.659406 0.092520,
        0.449294 -0.662724 0.092520,
        0.442704 -0.660490 0.092520,
        0.447961 -0.665249 0.092520,
        0.442179 -0.661460 0.092520,
        0.446070 -0.667339 0.092520,
        0.441566 -0.662153 0.092520,
        0.443798 -0.668864 0.092520,
        0.440707 -0.662768 0.092520,
        0.441265 -0.669789 0.092520,
        0.439729 -0.663159 0.092520,
        0.438711 -0.670083 0.092520,
        0.438598 -0.663305 0.092520,
        0.438126 -0.670068 0.092520,
        0.438405 -0.663301 0.092520,
        0.435465 -0.669618 0.092520,
        0.437391 -0.663135 0.092520,
        0.432877 -0.668491 0.092520,
        0.436370 -0.662697 0.092520,
        0.435506 -0.662034 0.092520,
        0.465493 -0.655633 0.092520,
        0.462765 -0.661443 0.092520,
        0.463027 -0.661710 0.092520,
        0.448026 -0.617907 0.092520,
        0.449558 -0.624535 0.092520,
        0.453621 -0.617217 0.092520,
        0.453734 -0.623994 0.092520,
        0.458278 -0.617706 0.092520,
        0.457587 -0.624471 0.092520,
        0.463946 -0.619704 0.092520,
        0.461128 -0.625833 0.092520,
        0.464299 -0.628041 0.092520,
        0.465832 -0.655710 0.092520,
        0.463760 -0.662230 0.092520,
        0.414982 -0.639359 0.092520,
        0.414229 -0.643605 0.092520,
        0.421315 -0.644441 0.092520,
        0.414198 -0.644667 0.092520,
        0.421458 -0.646235 0.092520,
        0.414751 -0.649116 0.092520,
        0.422285 -0.649003 0.092520,
        0.416375 -0.653320 0.092520,
        0.423756 -0.651431 0.092520,
        0.418943 -0.656979 0.092520,
        0.422455 -0.659977 0.092520,
        0.461868 -0.659125 0.092520,
        0.461975 -0.659967 0.092520,
        0.462272 -0.660733 0.092520,
        0.464494 -0.655736 0.092520,
        0.463719 -0.656042 0.092520,
        0.461896 -0.658680 0.092520,
        0.463024 -0.656534 0.092520,
        0.462557 -0.657049 0.092520,
        0.462123 -0.657820 0.092520,
        0.465369 -0.655624 0.092520,
        0.438598 -0.654494 0.088583,
        0.439538 -0.654596 0.088583,
        0.440587 -0.654972 0.088583,
        0.441496 -0.655585 0.088583,
        0.442224 -0.656397 0.088583,
        0.442714 -0.657325 0.088583,
        0.442972 -0.658372 0.088583,
        0.442974 -0.659406 0.088583,
        0.442704 -0.660490 0.088583,
        0.442179 -0.661460 0.088583,
        0.441566 -0.662153 0.088583,
        0.440707 -0.662768 0.088583,
        0.439729 -0.663159 0.088583,
        0.438598 -0.663305 0.088583,
        0.438405 -0.663301 0.088583,
        0.437391 -0.663135 0.088583,
        0.436370 -0.662697 0.088583,
        0.435506 -0.662034 0.088583,
        0.434860 -0.661233 0.088583,
        0.434413 -0.660283 0.088583,
        0.434204 -0.659224 0.088583,
        0.434260 -0.658123 0.088583,
        0.434593 -0.657059 0.088583,
        0.435177 -0.656125 0.088583,
        0.435623 -0.655653 0.088583,
        0.436506 -0.655025 0.088583,
        0.437493 -0.654636 0.088583,
      ]
    }
    coordIndex [
      138, 139, 140, -1,
      141, 142, 143, -1,
      144, 145, 146, -1,
      146, 145, 147, -1,
      148, 149, 150, -1,
      143, 142, 151, -1,
      152, 153, 146, -1,
      146, 153, 154, -1,
      146, 154, 144, -1,
      144, 154, 155, -1,
      156, 157, 158, -1,
      158, 157, 159, -1,
      158, 159, 160, -1,
      160, 159, 161, -1,
      160, 161, 162, -1,
      162, 161, 163, -1,
      162, 163, 164, -1,
      164, 163, 140, -1,
      164, 140, 165, -1,
      165, 140, 166, -1,
      167, 168, 156, -1,
      156, 168, 169, -1,
      156, 169, 157, -1,
      170, 171, 172, -1,
      172, 171, 173, -1,
      172, 173, 174, -1,
      174, 173, 175, -1,
      174, 175, 176, -1,
      176, 175, 177, -1,
      148, 150, 178, -1,
      178, 150, 179, -1,
      178, 179, 180, -1,
      180, 179, 181, -1,
      180, 181, 182, -1,
      183, 184, 140, -1,
      140, 184, 185, -1,
      140, 185, 138, -1,
      142, 186, 151, -1,
      151, 186, 187, -1,
      151, 187, 188, -1,
      188, 187, 189, -1,
      188, 189, 148, -1,
      148, 189, 190, -1,
      148, 190, 149, -1,
      155, 154, 156, -1,
      156, 154, 191, -1,
      156, 191, 167, -1,
      143, 192, 141, -1,
      141, 192, 193, -1,
      141, 193, 194, -1,
      194, 193, 195, -1,
      194, 195, 196, -1,
      196, 195, 197, -1,
      196, 197, 198, -1,
      166, 140, 199, -1,
      199, 140, 139, -1,
      199, 139, 200, -1,
      175, 201, 177, -1,
      177, 201, 202, -1,
      177, 202, 203, -1,
      203, 202, 204, -1,
      203, 204, 205, -1,
      205, 204, 206, -1,
      205, 206, 207, -1,
      207, 206, 208, -1,
      207, 208, 209, -1,
      209, 208, 210, -1,
      209, 210, 211, -1,
      211, 210, 212, -1,
      211, 212, 213, -1,
      213, 212, 214, -1,
      213, 214, 215, -1,
      215, 214, 216, -1,
      215, 216, 217, -1,
      217, 216, 218, -1,
      217, 218, 219, -1,
      219, 218, 220, -1,
      219, 220, 221, -1,
      221, 220, 222, -1,
      221, 222, 223, -1,
      224, 225, 226, -1,
      226, 225, 227, -1,
      226, 227, 172, -1,
      172, 227, 228, -1,
      172, 228, 170, -1,
      147, 229, 146, -1,
      146, 229, 230, -1,
      146, 230, 231, -1,
      231, 230, 232, -1,
      231, 232, 233, -1,
      233, 232, 234, -1,
      233, 234, 235, -1,
      235, 234, 236, -1,
      235, 236, 237, -1,
      237, 236, 238, -1,
      237, 238, 239, -1,
      239, 238, 240, -1,
      239, 240, 241, -1,
      241, 240, 242, -1,
      241, 242, 243, -1,
      243, 242, 244, -1,
      243, 244, 245, -1,
      245, 244, 246, -1,
      245, 246, 247, -1,
      247, 246, 248, -1,
      247, 248, 249, -1,
      249, 248, 250, -1,
      249, 250, 251, -1,
      251, 250, 252, -1,
      251, 252, 139, -1,
      139, 252, 253, -1,
      139, 253, 200, -1,
      254, 255, 256, -1,
      182, 181, 257, -1,
      257, 181, 258, -1,
      257, 258, 259, -1,
      259, 258, 260, -1,
      259, 260, 261, -1,
      261, 260, 262, -1,
      261, 262, 263, -1,
      263, 262, 264, -1,
      263, 264, 224, -1,
      224, 264, 265, -1,
      224, 265, 225, -1,
      222, 266, 223, -1,
      223, 266, 254, -1,
      223, 254, 267, -1,
      267, 254, 256, -1,
      197, 268, 198, -1,
      198, 268, 269, -1,
      198, 269, 270, -1,
      270, 269, 271, -1,
      270, 271, 272, -1,
      272, 271, 273, -1,
      272, 273, 274, -1,
      274, 273, 275, -1,
      274, 275, 276, -1,
      276, 275, 277, -1,
      276, 277, 183, -1,
      183, 277, 278, -1,
      183, 278, 184, -1,
      279, 280, 254, -1,
      254, 280, 281, -1,
      254, 281, 255, -1,
      282, 283, 284, -1,
      283, 285, 284, -1,
      284, 285, 286, -1,
      284, 286, 287, -1,
      279, 254, 284, -1,
      284, 254, 288, -1,
      284, 288, 282, -1,
      207, 73, 72, -1,
      207, 72, 205, -1,
      205, 72, 71, -1,
      205, 71, 203, -1,
      71, 136, 203, -1,
      203, 136, 137, -1,
      203, 137, 177, -1,
      137, 9, 177, -1,
      177, 9, 8, -1,
      177, 8, 176, -1,
      176, 8, 14, -1,
      176, 14, 174, -1,
      174, 14, 13, -1,
      174, 13, 172, -1,
      172, 13, 12, -1,
      172, 12, 226, -1,
      226, 12, 11, -1,
      226, 11, 224, -1,
      224, 11, 263, -1,
      263, 11, 10, -1,
      10, 3, 263, -1,
      263, 3, 4, -1,
      263, 4, 261, -1,
      261, 4, 5, -1,
      261, 5, 259, -1,
      21, 180, 20, -1,
      20, 180, 182, -1,
      20, 182, 7, -1,
      7, 182, 257, -1,
      7, 257, 6, -1,
      6, 257, 259, -1,
      6, 259, 5, -1,
      180, 21, 22, -1,
      180, 22, 178, -1,
      178, 22, 24, -1,
      178, 24, 148, -1,
      148, 24, 23, -1,
      148, 23, 188, -1,
      188, 23, 16, -1,
      188, 16, 151, -1,
      151, 16, 15, -1,
      151, 15, 143, -1,
      143, 15, 26, -1,
      143, 26, 192, -1,
      192, 26, 25, -1,
      192, 25, 193, -1,
      193, 25, 19, -1,
      193, 19, 195, -1,
      33, 271, 269, -1,
      195, 19, 18, -1,
      195, 18, 197, -1,
      197, 18, 17, -1,
      197, 17, 268, -1,
      17, 36, 268, -1,
      268, 36, 35, -1,
      268, 35, 269, -1,
      269, 35, 34, -1,
      269, 34, 33, -1,
      271, 33, 32, -1,
      271, 32, 273, -1,
      273, 32, 31, -1,
      273, 31, 275, -1,
      275, 31, 30, -1,
      275, 30, 277, -1,
      277, 30, 29, -1,
      277, 29, 278, -1,
      278, 29, 28, -1,
      278, 28, 184, -1,
      184, 28, 27, -1,
      184, 27, 185, -1,
      185, 27, 41, -1,
      185, 41, 138, -1,
      41, 40, 138, -1,
      138, 40, 39, -1,
      138, 39, 139, -1,
      139, 39, 38, -1,
      139, 38, 251, -1,
      251, 38, 37, -1,
      251, 37, 249, -1,
      37, 0, 249, -1,
      249, 0, 1, -1,
      249, 1, 247, -1,
      247, 1, 2, -1,
      247, 2, 245, -1,
      94, 231, 233, -1,
      245, 2, 48, -1,
      245, 48, 243, -1,
      243, 48, 47, -1,
      243, 47, 241, -1,
      47, 46, 241, -1,
      241, 46, 45, -1,
      241, 45, 239, -1,
      239, 45, 44, -1,
      239, 44, 237, -1,
      237, 44, 43, -1,
      237, 43, 235, -1,
      235, 43, 42, -1,
      235, 42, 233, -1,
      233, 42, 93, -1,
      233, 93, 94, -1,
      146, 231, 81, -1,
      81, 231, 94, -1,
      152, 146, 51, -1,
      51, 146, 81, -1,
      153, 152, 60, -1,
      60, 152, 51, -1,
      154, 153, 59, -1,
      59, 153, 60, -1,
      154, 59, 61, -1,
      154, 61, 191, -1,
      191, 61, 62, -1,
      191, 62, 167, -1,
      167, 62, 104, -1,
      167, 104, 168, -1,
      168, 104, 103, -1,
      168, 103, 169, -1,
      169, 103, 102, -1,
      169, 102, 157, -1,
      157, 102, 75, -1,
      157, 75, 159, -1,
      159, 75, 76, -1,
      159, 76, 161, -1,
      161, 76, 56, -1,
      161, 56, 163, -1,
      163, 56, 58, -1,
      163, 58, 140, -1,
      140, 58, 57, -1,
      140, 57, 183, -1,
      183, 57, 55, -1,
      183, 55, 276, -1,
      276, 55, 54, -1,
      276, 54, 274, -1,
      274, 54, 78, -1,
      274, 78, 272, -1,
      272, 78, 77, -1,
      272, 77, 270, -1,
      77, 66, 270, -1,
      270, 66, 198, -1,
      66, 108, 198, -1,
      198, 108, 107, -1,
      198, 107, 196, -1,
      196, 107, 121, -1,
      196, 121, 194, -1,
      121, 135, 194, -1,
      194, 135, 134, -1,
      194, 134, 141, -1,
      141, 134, 133, -1,
      141, 133, 142, -1,
      142, 133, 127, -1,
      142, 127, 186, -1,
      186, 127, 126, -1,
      186, 126, 187, -1,
      187, 126, 125, -1,
      187, 125, 189, -1,
      189, 125, 122, -1,
      189, 122, 190, -1,
      190, 122, 117, -1,
      190, 117, 149, -1,
      149, 117, 120, -1,
      149, 120, 150, -1,
      150, 120, 128, -1,
      150, 128, 179, -1,
      179, 128, 130, -1,
      179, 130, 181, -1,
      181, 130, 132, -1,
      181, 132, 258, -1,
      258, 132, 131, -1,
      258, 131, 260, -1,
      109, 170, 123, -1,
      123, 170, 228, -1,
      123, 228, 124, -1,
      124, 228, 227, -1,
      124, 227, 115, -1,
      115, 227, 225, -1,
      115, 225, 116, -1,
      116, 225, 265, -1,
      116, 265, 118, -1,
      118, 265, 264, -1,
      118, 264, 119, -1,
      119, 264, 262, -1,
      119, 262, 129, -1,
      129, 262, 260, -1,
      129, 260, 131, -1,
      171, 170, 110, -1,
      110, 170, 109, -1,
      171, 110, 114, -1,
      171, 114, 173, -1,
      173, 114, 113, -1,
      173, 113, 175, -1,
      175, 113, 112, -1,
      175, 112, 201, -1,
      201, 112, 111, -1,
      201, 111, 202, -1,
      202, 111, 65, -1,
      202, 65, 204, -1,
      65, 64, 204, -1,
      204, 64, 63, -1,
      204, 63, 206, -1,
      206, 63, 98, -1,
      206, 98, 208, -1,
      208, 98, 97, -1,
      208, 97, 210, -1,
      210, 97, 96, -1,
      210, 96, 212, -1,
      212, 96, 95, -1,
      212, 95, 214, -1,
      214, 95, 106, -1,
      214, 106, 216, -1,
      216, 106, 105, -1,
      216, 105, 218, -1,
      218, 105, 86, -1,
      218, 86, 220, -1,
      222, 220, 85, -1,
      85, 220, 86, -1,
      222, 85, 84, -1,
      222, 84, 266, -1,
      266, 84, 69, -1,
      266, 69, 254, -1,
      254, 69, 68, -1,
      254, 68, 288, -1,
      288, 68, 67, -1,
      288, 67, 282, -1,
      282, 67, 50, -1,
      282, 50, 283, -1,
      283, 50, 49, -1,
      283, 49, 285, -1,
      285, 49, 83, -1,
      285, 83, 286, -1,
      286, 83, 82, -1,
      286, 82, 287, -1,
      287, 82, 80, -1,
      287, 80, 284, -1,
      284, 80, 79, -1,
      284, 79, 279, -1,
      279, 79, 92, -1,
      279, 92, 280, -1,
      280, 92, 91, -1,
      280, 91, 281, -1,
      281, 91, 90, -1,
      281, 90, 255, -1,
      255, 90, 89, -1,
      255, 89, 256, -1,
      256, 89, 88, -1,
      256, 88, 267, -1,
      267, 88, 87, -1,
      267, 87, 223, -1,
      223, 87, 101, -1,
      223, 101, 221, -1,
      219, 221, 100, -1,
      100, 221, 101, -1,
      219, 100, 99, -1,
      219, 99, 217, -1,
      217, 99, 53, -1,
      217, 53, 215, -1,
      215, 53, 52, -1,
      215, 52, 213, -1,
      213, 52, 70, -1,
      213, 70, 211, -1,
      211, 70, 74, -1,
      211, 74, 209, -1,
      209, 74, 73, -1,
      209, 73, 207, -1,
      155, 289, 290, -1,
      155, 290, 144, -1,
      144, 290, 291, -1,
      144, 291, 145, -1,
      145, 291, 292, -1,
      145, 292, 147, -1,
      147, 292, 293, -1,
      147, 293, 229, -1,
      229, 293, 294, -1,
      229, 294, 230, -1,
      230, 294, 295, -1,
      230, 295, 232, -1,
      232, 295, 296, -1,
      232, 296, 234, -1,
      234, 296, 297, -1,
      234, 297, 236, -1,
      236, 297, 298, -1,
      236, 298, 238, -1,
      238, 298, 299, -1,
      238, 299, 240, -1,
      240, 299, 300, -1,
      240, 300, 242, -1,
      242, 300, 301, -1,
      242, 301, 244, -1,
      244, 301, 302, -1,
      244, 302, 246, -1,
      246, 302, 303, -1,
      246, 303, 248, -1,
      248, 303, 304, -1,
      248, 304, 250, -1,
      250, 304, 305, -1,
      250, 305, 252, -1,
      252, 305, 306, -1,
      252, 306, 253, -1,
      253, 306, 307, -1,
      253, 307, 200, -1,
      200, 307, 308, -1,
      200, 308, 199, -1,
      199, 308, 309, -1,
      199, 309, 166, -1,
      166, 309, 310, -1,
      166, 310, 165, -1,
      165, 310, 311, -1,
      165, 311, 164, -1,
      164, 311, 312, -1,
      164, 312, 162, -1,
      162, 312, 313, -1,
      162, 313, 160, -1,
      160, 313, 314, -1,
      160, 314, 158, -1,
      158, 314, 315, -1,
      158, 315, 156, -1,
      156, 315, 289, -1,
      156, 289, 155, -1,
    ]
  }
}

Shape {
  appearance Appearance {
    material Material {
      diffuseColor 0.2078 0.2078 0.2078
      specularColor 0.0157 0.0157 0.0157
      ambientIntensity 0.2
      transparency 0.0000
      shininess 0.5
    }
  }
  geometry IndexedFaceSet {
    ccw TRUE
    solid FALSE
    coord DEF co Coordinate {
      point [
        0.438598 -0.654494 0.088583,
        0.439538 -0.654596 0.088583,
        0.440587 -0.654972 0.088583,
        0.441496 -0.655585 0.088583,
        0.442224 -0.656397 0.088583,
        0.442714 -0.657325 0.088583,
        0.442972 -0.658372 0.088583,
        0.442974 -0.659406 0.088583,
        0.442704 -0.660490 0.088583,
        0.442179 -0.661460 0.088583,
        0.441566 -0.662153 0.088583,
        0.440707 -0.662768 0.088583,
        0.439729 -0.663159 0.088583,
        0.438598 -0.663305 0.088583,
        0.438405 -0.663301 0.088583,
        0.437391 -0.663135 0.088583,
        0.436370 -0.662697 0.088583,
        0.435506 -0.662034 0.088583,
        0.434860 -0.661233 0.088583,
        0.434413 -0.660283 0.088583,
        0.434204 -0.659224 0.088583,
        0.434260 -0.658123 0.088583,
        0.434593 -0.657059 0.088583,
        0.435177 -0.656125 0.088583,
        0.435623 -0.655653 0.088583,
        0.436506 -0.655025 0.088583,
        0.437493 -0.654636 0.088583,
      ]
    }
    coordIndex [
      14, 24, 23, -1,
      12, 11, 1, -1,
      0, 26, 14, -1,
      14, 26, 25, -1,
      14, 25, 24, -1,
      19, 18, 23, -1,
      23, 18, 17, -1,
      0, 14, 1, -1,
      1, 14, 13, -1,
      1, 13, 12, -1,
      22, 21, 23, -1,
      23, 21, 20, -1,
      23, 20, 19, -1,
      17, 16, 23, -1,
      23, 16, 15, -1,
      23, 15, 14, -1,
      11, 10, 1, -1,
      1, 10, 9, -1,
      1, 9, 8, -1,
      8, 7, 1, -1,
      1, 7, 6, -1,
      1, 6, 5, -1,
      5, 4, 1, -1,
      1, 4, 3, -1,
      1, 3, 2, -1,
    ]
  }
}

Shape {
  appearance Appearance {
    material Material {
      diffuseColor 1.0000 1.0000 1.0000
      specularColor 0.5020 0.5020 0.5020
      ambientIntensity 0.2
      transparency 0.0000
      shininess 0.5
    }
  }
  geometry IndexedFaceSet {
    ccw TRUE
    solid FALSE
    coord DEF co Coordinate {
      point [
        0.547398 -0.632191 0.088583,
        0.546594 -0.633821 0.088583,
        0.542207 -0.621855 0.088583,
        0.543894 -0.622495 0.088583,
        0.545468 -0.623583 0.088583,
        0.546123 -0.624237 0.088583,
        0.547082 -0.625652 0.088583,
        0.542207 -0.636950 0.088583,
        0.543741 -0.636368 0.088583,
        0.545468 -0.635142 0.088583,
        0.545279 -0.635313 0.088583,
        0.547641 -0.627198 0.088583,
        0.547864 -0.629220 0.088583,
        0.547805 -0.630348 0.088583,
        0.539461 -0.621480 0.088583,
        0.541991 -0.621773 0.088583,
        0.541913 -0.637061 0.088583,
        0.539299 -0.637368 0.088583,
        0.534929 -0.637368 0.088583,
        0.534929 -0.621480 0.088583,
        0.544500 -0.625345 0.092520,
        0.546123 -0.624237 0.092520,
        0.543965 -0.624802 0.092520,
        0.545468 -0.623583 0.092520,
        0.542744 -0.624001 0.092520,
        0.543894 -0.622495 0.092520,
        0.541353 -0.623516 0.092520,
        0.541991 -0.621773 0.092520,
        0.539380 -0.623307 0.092520,
        0.539461 -0.621480 0.092520,
        0.536980 -0.623307 0.092520,
        0.534929 -0.621480 0.092520,
        0.536980 -0.635556 0.092520,
        0.534929 -0.637368 0.092520,
        0.539287 -0.635556 0.092520,
        0.539299 -0.637368 0.092520,
        0.541293 -0.635342 0.092520,
        0.541913 -0.637061 0.092520,
        0.542655 -0.634859 0.092520,
        0.543741 -0.636368 0.092520,
        0.543709 -0.634172 0.092520,
        0.545279 -0.635313 0.092520,
        0.544010 -0.633899 0.092520,
        0.545468 -0.635142 0.092520,
        0.544840 -0.632854 0.092520,
        0.546594 -0.633821 0.092520,
        0.545373 -0.631660 0.092520,
        0.547398 -0.632191 0.092520,
        0.545666 -0.630181 0.092520,
        0.547805 -0.630348 0.092520,
        0.545708 -0.629278 0.092520,
        0.547864 -0.629220 0.092520,
        0.545518 -0.627473 0.092520,
        0.547641 -0.627198 0.092520,
        0.545093 -0.626263 0.092520,
        0.547082 -0.625652 0.092520,
        0.543965 -0.624802 0.088583,
        0.544500 -0.625345 0.088583,
        0.545093 -0.626263 0.088583,
        0.545518 -0.627473 0.088583,
        0.545708 -0.629278 0.088583,
        0.539380 -0.623307 0.088583,
        0.541353 -0.623516 0.088583,
        0.542744 -0.624001 0.088583,
        0.536980 -0.623307 0.088583,
        0.536980 -0.635556 0.088583,
        0.539287 -0.635556 0.088583,
        0.544010 -0.633899 0.088583,
        0.543709 -0.634172 0.088583,
        0.542655 -0.634859 0.088583,
        0.541293 -0.635342 0.088583,
        0.545666 -0.630181 0.088583,
        0.545373 -0.631660 0.088583,
        0.544840 -0.632854 0.088583,
      ]
    }
    coordIndex [
      20, 21, 22, -1,
      22, 21, 23, -1,
      22, 23, 24, -1,
      24, 23, 25, -1,
      24, 25, 26, -1,
      26, 25, 27, -1,
      26, 27, 28, -1,
      28, 27, 29, -1,
      28, 29, 30, -1,
      30, 29, 31, -1,
      30, 31, 32, -1,
      32, 31, 33, -1,
      32, 33, 34, -1,
      34, 33, 35, -1,
      34, 35, 36, -1,
      36, 35, 37, -1,
      36, 37, 38, -1,
      38, 37, 39, -1,
      38, 39, 40, -1,
      40, 39, 41, -1,
      40, 41, 42, -1,
      42, 41, 43, -1,
      42, 43, 44, -1,
      44, 43, 45, -1,
      44, 45, 46, -1,
      46, 45, 47, -1,
      46, 47, 48, -1,
      48, 47, 49, -1,
      48, 49, 50, -1,
      50, 49, 51, -1,
      50, 51, 52, -1,
      52, 51, 53, -1,
      52, 53, 54, -1,
      54, 53, 55, -1,
      54, 55, 20, -1,
      20, 55, 21, -1,
      43, 9, 1, -1,
      43, 1, 45, -1,
      45, 1, 0, -1,
      45, 0, 47, -1,
      47, 0, 13, -1,
      47, 13, 49, -1,
      49, 13, 12, -1,
      49, 12, 51, -1,
      51, 12, 11, -1,
      51, 11, 53, -1,
      53, 11, 6, -1,
      53, 6, 55, -1,
      55, 6, 5, -1,
      55, 5, 21, -1,
      21, 5, 4, -1,
      21, 4, 23, -1,
      14, 29, 27, -1,
      23, 4, 3, -1,
      23, 3, 25, -1,
      25, 3, 2, -1,
      25, 2, 27, -1,
      27, 2, 15, -1,
      27, 15, 14, -1,
      31, 29, 19, -1,
      19, 29, 14, -1,
      33, 31, 18, -1,
      18, 31, 19, -1,
      35, 33, 17, -1,
      17, 33, 18, -1,
      35, 17, 16, -1,
      35, 16, 37, -1,
      37, 16, 7, -1,
      37, 7, 39, -1,
      7, 8, 39, -1,
      39, 8, 10, -1,
      39, 10, 41, -1,
      41, 10, 9, -1,
      41, 9, 43, -1,
      22, 56, 57, -1,
      22, 57, 20, -1,
      20, 57, 58, -1,
      20, 58, 54, -1,
      54, 58, 59, -1,
      54, 59, 52, -1,
      52, 59, 60, -1,
      52, 60, 50, -1,
      28, 61, 62, -1,
      28, 62, 26, -1,
      26, 62, 63, -1,
      26, 63, 24, -1,
      24, 63, 56, -1,
      24, 56, 22, -1,
      28, 30, 61, -1,
      61, 30, 64, -1,
      30, 32, 64, -1,
      64, 32, 65, -1,
      32, 34, 65, -1,
      65, 34, 66, -1,
      42, 67, 68, -1,
      42, 68, 40, -1,
      40, 68, 69, -1,
      40, 69, 38, -1,
      38, 69, 70, -1,
      38, 70, 36, -1,
      36, 70, 66, -1,
      36, 66, 34, -1,
      50, 60, 71, -1,
      50, 71, 48, -1,
      48, 71, 72, -1,
      48, 72, 46, -1,
      46, 72, 73, -1,
      46, 73, 44, -1,
      44, 73, 67, -1,
      44, 67, 42, -1,
    ]
  }
}

Shape {
  appearance Appearance {
    material Material {
      diffuseColor 0.2078 0.2078 0.2078
      specularColor 0.0157 0.0157 0.0157
      ambientIntensity 0.2
      transparency 0.0000
      shininess 0.5
    }
  }
  geometry IndexedFaceSet {
    ccw TRUE
    solid FALSE
    coord DEF co Coordinate {
      point [
        0.543965 -0.624802 0.088583,
        0.544500 -0.625345 0.088583,
        0.545093 -0.626263 0.088583,
        0.545518 -0.627473 0.088583,
        0.545708 -0.629278 0.088583,
        0.539380 -0.623307 0.088583,
        0.541353 -0.623516 0.088583,
        0.542744 -0.624001 0.088583,
        0.536980 -0.623307 0.088583,
        0.536980 -0.635556 0.088583,
        0.539287 -0.635556 0.088583,
        0.544010 -0.633899 0.088583,
        0.543709 -0.634172 0.088583,
        0.542655 -0.634859 0.088583,
        0.541293 -0.635342 0.088583,
        0.545666 -0.630181 0.088583,
        0.545373 -0.631660 0.088583,
        0.544840 -0.632854 0.088583,
      ]
    }
    coordIndex [
      8, 9, 5, -1,
      5, 9, 10, -1,
      5, 10, 14, -1,
      14, 13, 5, -1,
      5, 13, 12, -1,
      5, 12, 11, -1,
      11, 17, 5, -1,
      5, 17, 16, -1,
      5, 16, 15, -1,
      15, 4, 5, -1,
      5, 4, 3, -1,
      5, 3, 2, -1,
      2, 1, 5, -1,
      5, 1, 0, -1,
      5, 0, 6, -1,
      6, 0, 7, -1,
    ]
  }
}

Shape {
  appearance Appearance {
    material Material {
      diffuseColor 1.0000 1.0000 1.0000
      specularColor 0.5020 0.5020 0.5020
      ambientIntensity 0.2
      transparency 0.0000
      shininess 0.5
    }
  }
  geometry IndexedFaceSet {
    ccw TRUE
    solid FALSE
    coord DEF co Coordinate {
      point [
        0.518639 -0.621397 0.088583,
        0.520203 -0.621861 0.088583,
        0.520203 -0.624006 0.088583,
        0.520203 -0.634744 0.088583,
        0.520203 -0.636710 0.088583,
        0.518561 -0.637327 0.088583,
        0.517001 -0.637502 0.088583,
        0.516767 -0.635786 0.088583,
        0.518576 -0.635465 0.088583,
        0.510461 -0.629751 0.088583,
        0.510459 -0.629602 0.088583,
        0.511922 -0.625059 0.088583,
        0.511181 -0.626189 0.088583,
        0.510676 -0.627604 0.088583,
        0.518328 -0.623276 0.088583,
        0.516458 -0.623064 0.088583,
        0.515755 -0.623096 0.088583,
        0.514385 -0.623379 0.088583,
        0.510711 -0.631701 0.088583,
        0.511211 -0.632996 0.088583,
        0.512019 -0.634135 0.088583,
        0.513469 -0.635229 0.088583,
        0.514621 -0.635645 0.088583,
        0.516101 -0.635808 0.088583,
        0.519949 -0.623871 0.088583,
        0.513144 -0.623976 0.088583,
        0.512129 -0.624826 0.088583,
        0.512409 -0.634513 0.088583,
        0.516438 -0.621212 0.088583,
        0.516584 -0.621213 0.088583,
        0.518069 -0.621346 0.088583,
        0.515238 -0.621346 0.088583,
        0.514306 -0.621450 0.088583,
        0.512620 -0.622063 0.088583,
        0.509499 -0.624973 0.088583,
        0.510602 -0.623551 0.088583,
        0.511058 -0.623120 0.088583,
        0.509018 -0.633331 0.088583,
        0.508613 -0.632283 0.088583,
        0.508307 -0.629724 0.088583,
        0.508344 -0.628776 0.088583,
        0.508724 -0.626724 0.088583,
        0.509018 -0.626061 0.088583,
        0.511549 -0.636480 0.088583,
        0.510346 -0.635467 0.088583,
        0.510200 -0.635307 0.088583,
        0.509256 -0.633947 0.088583,
        0.515804 -0.637636 0.088583,
        0.514740 -0.637580 0.088583,
        0.514385 -0.637502 0.088583,
        0.513036 -0.637207 0.088583,
        0.568642 -0.662572 0.088583,
        0.576886 -0.646684 0.088583,
        0.580671 -0.662572 0.088583,
        0.579051 -0.658226 0.088583,
        0.572435 -0.658226 0.088583,
        0.574693 -0.646684 0.088583,
        0.570908 -0.662572 0.088583,
        0.582938 -0.662572 0.088583,
        0.516101 -0.635808 0.092520,
        0.514621 -0.635645 0.092520,
        0.513469 -0.635229 0.092520,
        0.512409 -0.634513 0.092520,
        0.512019 -0.634135 0.092520,
        0.511211 -0.632996 0.092520,
        0.510711 -0.631701 0.092520,
        0.510461 -0.629751 0.092520,
        0.510459 -0.629602 0.092520,
        0.510676 -0.627604 0.092520,
        0.511181 -0.626189 0.092520,
        0.511922 -0.625059 0.092520,
        0.512129 -0.624826 0.092520,
        0.513144 -0.623976 0.092520,
        0.514385 -0.623379 0.092520,
        0.515755 -0.623096 0.092520,
        0.516458 -0.623064 0.092520,
        0.518328 -0.623276 0.092520,
        0.519949 -0.623871 0.092520,
        0.520203 -0.624006 0.092520,
        0.520203 -0.621861 0.092520,
        0.516438 -0.621212 0.092520,
        0.516584 -0.621213 0.092520,
        0.518639 -0.621397 0.092520,
        0.514306 -0.621450 0.092520,
        0.512620 -0.622063 0.092520,
        0.511058 -0.623120 0.092520,
        0.510602 -0.623551 0.092520,
        0.509499 -0.624973 0.092520,
        0.508724 -0.626724 0.092520,
        0.508344 -0.628776 0.092520,
        0.508307 -0.629724 0.092520,
        0.508613 -0.632283 0.092520,
        0.509256 -0.633947 0.092520,
        0.510200 -0.635307 0.092520,
        0.510346 -0.635467 0.092520,
        0.515804 -0.637636 0.092520,
        0.514740 -0.637580 0.092520,
        0.511549 -0.636480 0.092520,
        0.513036 -0.637207 0.092520,
        0.520203 -0.636710 0.092520,
        0.518561 -0.637327 0.092520,
        0.520203 -0.634744 0.092520,
        0.518576 -0.635465 0.092520,
        0.516767 -0.635786 0.092520,
        0.573085 -0.656431 0.092520,
        0.572435 -0.658226 0.092520,
        0.578417 -0.656431 0.092520,
        0.579051 -0.658226 0.092520,
        0.575461 -0.649828 0.092520,
        0.574693 -0.646684 0.092520,
        0.568642 -0.662572 0.092520,
        0.570908 -0.662572 0.092520,
        0.575598 -0.649354 0.092520,
        0.575721 -0.648715 0.092520,
        0.576886 -0.646684 0.092520,
        0.575769 -0.648715 0.092520,
        0.575898 -0.649387 0.092520,
        0.576017 -0.649828 0.092520,
        0.582938 -0.662572 0.092520,
        0.580671 -0.662572 0.092520,
        0.575461 -0.649828 0.088583,
        0.575598 -0.649354 0.088583,
        0.575721 -0.648715 0.088583,
        0.573085 -0.656431 0.088583,
        0.578417 -0.656431 0.088583,
        0.576017 -0.649828 0.088583,
        0.575769 -0.648715 0.088583,
        0.575898 -0.649387 0.088583,
      ]
    }
    coordIndex [
      59, 23, 22, -1,
      59, 22, 60, -1,
      60, 22, 21, -1,
      60, 21, 61, -1,
      61, 21, 27, -1,
      61, 27, 62, -1,
      62, 27, 20, -1,
      62, 20, 63, -1,
      63, 20, 19, -1,
      63, 19, 64, -1,
      64, 19, 18, -1,
      64, 18, 65, -1,
      65, 18, 9, -1,
      65, 9, 66, -1,
      66, 9, 10, -1,
      66, 10, 67, -1,
      67, 10, 13, -1,
      67, 13, 68, -1,
      68, 13, 12, -1,
      68, 12, 69, -1,
      69, 12, 11, -1,
      69, 11, 70, -1,
      70, 11, 26, -1,
      70, 26, 71, -1,
      71, 26, 25, -1,
      71, 25, 72, -1,
      72, 25, 17, -1,
      72, 17, 73, -1,
      73, 17, 16, -1,
      73, 16, 74, -1,
      74, 16, 15, -1,
      74, 15, 75, -1,
      75, 15, 14, -1,
      75, 14, 76, -1,
      76, 14, 24, -1,
      76, 24, 77, -1,
      77, 24, 2, -1,
      77, 2, 78, -1,
      79, 78, 1, -1,
      1, 78, 2, -1,
      28, 80, 81, -1,
      79, 1, 0, -1,
      79, 0, 82, -1,
      82, 0, 30, -1,
      82, 30, 81, -1,
      81, 30, 29, -1,
      81, 29, 28, -1,
      28, 31, 80, -1,
      80, 31, 83, -1,
      31, 32, 83, -1,
      83, 32, 33, -1,
      83, 33, 84, -1,
      84, 33, 36, -1,
      84, 36, 85, -1,
      85, 36, 35, -1,
      85, 35, 86, -1,
      86, 35, 34, -1,
      86, 34, 87, -1,
      87, 34, 42, -1,
      87, 42, 88, -1,
      42, 41, 88, -1,
      88, 41, 40, -1,
      88, 40, 89, -1,
      89, 40, 39, -1,
      89, 39, 90, -1,
      90, 39, 38, -1,
      90, 38, 91, -1,
      91, 38, 37, -1,
      91, 37, 92, -1,
      37, 46, 92, -1,
      92, 46, 45, -1,
      92, 45, 93, -1,
      93, 45, 44, -1,
      93, 44, 94, -1,
      47, 95, 96, -1,
      94, 44, 43, -1,
      94, 43, 97, -1,
      97, 43, 50, -1,
      97, 50, 98, -1,
      98, 50, 49, -1,
      98, 49, 96, -1,
      96, 49, 48, -1,
      96, 48, 47, -1,
      4, 99, 100, -1,
      95, 47, 6, -1,
      95, 6, 100, -1,
      100, 6, 5, -1,
      100, 5, 4, -1,
      101, 99, 3, -1,
      3, 99, 4, -1,
      101, 3, 8, -1,
      101, 8, 102, -1,
      102, 8, 7, -1,
      102, 7, 103, -1,
      103, 7, 23, -1,
      103, 23, 59, -1,
      77, 78, 79, -1,
      64, 65, 91, -1,
      68, 69, 87, -1,
      91, 65, 90, -1,
      87, 69, 86, -1,
      77, 79, 76, -1,
      76, 79, 82, -1,
      76, 82, 75, -1,
      75, 82, 81, -1,
      75, 81, 74, -1,
      74, 81, 80, -1,
      74, 80, 73, -1,
      73, 80, 83, -1,
      73, 83, 72, -1,
      99, 101, 100, -1,
      100, 101, 102, -1,
      100, 102, 95, -1,
      83, 84, 72, -1,
      72, 84, 85, -1,
      72, 85, 71, -1,
      71, 85, 86, -1,
      71, 86, 70, -1,
      70, 86, 69, -1,
      91, 92, 64, -1,
      64, 92, 93, -1,
      64, 93, 63, -1,
      63, 93, 94, -1,
      63, 94, 62, -1,
      62, 94, 97, -1,
      62, 97, 61, -1,
      61, 97, 98, -1,
      61, 98, 60, -1,
      60, 98, 96, -1,
      60, 96, 59, -1,
      59, 96, 95, -1,
      59, 95, 103, -1,
      103, 95, 102, -1,
      65, 66, 90, -1,
      90, 66, 67, -1,
      90, 67, 89, -1,
      89, 67, 68, -1,
      89, 68, 88, -1,
      88, 68, 87, -1,
      104, 105, 106, -1,
      106, 105, 107, -1,
      108, 109, 104, -1,
      104, 109, 110, -1,
      104, 110, 105, -1,
      105, 110, 111, -1,
      108, 112, 109, -1,
      109, 112, 113, -1,
      109, 113, 114, -1,
      114, 113, 115, -1,
      114, 115, 116, -1,
      116, 117, 114, -1,
      114, 117, 106, -1,
      114, 106, 118, -1,
      118, 106, 107, -1,
      118, 107, 119, -1,
      109, 114, 56, -1,
      56, 114, 52, -1,
      110, 109, 51, -1,
      51, 109, 56, -1,
      111, 110, 57, -1,
      57, 110, 51, -1,
      105, 111, 55, -1,
      55, 111, 57, -1,
      107, 105, 54, -1,
      54, 105, 55, -1,
      119, 107, 53, -1,
      53, 107, 54, -1,
      118, 119, 58, -1,
      58, 119, 53, -1,
      114, 118, 52, -1,
      52, 118, 58, -1,
      108, 120, 121, -1,
      108, 121, 112, -1,
      112, 121, 122, -1,
      112, 122, 113, -1,
      108, 104, 120, -1,
      120, 104, 123, -1,
      104, 106, 123, -1,
      123, 106, 124, -1,
      106, 117, 124, -1,
      124, 117, 125, -1,
      115, 126, 127, -1,
      115, 127, 116, -1,
      116, 127, 125, -1,
      116, 125, 117, -1,
      115, 113, 126, -1,
      126, 113, 122, -1,
    ]
  }
}

Shape {
  appearance Appearance {
    material Material {
      diffuseColor 0.2078 0.2078 0.2078
      specularColor 0.0157 0.0157 0.0157
      ambientIntensity 0.2
      transparency 0.0000
      shininess 0.5
    }
  }
  geometry IndexedFaceSet {
    ccw TRUE
    solid FALSE
    coord DEF co Coordinate {
      point [
        0.575461 -0.649828 0.088583,
        0.575598 -0.649354 0.088583,
        0.575721 -0.648715 0.088583,
        0.573085 -0.656431 0.088583,
        0.578417 -0.656431 0.088583,
        0.576017 -0.649828 0.088583,
        0.575769 -0.648715 0.088583,
        0.575898 -0.649387 0.088583,
      ]
    }
    coordIndex [
      6, 2, 7, -1,
      7, 2, 1, -1,
      7, 1, 5, -1,
      5, 1, 0, -1,
      5, 0, 4, -1,
      4, 0, 3, -1,
    ]
  }
}

Shape {
  appearance Appearance {
    material Material {
      diffuseColor 1.0000 1.0000 1.0000
      specularColor 0.5020 0.5020 0.5020
      ambientIntensity 0.2
      transparency 0.0000
      shininess 0.5
    }
  }
  geometry IndexedFaceSet {
    ccw TRUE
    solid FALSE
    coord DEF co Coordinate {
      point [
        0.552539 -0.633022 0.088583,
        0.551012 -0.637368 0.088583,
        0.548746 -0.637368 0.088583,
        0.553325 -0.625345 0.088583,
        0.563041 -0.637368 0.088583,
        0.560775 -0.637368 0.088583,
        0.553325 -0.633022 0.088583,
        0.559155 -0.633022 0.088583,
        0.556990 -0.621480 0.088583,
        0.554797 -0.621480 0.088583,
        0.548305 -0.655416 0.088583,
        0.545330 -0.655416 0.088583,
        0.548305 -0.660761 0.088583,
        0.545330 -0.660761 0.088583,
        0.551463 -0.646684 0.088583,
        0.551463 -0.648512 0.088583,
        0.551824 -0.660761 0.088583,
        0.551824 -0.662572 0.088583,
        0.551012 -0.655416 0.088583,
        0.551012 -0.653596 0.088583,
        0.548305 -0.653596 0.088583,
        0.548305 -0.648512 0.088583,
        0.545330 -0.648512 0.088583,
        0.545330 -0.653596 0.088583,
        0.548305 -0.662572 0.088583,
        0.543279 -0.662572 0.088583,
        0.543279 -0.646684 0.088583,
        0.548305 -0.646684 0.088583,
        0.499279 -0.662572 0.088583,
        0.507824 -0.662572 0.088583,
        0.507824 -0.660761 0.088583,
        0.507462 -0.648512 0.088583,
        0.499279 -0.646684 0.088583,
        0.507462 -0.646684 0.088583,
        0.501330 -0.655416 0.088583,
        0.501330 -0.660761 0.088583,
        0.507011 -0.655416 0.088583,
        0.507011 -0.653596 0.088583,
        0.501330 -0.653596 0.088583,
        0.501330 -0.648512 0.088583,
        0.551824 -0.660761 0.092520,
        0.545330 -0.660761 0.092520,
        0.545330 -0.655416 0.092520,
        0.551012 -0.655416 0.092520,
        0.551012 -0.653596 0.092520,
        0.545330 -0.653596 0.092520,
        0.545330 -0.648512 0.092520,
        0.551463 -0.648512 0.092520,
        0.551463 -0.646684 0.092520,
        0.543279 -0.646684 0.092520,
        0.543279 -0.662572 0.092520,
        0.551824 -0.662572 0.092520,
        0.501330 -0.660761 0.092520,
        0.507824 -0.660761 0.092520,
        0.501330 -0.655416 0.092520,
        0.507011 -0.655416 0.092520,
        0.507011 -0.653596 0.092520,
        0.501330 -0.653596 0.092520,
        0.501330 -0.648512 0.092520,
        0.507462 -0.648512 0.092520,
        0.507462 -0.646684 0.092520,
        0.499279 -0.646684 0.092520,
        0.499279 -0.662572 0.092520,
        0.507824 -0.662572 0.092520,
        0.553189 -0.631227 0.092520,
        0.552539 -0.633022 0.092520,
        0.558521 -0.631227 0.092520,
        0.559155 -0.633022 0.092520,
        0.555565 -0.624623 0.092520,
        0.554797 -0.621480 0.092520,
        0.548746 -0.637368 0.092520,
        0.551012 -0.637368 0.092520,
        0.555702 -0.624149 0.092520,
        0.555824 -0.623511 0.092520,
        0.556990 -0.621480 0.092520,
        0.555873 -0.623511 0.092520,
        0.556002 -0.624183 0.092520,
        0.556121 -0.624623 0.092520,
        0.563041 -0.637368 0.092520,
        0.560775 -0.637368 0.092520,
        0.555565 -0.624623 0.088583,
        0.555702 -0.624149 0.088583,
        0.555824 -0.623511 0.088583,
        0.553189 -0.631227 0.088583,
        0.558521 -0.631227 0.088583,
        0.556121 -0.624623 0.088583,
        0.555873 -0.623511 0.088583,
        0.556002 -0.624183 0.088583,
      ]
    }
    coordIndex [
      40, 16, 41, -1,
      41, 16, 12, -1,
      41, 12, 13, -1,
      42, 41, 11, -1,
      11, 41, 13, -1,
      42, 11, 43, -1,
      43, 11, 10, -1,
      43, 10, 18, -1,
      44, 43, 19, -1,
      19, 43, 18, -1,
      23, 45, 20, -1,
      20, 45, 44, -1,
      20, 44, 19, -1,
      46, 45, 22, -1,
      22, 45, 23, -1,
      15, 47, 21, -1,
      21, 47, 46, -1,
      21, 46, 22, -1,
      48, 47, 14, -1,
      14, 47, 15, -1,
      26, 49, 27, -1,
      27, 49, 48, -1,
      27, 48, 14, -1,
      50, 49, 25, -1,
      25, 49, 26, -1,
      50, 25, 51, -1,
      51, 25, 24, -1,
      51, 24, 17, -1,
      40, 51, 16, -1,
      16, 51, 17, -1,
      50, 51, 40, -1,
      40, 41, 50, -1,
      50, 41, 42, -1,
      50, 42, 49, -1,
      47, 48, 46, -1,
      46, 48, 49, -1,
      46, 49, 45, -1,
      45, 49, 42, -1,
      45, 42, 44, -1,
      44, 42, 43, -1,
      52, 53, 35, -1,
      35, 53, 30, -1,
      54, 52, 34, -1,
      34, 52, 35, -1,
      55, 54, 36, -1,
      36, 54, 34, -1,
      56, 55, 37, -1,
      37, 55, 36, -1,
      57, 56, 38, -1,
      38, 56, 37, -1,
      58, 57, 39, -1,
      39, 57, 38, -1,
      59, 58, 31, -1,
      31, 58, 39, -1,
      60, 59, 33, -1,
      33, 59, 31, -1,
      61, 60, 32, -1,
      32, 60, 33, -1,
      62, 61, 28, -1,
      28, 61, 32, -1,
      63, 62, 29, -1,
      29, 62, 28, -1,
      53, 63, 30, -1,
      30, 63, 29, -1,
      62, 63, 53, -1,
      53, 52, 62, -1,
      62, 52, 54, -1,
      62, 54, 61, -1,
      59, 60, 58, -1,
      58, 60, 61, -1,
      58, 61, 57, -1,
      57, 61, 54, -1,
      57, 54, 56, -1,
      56, 54, 55, -1,
      64, 65, 66, -1,
      66, 65, 67, -1,
      68, 69, 64, -1,
      64, 69, 70, -1,
      64, 70, 65, -1,
      65, 70, 71, -1,
      68, 72, 69, -1,
      69, 72, 73, -1,
      69, 73, 74, -1,
      74, 73, 75, -1,
      74, 75, 76, -1,
      76, 77, 74, -1,
      74, 77, 66, -1,
      74, 66, 78, -1,
      78, 66, 67, -1,
      78, 67, 79, -1,
      69, 74, 9, -1,
      9, 74, 8, -1,
      2, 70, 3, -1,
      3, 70, 69, -1,
      3, 69, 9, -1,
      71, 70, 1, -1,
      1, 70, 2, -1,
      65, 71, 0, -1,
      0, 71, 1, -1,
      7, 67, 6, -1,
      6, 67, 65, -1,
      6, 65, 0, -1,
      79, 67, 5, -1,
      5, 67, 7, -1,
      78, 79, 4, -1,
      4, 79, 5, -1,
      74, 78, 8, -1,
      8, 78, 4, -1,
      68, 80, 81, -1,
      68, 81, 72, -1,
      72, 81, 82, -1,
      72, 82, 73, -1,
      68, 64, 80, -1,
      80, 64, 83, -1,
      64, 66, 83, -1,
      83, 66, 84, -1,
      66, 77, 84, -1,
      84, 77, 85, -1,
      75, 86, 87, -1,
      75, 87, 76, -1,
      76, 87, 85, -1,
      76, 85, 77, -1,
      75, 73, 86, -1,
      86, 73, 82, -1,
    ]
  }
}

Shape {
  appearance Appearance {
    material Material {
      diffuseColor 0.2078 0.2078 0.2078
      specularColor 0.0157 0.0157 0.0157
      ambientIntensity 0.2
      transparency 0.0000
      shininess 0.5
    }
  }
  geometry IndexedFaceSet {
    ccw TRUE
    solid FALSE
    coord DEF co Coordinate {
      point [
        0.555565 -0.624623 0.088583,
        0.555702 -0.624149 0.088583,
        0.555824 -0.623511 0.088583,
        0.553189 -0.631227 0.088583,
        0.558521 -0.631227 0.088583,
        0.556121 -0.624623 0.088583,
        0.555873 -0.623511 0.088583,
        0.556002 -0.624183 0.088583,
      ]
    }
    coordIndex [
      6, 2, 7, -1,
      7, 2, 1, -1,
      7, 1, 5, -1,
      5, 1, 0, -1,
      5, 0, 4, -1,
      4, 0, 3, -1,
    ]
  }
}

Shape {
  appearance Appearance {
    material Material {
      diffuseColor 1.0000 1.0000 1.0000
      specularColor 0.5020 0.5020 0.5020
      ambientIntensity 0.2
      transparency 0.0000
      shininess 0.5
    }
  }
  geometry IndexedFaceSet {
    ccw TRUE
    solid FALSE
    coord DEF co Coordinate {
      point [
        0.529724 -0.630211 0.088583,
        0.525433 -0.630211 0.088583,
        0.529724 -0.635556 0.088583,
        0.525433 -0.635556 0.088583,
        0.531566 -0.621480 0.088583,
        0.529724 -0.621480 0.088583,
        0.531115 -0.630211 0.088583,
        0.531928 -0.635556 0.088583,
        0.531115 -0.628392 0.088583,
        0.531566 -0.623307 0.088583,
        0.529724 -0.628392 0.088583,
        0.529724 -0.623307 0.088583,
        0.525433 -0.623307 0.088583,
        0.525433 -0.628392 0.088583,
        0.523383 -0.637368 0.088583,
        0.531928 -0.637368 0.088583,
        0.529724 -0.637368 0.088583,
        0.523383 -0.621480 0.088583,
        0.499279 -0.637368 0.088583,
        0.507657 -0.635556 0.088583,
        0.507657 -0.637368 0.088583,
        0.499279 -0.621480 0.088583,
        0.501330 -0.621480 0.088583,
        0.501330 -0.635556 0.088583,
        0.525433 -0.635556 0.092520,
        0.531928 -0.635556 0.092520,
        0.525433 -0.630211 0.092520,
        0.531115 -0.630211 0.092520,
        0.531115 -0.628392 0.092520,
        0.525433 -0.628392 0.092520,
        0.525433 -0.623307 0.092520,
        0.531566 -0.623307 0.092520,
        0.531566 -0.621480 0.092520,
        0.523383 -0.621480 0.092520,
        0.523383 -0.637368 0.092520,
        0.531928 -0.637368 0.092520,
        0.501330 -0.635556 0.092520,
        0.507657 -0.635556 0.092520,
        0.501330 -0.621480 0.092520,
        0.499279 -0.621480 0.092520,
        0.499279 -0.637368 0.092520,
        0.507657 -0.637368 0.092520,
      ]
    }
    coordIndex [
      3, 24, 2, -1,
      2, 24, 25, -1,
      2, 25, 7, -1,
      26, 24, 1, -1,
      1, 24, 3, -1,
      6, 27, 0, -1,
      0, 27, 26, -1,
      0, 26, 1, -1,
      28, 27, 8, -1,
      8, 27, 6, -1,
      13, 29, 10, -1,
      10, 29, 28, -1,
      10, 28, 8, -1,
      30, 29, 12, -1,
      12, 29, 13, -1,
      9, 31, 11, -1,
      11, 31, 30, -1,
      11, 30, 12, -1,
      32, 31, 4, -1,
      4, 31, 9, -1,
      17, 33, 5, -1,
      5, 33, 32, -1,
      5, 32, 4, -1,
      34, 33, 14, -1,
      14, 33, 17, -1,
      15, 35, 16, -1,
      16, 35, 34, -1,
      16, 34, 14, -1,
      25, 35, 7, -1,
      7, 35, 15, -1,
      34, 35, 25, -1,
      25, 24, 34, -1,
      34, 24, 26, -1,
      34, 26, 33, -1,
      31, 32, 30, -1,
      30, 32, 33, -1,
      30, 33, 29, -1,
      29, 33, 26, -1,
      29, 26, 28, -1,
      28, 26, 27, -1,
      36, 37, 23, -1,
      23, 37, 19, -1,
      38, 36, 22, -1,
      22, 36, 23, -1,
      39, 38, 21, -1,
      21, 38, 22, -1,
      40, 39, 18, -1,
      18, 39, 21, -1,
      41, 40, 20, -1,
      20, 40, 18, -1,
      37, 41, 19, -1,
      19, 41, 20, -1,
      38, 39, 36, -1,
      36, 39, 40, -1,
      36, 40, 37, -1,
      37, 40, 41, -1,
    ]
  }
}
