#VRML V2.0 utf8

Shape {
  appearance Appearance {
    material Material {
      diffuseColor 0.2510 0.2510 0.2510
      specularColor 0.1255 0.1255 0.1255
      ambientIntensity 0.2
      transparency 0.0000
      shininess 0.5
    }
  }
  geometry IndexedFaceSet {
    ccw TRUE
    solid FALSE
    coord DEF co Coordinate {
      point [
        -0.129153 0.000000 -0.078740,
        -0.124306 0.010791 -0.078740,
        -0.122049 0.007269 -0.078740,
        -0.086902 0.000000 -0.078740,
        -0.065777 0.000000 -0.078740,
        -0.061936 -0.000240 -0.078740,
        -0.065777 0.039370 -0.078740,
        -0.271986 0.086614 -0.078740,
        -0.385827 0.086614 -0.078740,
        -0.385827 0.484252 -0.078740,
        -0.085942 0.035049 -0.078740,
        -0.071058 0.035049 -0.078740,
        -0.071058 0.022086 -0.078740,
        -0.118808 0.004166 -0.078740,
        -0.114697 0.001778 -0.078740,
        -0.110161 0.000425 -0.078740,
        -0.094584 0.039370 -0.078740,
        -0.084982 0.022086 -0.078740,
        -0.084982 0.017765 -0.078740,
        -0.071058 0.017765 -0.078740,
        -0.071058 0.004321 -0.078740,
        -0.086902 0.004321 -0.078740,
        -0.094584 0.000000 -0.078740,
        -0.105289 0.000000 -0.078740,
        -0.085942 0.039370 -0.078740,
        -0.271986 -0.000240 -0.078740,
        -0.149318 0.039370 -0.078740,
        -0.164682 0.000000 -0.078740,
        -0.158921 0.000000 -0.078740,
        -0.111382 0.038762 -0.078740,
        -0.115989 0.037144 -0.078740,
        -0.144037 0.039370 -0.078740,
        -0.120274 0.034273 -0.078740,
        -0.120315 0.034237 -0.078740,
        -0.123099 0.031150 -0.078740,
        -0.124929 0.027764 -0.078740,
        -0.105694 0.039370 -0.078740,
        -0.154937 0.011043 -0.078740,
        -0.138673 0.011043 -0.078740,
        -0.134915 0.000000 -0.078740,
        -0.125986 0.023885 -0.078740,
        -0.126272 0.020180 -0.078740,
        -0.125720 0.014911 -0.078740,
        -0.271986 -0.283465 -0.078740,
        -0.061936 -0.484252 -0.078740,
        -0.385827 -0.283465 -0.078740,
        -0.385827 -0.484252 -0.078740,
        0.385827 -0.283465 -0.078740,
        0.385827 -0.484252 -0.078740,
        0.271986 -0.283465 -0.078740,
        -0.048875 0.035529 -0.078740,
        -0.044998 0.035094 -0.078740,
        -0.057389 0.005971 -0.078740,
        -0.061936 0.484252 -0.078740,
        -0.058095 0.006362 -0.078740,
        -0.058095 0.002041 -0.078740,
        -0.053898 0.000317 -0.078740,
        -0.049920 -0.000240 -0.078740,
        -0.048339 -0.000462 -0.078740,
        -0.047262 -0.000480 -0.078740,
        0.271986 -0.000240 -0.078740,
        0.385827 0.484252 -0.078740,
        0.385827 0.086614 -0.078740,
        0.271986 0.086614 -0.078740,
        -0.005281 0.000000 -0.078740,
        -0.044947 -0.000240 -0.078740,
        -0.025446 0.000000 -0.078740,
        -0.042410 0.000023 -0.078740,
        -0.038594 0.001336 -0.078740,
        -0.042052 0.034030 -0.078740,
        -0.039326 0.032207 -0.078740,
        -0.036949 0.029583 -0.078740,
        -0.034089 0.019265 -0.078740,
        -0.034487 0.015003 -0.078740,
        -0.035557 0.011617 -0.078740,
        -0.044318 0.004253 -0.078740,
        -0.047990 0.003841 -0.078740,
        -0.041449 0.005309 -0.078740,
        -0.039033 0.006937 -0.078740,
        -0.037185 0.008887 -0.078740,
        -0.053216 0.004421 -0.078740,
        -0.053660 0.034907 -0.078740,
        -0.058095 0.033008 -0.078740,
        -0.058095 0.038290 -0.078740,
        -0.035326 0.026543 -0.078740,
        -0.034276 0.022328 -0.078740,
        -0.030885 0.029000 -0.078740,
        -0.033193 0.032681 -0.078740,
        -0.010563 0.039370 -0.078740,
        -0.005281 0.039370 -0.078740,
        -0.035428 0.003359 -0.078740,
        -0.032470 0.006472 -0.078740,
        -0.025446 0.004321 -0.078740,
        -0.030373 0.010215 -0.078740,
        -0.010563 0.004321 -0.078740,
        -0.036747 0.036100 -0.078740,
        -0.040487 0.038252 -0.078740,
        -0.044876 0.039528 -0.078740,
        -0.029188 0.014383 -0.078740,
        -0.028807 0.018943 -0.078740,
        -0.029374 0.024540 -0.078740,
        -0.048830 0.039850 -0.078740,
        -0.053543 0.039525 -0.078740,
        -0.503937 0.511811 -0.059055,
        0.503937 0.511811 -0.059055,
        -0.393701 0.492126 -0.059055,
        0.393701 0.492126 -0.059055,
        -0.462688 0.456762 -0.059055,
        -0.463475 0.458661 -0.059055,
        -0.464726 0.268054 -0.059055,
        -0.463475 0.269685 -0.059055,
        -0.410883 0.088315 -0.059055,
        -0.408985 0.087528 -0.059055,
        -0.464726 0.460292 -0.059055,
        -0.466357 0.461543 -0.059055,
        -0.468256 0.462330 -0.059055,
        -0.470294 0.462598 -0.059055,
        -0.296511 -0.159067 -0.059055,
        -0.294881 -0.157816 -0.059055,
        -0.279860 -0.275591 -0.059055,
        -0.293629 -0.156185 -0.059055,
        -0.412160 -0.462598 -0.059055,
        -0.410122 -0.462330 -0.059055,
        -0.393701 -0.492126 -0.059055,
        -0.503937 -0.511811 -0.059055,
        0.393701 -0.492126 -0.059055,
        -0.511811 0.462598 -0.059055,
        -0.511811 0.503937 -0.059055,
        -0.357537 -0.264693 -0.059055,
        -0.355907 -0.263442 -0.059055,
        -0.354656 -0.261811 -0.059055,
        -0.511811 -0.503937 -0.059055,
        -0.511811 -0.462598 -0.059055,
        -0.408223 -0.461543 -0.059055,
        -0.406592 -0.460292 -0.059055,
        -0.405341 -0.458661 -0.059055,
        -0.393701 -0.275591 -0.059055,
        -0.361474 -0.265748 -0.059055,
        -0.359437 -0.265480 -0.059055,
        -0.292843 -0.154286 -0.059055,
        -0.292574 -0.152248 -0.059055,
        -0.279860 0.078740 -0.059055,
        -0.292574 0.060955 -0.059055,
        -0.292843 0.062993 -0.059055,
        -0.403993 0.072766 -0.059055,
        -0.404779 0.074665 -0.059055,
        -0.393701 0.078740 -0.059055,
        -0.405048 0.076703 -0.059055,
        -0.405048 0.080709 -0.059055,
        -0.405316 0.082746 -0.059055,
        -0.406102 0.084646 -0.059055,
        -0.407354 0.086276 -0.059055,
        -0.532535 0.228678 -0.059055,
        -0.525695 0.232163 -0.059055,
        -0.412922 0.088583 -0.059055,
        -0.468256 0.266016 -0.059055,
        -0.466357 0.266803 -0.059055,
        -0.462688 0.271584 -0.059055,
        -0.462420 0.273622 -0.059055,
        -0.462420 0.454724 -0.059055,
        -0.400349 -0.266803 -0.059055,
        -0.398450 -0.266016 -0.059055,
        -0.396412 -0.265748 -0.059055,
        -0.293629 0.064892 -0.059055,
        -0.294881 0.066523 -0.059055,
        -0.296511 0.067774 -0.059055,
        0.405341 -0.458661 -0.059055,
        0.406592 -0.460292 -0.059055,
        0.408223 -0.461543 -0.059055,
        0.410122 -0.462330 -0.059055,
        0.294881 -0.157816 -0.059055,
        0.296511 -0.159067 -0.059055,
        0.279860 -0.275591 -0.059055,
        -0.345726 -0.160122 -0.059055,
        -0.300448 -0.160122 -0.059055,
        -0.298410 -0.159854 -0.059055,
        -0.505975 -0.511543 -0.059055,
        -0.404554 -0.456762 -0.059055,
        -0.404286 -0.454724 -0.059055,
        -0.404286 -0.273622 -0.059055,
        -0.404018 -0.271584 -0.059055,
        0.353600 -0.257874 -0.059055,
        0.353869 -0.259912 -0.059055,
        0.511811 0.503937 -0.059055,
        0.511811 0.462598 -0.059055,
        0.470294 0.462598 -0.059055,
        0.463475 0.458661 -0.059055,
        0.464726 0.460292 -0.059055,
        0.466357 0.461543 -0.059055,
        0.462688 0.271584 -0.059055,
        0.463475 0.269685 -0.059055,
        0.393701 0.078740 -0.059055,
        -0.590551 0.088583 -0.059055,
        -0.590551 0.185507 -0.059055,
        -0.511543 0.505975 -0.059055,
        -0.510756 0.507874 -0.059055,
        -0.509505 0.509505 -0.059055,
        -0.507874 0.510756 -0.059055,
        -0.505975 0.511543 -0.059055,
        -0.399211 0.069097 -0.059055,
        -0.401111 0.069884 -0.059055,
        -0.402741 0.071135 -0.059055,
        -0.507874 -0.510756 -0.059055,
        -0.509505 -0.509505 -0.059055,
        -0.403231 -0.269685 -0.059055,
        -0.401980 -0.268054 -0.059055,
        0.403231 -0.269685 -0.059055,
        0.404018 -0.271584 -0.059055,
        0.393701 -0.275591 -0.059055,
        0.404286 -0.273622 -0.059055,
        0.404286 -0.454724 -0.059055,
        0.404554 -0.456762 -0.059055,
        0.354656 -0.261811 -0.059055,
        0.355907 -0.263442 -0.059055,
        0.357537 -0.264693 -0.059055,
        -0.519901 0.237199 -0.059055,
        -0.515498 0.243488 -0.059055,
        -0.512746 0.250655 -0.059055,
        -0.470294 0.265748 -0.059055,
        -0.511811 0.258274 -0.059055,
        -0.511811 0.265748 -0.059055,
        -0.298410 0.068561 -0.059055,
        -0.300448 0.068829 -0.059055,
        -0.397174 0.068829 -0.059055,
        -0.510756 -0.507874 -0.059055,
        -0.511543 -0.505975 -0.059055,
        0.412160 -0.462598 -0.059055,
        0.511811 -0.462598 -0.059055,
        0.511811 -0.503937 -0.059055,
        0.511543 -0.505975 -0.059055,
        0.503937 -0.511811 -0.059055,
        0.279860 0.078740 -0.059055,
        0.298410 0.068561 -0.059055,
        0.296511 0.067774 -0.059055,
        0.294881 0.066523 -0.059055,
        0.293629 0.064892 -0.059055,
        0.292843 0.062993 -0.059055,
        0.359437 -0.265480 -0.059055,
        0.361474 -0.265748 -0.059055,
        0.396412 -0.265748 -0.059055,
        0.398450 -0.266016 -0.059055,
        -0.353332 -0.165958 -0.059055,
        -0.352546 -0.164059 -0.059055,
        0.293629 -0.156185 -0.059055,
        0.400349 -0.266803 -0.059055,
        0.401980 -0.268054 -0.059055,
        -0.582461 0.206583 -0.059055,
        -0.576668 0.211619 -0.059055,
        -0.569828 0.215104 -0.059055,
        -0.353869 -0.259912 -0.059055,
        -0.353600 -0.257874 -0.059055,
        -0.353600 -0.167996 -0.059055,
        0.510756 -0.507874 -0.059055,
        0.509505 -0.509505 -0.059055,
        0.507874 0.510756 -0.059055,
        0.509505 0.509505 -0.059055,
        -0.589616 0.193127 -0.059055,
        -0.586865 0.200294 -0.059055,
        -0.351294 -0.162428 -0.059055,
        -0.349663 -0.161177 -0.059055,
        -0.347765 -0.160391 -0.059055,
        0.507874 -0.510756 -0.059055,
        0.505975 -0.511543 -0.059055,
        0.401111 0.069884 -0.059055,
        0.399211 0.069097 -0.059055,
        0.397174 0.068829 -0.059055,
        0.300448 0.068829 -0.059055,
        0.292574 0.060955 -0.059055,
        0.292574 -0.152248 -0.059055,
        0.292843 -0.154286 -0.059055,
        0.298410 -0.159854 -0.059055,
        0.300448 -0.160122 -0.059055,
        0.345726 -0.160122 -0.059055,
        0.353600 -0.167996 -0.059055,
        0.353332 -0.165958 -0.059055,
        0.468256 0.462330 -0.059055,
        0.505975 0.511543 -0.059055,
        0.510756 0.507874 -0.059055,
        0.511543 0.505975 -0.059055,
        0.462688 0.456762 -0.059055,
        0.462420 0.454724 -0.059055,
        0.462420 0.273622 -0.059055,
        0.464726 0.268054 -0.059055,
        0.410883 0.088315 -0.059055,
        0.466357 0.266803 -0.059055,
        0.412922 0.088583 -0.059055,
        0.468256 0.266016 -0.059055,
        0.408985 0.087528 -0.059055,
        0.407354 0.086276 -0.059055,
        0.406102 0.084646 -0.059055,
        0.405316 0.082746 -0.059055,
        0.405048 0.080709 -0.059055,
        0.405048 0.076703 -0.059055,
        0.404779 0.074665 -0.059055,
        0.349663 -0.161177 -0.059055,
        0.351294 -0.162428 -0.059055,
        0.352546 -0.164059 -0.059055,
        0.403993 0.072766 -0.059055,
        0.402741 0.071135 -0.059055,
        0.519901 0.237199 -0.059055,
        0.525695 0.232163 -0.059055,
        0.532535 0.228678 -0.059055,
        0.569828 0.215104 -0.059055,
        0.347765 -0.160391 -0.059055,
        0.511811 0.265748 -0.059055,
        0.511811 0.258274 -0.059055,
        0.470294 0.265748 -0.059055,
        0.512746 0.250655 -0.059055,
        0.515498 0.243488 -0.059055,
        0.576668 0.211619 -0.059055,
        0.582461 0.206583 -0.059055,
        0.586865 0.200294 -0.059055,
        0.589616 0.193127 -0.059055,
        0.590551 0.185507 -0.059055,
        0.590551 0.088583 -0.059055,
        0.470294 -0.108268 -0.059055,
        0.590551 -0.108268 -0.059055,
        0.590551 -0.185507 -0.059055,
        0.525695 -0.232163 -0.059055,
        0.519901 -0.237199 -0.059055,
        0.462420 -0.116142 -0.059055,
        0.515498 -0.243488 -0.059055,
        0.462420 -0.257874 -0.059055,
        0.512746 -0.250655 -0.059055,
        0.511811 -0.258274 -0.059055,
        0.464726 -0.263442 -0.059055,
        0.463475 -0.261811 -0.059055,
        0.462688 -0.259912 -0.059055,
        0.463475 -0.112205 -0.059055,
        0.464726 -0.110574 -0.059055,
        0.532535 -0.228678 -0.059055,
        0.466357 -0.109323 -0.059055,
        0.468256 -0.108536 -0.059055,
        0.466357 -0.264693 -0.059055,
        0.582461 -0.206583 -0.059055,
        0.576668 -0.211619 -0.059055,
        0.569828 -0.215104 -0.059055,
        0.462688 -0.114104 -0.059055,
        0.511811 -0.265748 -0.059055,
        0.470294 -0.265748 -0.059055,
        0.468256 -0.265480 -0.059055,
        0.589616 -0.193127 -0.059055,
        0.586865 -0.200294 -0.059055,
        0.393701 0.492126 -0.070866,
        0.393701 0.078740 -0.070866,
        -0.393701 -0.492126 -0.070866,
        -0.393701 -0.275591 -0.070866,
        -0.470294 -0.108268 -0.059055,
        -0.532535 -0.228678 -0.059055,
        -0.569828 -0.215104 -0.059055,
        -0.470294 -0.265748 -0.059055,
        -0.462420 -0.257874 -0.059055,
        -0.462688 -0.259912 -0.059055,
        -0.515498 -0.243488 -0.059055,
        -0.462420 -0.116142 -0.059055,
        -0.512746 -0.250655 -0.059055,
        -0.511811 -0.258274 -0.059055,
        -0.511811 -0.265748 -0.059055,
        -0.468256 -0.108536 -0.059055,
        -0.466357 -0.109323 -0.059055,
        -0.464726 -0.110574 -0.059055,
        -0.519901 -0.237199 -0.059055,
        -0.525695 -0.232163 -0.059055,
        -0.462688 -0.114104 -0.059055,
        -0.463475 -0.112205 -0.059055,
        -0.576668 -0.211619 -0.059055,
        -0.582461 -0.206583 -0.059055,
        -0.586865 -0.200294 -0.059055,
        -0.463475 -0.261811 -0.059055,
        -0.464726 -0.263442 -0.059055,
        -0.468256 -0.265480 -0.059055,
        -0.466357 -0.264693 -0.059055,
        -0.589616 -0.193127 -0.059055,
        -0.590551 -0.185507 -0.059055,
        -0.590551 -0.108268 -0.059055,
        0.511811 -0.265748 -0.055118,
        0.511811 -0.258274 0.051181,
        0.511811 -0.462598 -0.055118,
        0.511811 -0.503937 0.051181,
        0.511811 0.265748 -0.055118,
        0.511811 0.462598 -0.055118,
        0.511811 0.503937 0.051181,
        0.511811 0.258274 0.051181,
        -0.590551 0.185507 0.051181,
        -0.590551 -0.185507 0.051181,
        0.503937 -0.511811 0.051181,
        -0.503937 -0.511811 0.051181,
        0.590551 -0.185507 0.051181,
        0.590551 0.185507 0.051181,
        -0.503937 0.511811 0.051181,
        0.503937 0.511811 0.051181,
        0.385098 0.081855 0.059055,
        0.391544 0.041153 0.059055,
        0.521292 0.225635 0.059055,
        0.529842 0.221278 0.059055,
        0.393701 0.000000 0.059055,
        0.567134 0.207705 0.059055,
        -0.529842 -0.221278 0.059055,
        -0.521292 -0.225635 0.059055,
        -0.359663 -0.160133 0.059055,
        0.582677 -0.185507 0.059055,
        0.582677 0.185507 0.059055,
        0.581976 0.191222 0.059055,
        0.579912 0.196598 0.059055,
        0.576610 0.201314 0.059055,
        0.572265 0.205091 0.059055,
        -0.292577 0.263437 0.059055,
        -0.263437 0.292577 0.059055,
        -0.503937 0.258274 0.059055,
        -0.521292 0.225635 0.059055,
        -0.374432 -0.121660 0.059055,
        -0.385098 -0.081855 0.059055,
        -0.391544 -0.041153 0.059055,
        -0.393701 0.000000 0.059055,
        0.374432 0.121660 0.059055,
        0.514050 0.231931 0.059055,
        0.359663 0.160133 0.059055,
        0.508545 0.239791 0.059055,
        0.340955 0.196850 0.059055,
        0.505106 0.248750 0.059055,
        0.318511 0.231411 0.059055,
        0.503937 0.258274 0.059055,
        0.292577 0.263437 0.059055,
        0.521292 -0.225635 0.059055,
        0.529842 -0.221278 0.059055,
        0.196850 0.340955 0.059055,
        0.231411 0.318511 0.059055,
        0.263437 0.292577 0.059055,
        -0.503937 0.503937 0.059055,
        -0.121660 0.374432 0.059055,
        -0.081855 0.385098 0.059055,
        -0.231411 0.318511 0.059055,
        -0.196850 0.340955 0.059055,
        -0.160133 0.359663 0.059055,
        0.041153 0.391544 0.059055,
        0.503937 0.503937 0.059055,
        -0.000000 0.393701 0.059055,
        -0.041153 0.391544 0.059055,
        0.081855 0.385098 0.059055,
        0.121660 0.374432 0.059055,
        0.160133 0.359663 0.059055,
        -0.391544 0.041153 0.059055,
        -0.385098 0.081855 0.059055,
        -0.514050 0.231931 0.059055,
        -0.374432 0.121660 0.059055,
        -0.508545 0.239791 0.059055,
        -0.359663 0.160133 0.059055,
        -0.505106 0.248750 0.059055,
        -0.340955 0.196850 0.059055,
        -0.318511 0.231411 0.059055,
        -0.582677 0.185507 0.059055,
        -0.582677 -0.185507 0.059055,
        -0.529842 0.221278 0.059055,
        -0.567134 0.207705 0.059055,
        -0.572265 0.205091 0.059055,
        -0.576610 0.201314 0.059055,
        -0.579912 0.196598 0.059055,
        -0.581976 0.191222 0.059055,
        -0.503937 -0.258274 0.059055,
        -0.196850 -0.340955 0.059055,
        -0.231411 -0.318511 0.059055,
        -0.514050 -0.231931 0.059055,
        -0.508545 -0.239791 0.059055,
        -0.340955 -0.196850 0.059055,
        -0.505106 -0.248750 0.059055,
        -0.318511 -0.231411 0.059055,
        0.503937 -0.503937 0.059055,
        0.503937 -0.258274 0.059055,
        0.196850 -0.340955 0.059055,
        0.567134 -0.207705 0.059055,
        0.572265 -0.205091 0.059055,
        0.576610 -0.201314 0.059055,
        0.579912 -0.196598 0.059055,
        0.581976 -0.191222 0.059055,
        -0.576610 -0.201314 0.059055,
        -0.579912 -0.196598 0.059055,
        -0.581976 -0.191222 0.059055,
        -0.572265 -0.205091 0.059055,
        -0.567134 -0.207705 0.059055,
        0.391544 -0.041153 0.059055,
        0.385098 -0.081855 0.059055,
        0.514050 -0.231931 0.059055,
        0.374432 -0.121660 0.059055,
        0.508545 -0.239791 0.059055,
        0.359663 -0.160133 0.059055,
        0.505106 -0.248750 0.059055,
        0.340955 -0.196850 0.059055,
        0.318511 -0.231411 0.059055,
        0.292577 -0.263437 0.059055,
        0.263437 -0.292577 0.059055,
        0.231411 -0.318511 0.059055,
        -0.263437 -0.292577 0.059055,
        -0.292577 -0.263437 0.059055,
        0.160133 -0.359663 0.059055,
        0.121660 -0.374432 0.059055,
        0.081855 -0.385098 0.059055,
        -0.041153 -0.391544 0.059055,
        -0.503937 -0.503937 0.059055,
        0.000000 -0.393701 0.059055,
        0.041153 -0.391544 0.059055,
        -0.081855 -0.385098 0.059055,
        -0.121660 -0.374432 0.059055,
        -0.160133 -0.359663 0.059055,
        0.393701 -0.275591 -0.070866,
        0.393701 -0.492126 -0.070866,
        -0.393701 0.078740 -0.070866,
        -0.393701 0.492126 -0.070866,
        -0.511811 0.265748 -0.055118,
        -0.511811 0.258274 0.051181,
        -0.511811 0.462598 -0.055118,
        -0.511811 0.503937 0.051181,
        -0.511811 -0.265748 -0.055118,
        -0.511811 -0.462598 -0.055118,
        -0.511811 -0.503937 0.051181,
        -0.511811 -0.258274 0.051181,
      ]
    }
    coordIndex [
      0, 1, 2, -1,
      3, 4, 5, -1,
      5, 4, 6, -1,
      7, 8, 9, -1,
      10, 11, 12, -1,
      2, 13, 0, -1,
      0, 13, 14, -1,
      0, 14, 15, -1,
      16, 17, 18, -1,
      19, 20, 18, -1,
      18, 20, 21, -1,
      18, 21, 16, -1,
      16, 21, 3, -1,
      16, 3, 22, -1,
      22, 3, 5, -1,
      22, 5, 23, -1,
      12, 17, 10, -1,
      10, 17, 16, -1,
      10, 16, 24, -1,
      25, 7, 26, -1,
      27, 28, 5, -1,
      29, 30, 31, -1,
      31, 30, 32, -1,
      32, 33, 31, -1,
      31, 33, 34, -1,
      31, 34, 35, -1,
      7, 16, 36, -1,
      37, 38, 28, -1,
      28, 38, 39, -1,
      28, 39, 5, -1,
      5, 39, 0, -1,
      5, 0, 23, -1,
      23, 0, 15, -1,
      35, 40, 31, -1,
      31, 40, 41, -1,
      31, 41, 0, -1,
      0, 41, 42, -1,
      0, 42, 1, -1,
      26, 7, 31, -1,
      31, 7, 36, -1,
      31, 36, 29, -1,
      26, 27, 25, -1,
      25, 27, 5, -1,
      25, 5, 43, -1,
      43, 5, 44, -1,
      43, 44, 45, -1,
      45, 44, 46, -1,
      47, 48, 49, -1,
      49, 48, 44, -1,
      50, 51, 52, -1,
      16, 7, 24, -1,
      24, 7, 9, -1,
      24, 9, 6, -1,
      6, 9, 53, -1,
      6, 53, 5, -1,
      5, 53, 54, -1,
      5, 54, 55, -1,
      55, 56, 5, -1,
      5, 56, 57, -1,
      5, 57, 44, -1,
      44, 57, 58, -1,
      44, 58, 49, -1,
      49, 58, 59, -1,
      49, 59, 60, -1,
      61, 62, 53, -1,
      53, 62, 63, -1,
      64, 65, 66, -1,
      66, 65, 67, -1,
      66, 67, 68, -1,
      51, 69, 52, -1,
      52, 69, 70, -1,
      52, 70, 71, -1,
      72, 73, 52, -1,
      52, 73, 74, -1,
      75, 76, 77, -1,
      77, 76, 78, -1,
      74, 79, 52, -1,
      52, 79, 78, -1,
      52, 78, 80, -1,
      80, 78, 76, -1,
      50, 52, 81, -1,
      81, 52, 54, -1,
      81, 54, 82, -1,
      82, 54, 53, -1,
      82, 53, 83, -1,
      71, 84, 52, -1,
      52, 84, 85, -1,
      52, 85, 72, -1,
      86, 87, 88, -1,
      88, 87, 53, -1,
      88, 53, 89, -1,
      89, 53, 63, -1,
      89, 63, 64, -1,
      64, 63, 60, -1,
      64, 60, 65, -1,
      65, 60, 59, -1,
      68, 90, 66, -1,
      66, 90, 91, -1,
      66, 91, 92, -1,
      92, 91, 93, -1,
      92, 93, 94, -1,
      87, 95, 53, -1,
      53, 95, 96, -1,
      53, 96, 97, -1,
      93, 98, 94, -1,
      94, 98, 99, -1,
      94, 99, 88, -1,
      88, 99, 100, -1,
      88, 100, 86, -1,
      97, 101, 53, -1,
      53, 101, 102, -1,
      53, 102, 83, -1,
      103, 104, 105, -1,
      105, 104, 106, -1,
      107, 108, 105, -1,
      109, 110, 111, -1,
      111, 110, 112, -1,
      108, 113, 105, -1,
      105, 113, 114, -1,
      105, 114, 103, -1,
      103, 114, 115, -1,
      103, 115, 116, -1,
      117, 118, 119, -1,
      119, 118, 120, -1,
      121, 122, 123, -1,
      124, 123, 125, -1,
      116, 126, 127, -1,
      128, 129, 119, -1,
      119, 129, 130, -1,
      131, 132, 121, -1,
      122, 133, 123, -1,
      123, 133, 134, -1,
      123, 134, 135, -1,
      136, 137, 119, -1,
      119, 137, 138, -1,
      119, 138, 128, -1,
      120, 139, 119, -1,
      119, 139, 140, -1,
      119, 140, 141, -1,
      141, 140, 142, -1,
      141, 142, 143, -1,
      144, 145, 146, -1,
      146, 145, 147, -1,
      146, 147, 148, -1,
      148, 149, 146, -1,
      146, 149, 150, -1,
      146, 150, 110, -1,
      110, 150, 151, -1,
      110, 151, 112, -1,
      152, 153, 154, -1,
      154, 155, 111, -1,
      111, 155, 156, -1,
      111, 156, 109, -1,
      110, 157, 146, -1,
      146, 157, 158, -1,
      146, 158, 105, -1,
      105, 158, 159, -1,
      105, 159, 107, -1,
      160, 161, 136, -1,
      136, 161, 162, -1,
      136, 162, 137, -1,
      143, 163, 141, -1,
      141, 163, 164, -1,
      141, 164, 165, -1,
      166, 167, 125, -1,
      125, 167, 168, -1,
      125, 168, 169, -1,
      170, 171, 172, -1,
      173, 174, 119, -1,
      119, 174, 175, -1,
      119, 175, 117, -1,
      121, 123, 131, -1,
      131, 123, 124, -1,
      131, 124, 176, -1,
      135, 177, 123, -1,
      123, 177, 178, -1,
      123, 178, 136, -1,
      136, 178, 179, -1,
      136, 179, 180, -1,
      181, 182, 172, -1,
      183, 184, 185, -1,
      186, 106, 187, -1,
      187, 106, 188, -1,
      189, 190, 191, -1,
      154, 192, 193, -1,
      127, 194, 116, -1,
      116, 194, 195, -1,
      116, 195, 196, -1,
      196, 197, 116, -1,
      116, 197, 198, -1,
      116, 198, 103, -1,
      199, 200, 146, -1,
      146, 200, 201, -1,
      146, 201, 144, -1,
      176, 202, 203, -1,
      180, 204, 136, -1,
      136, 204, 205, -1,
      136, 205, 160, -1,
      206, 207, 208, -1,
      207, 209, 208, -1,
      208, 209, 210, -1,
      208, 210, 125, -1,
      125, 210, 211, -1,
      125, 211, 166, -1,
      182, 212, 172, -1,
      172, 212, 213, -1,
      172, 213, 214, -1,
      153, 215, 154, -1,
      154, 215, 216, -1,
      154, 216, 155, -1,
      155, 216, 217, -1,
      155, 217, 218, -1,
      218, 217, 219, -1,
      218, 219, 220, -1,
      165, 221, 141, -1,
      141, 221, 222, -1,
      141, 222, 146, -1,
      146, 222, 223, -1,
      146, 223, 199, -1,
      203, 224, 176, -1,
      176, 224, 225, -1,
      176, 225, 131, -1,
      169, 226, 125, -1,
      125, 226, 227, -1,
      125, 227, 228, -1,
      228, 229, 125, -1,
      125, 229, 230, -1,
      125, 230, 124, -1,
      231, 232, 233, -1,
      233, 234, 231, -1,
      231, 234, 235, -1,
      231, 235, 236, -1,
      214, 237, 172, -1,
      172, 237, 238, -1,
      172, 238, 208, -1,
      208, 238, 239, -1,
      208, 239, 240, -1,
      241, 242, 173, -1,
      170, 172, 243, -1,
      240, 244, 208, -1,
      208, 244, 245, -1,
      208, 245, 206, -1,
      246, 247, 154, -1,
      154, 247, 248, -1,
      154, 248, 152, -1,
      130, 249, 119, -1,
      119, 249, 250, -1,
      119, 250, 173, -1,
      173, 250, 251, -1,
      173, 251, 241, -1,
      229, 252, 253, -1,
      254, 255, 185, -1,
      193, 256, 154, -1,
      154, 256, 257, -1,
      154, 257, 246, -1,
      242, 258, 173, -1,
      173, 258, 259, -1,
      173, 259, 260, -1,
      253, 261, 229, -1,
      229, 261, 262, -1,
      229, 262, 230, -1,
      263, 264, 191, -1,
      191, 264, 265, -1,
      191, 265, 231, -1,
      231, 265, 266, -1,
      231, 266, 232, -1,
      236, 267, 231, -1,
      231, 267, 268, -1,
      231, 268, 172, -1,
      172, 268, 269, -1,
      172, 269, 243, -1,
      171, 270, 172, -1,
      172, 270, 271, -1,
      172, 271, 181, -1,
      181, 271, 272, -1,
      181, 272, 273, -1,
      273, 272, 274, -1,
      188, 106, 275, -1,
      275, 106, 104, -1,
      275, 104, 185, -1,
      185, 104, 276, -1,
      185, 276, 254, -1,
      255, 277, 185, -1,
      185, 277, 278, -1,
      185, 278, 183, -1,
      186, 279, 106, -1,
      106, 279, 280, -1,
      106, 280, 191, -1,
      191, 280, 281, -1,
      191, 281, 189, -1,
      190, 282, 283, -1,
      283, 282, 284, -1,
      283, 284, 285, -1,
      285, 284, 286, -1,
      283, 287, 190, -1,
      190, 287, 288, -1,
      190, 288, 191, -1,
      191, 288, 289, -1,
      191, 289, 290, -1,
      290, 291, 191, -1,
      191, 291, 292, -1,
      191, 292, 293, -1,
      294, 295, 296, -1,
      293, 297, 191, -1,
      191, 297, 298, -1,
      191, 298, 263, -1,
      299, 300, 285, -1,
      285, 300, 301, -1,
      285, 301, 302, -1,
      274, 272, 296, -1,
      296, 272, 303, -1,
      296, 303, 294, -1,
      304, 305, 306, -1,
      306, 305, 307, -1,
      306, 307, 286, -1,
      286, 307, 285, -1,
      285, 307, 308, -1,
      285, 308, 299, -1,
      302, 309, 285, -1,
      285, 309, 310, -1,
      285, 310, 311, -1,
      311, 312, 285, -1,
      285, 312, 313, -1,
      285, 313, 314, -1,
      315, 316, 317, -1,
      318, 319, 320, -1,
      320, 319, 321, -1,
      320, 321, 322, -1,
      322, 321, 323, -1,
      322, 323, 324, -1,
      325, 326, 327, -1,
      328, 329, 330, -1,
      329, 331, 330, -1,
      330, 331, 332, -1,
      330, 332, 315, -1,
      325, 327, 333, -1,
      334, 335, 315, -1,
      315, 335, 336, -1,
      315, 336, 330, -1,
      318, 320, 330, -1,
      330, 320, 337, -1,
      330, 337, 328, -1,
      324, 338, 322, -1,
      322, 338, 339, -1,
      322, 339, 327, -1,
      327, 339, 340, -1,
      327, 340, 333, -1,
      317, 341, 315, -1,
      315, 341, 342, -1,
      315, 342, 334, -1,
      343, 106, 344, -1,
      344, 106, 191, -1,
      345, 123, 346, -1,
      346, 123, 136, -1,
      347, 348, 349, -1,
      350, 351, 352, -1,
      353, 354, 355, -1,
      355, 354, 351, -1,
      355, 351, 356, -1,
      356, 351, 350, -1,
      356, 350, 357, -1,
      347, 358, 348, -1,
      348, 358, 359, -1,
      348, 359, 360, -1,
      353, 361, 354, -1,
      354, 361, 362, -1,
      354, 362, 363, -1,
      363, 362, 348, -1,
      363, 348, 364, -1,
      364, 348, 360, -1,
      349, 365, 347, -1,
      347, 365, 366, -1,
      347, 366, 367, -1,
      352, 368, 350, -1,
      350, 368, 369, -1,
      350, 369, 370, -1,
      370, 369, 371, -1,
      367, 372, 347, -1,
      347, 372, 373, -1,
      347, 373, 374, -1,
      338, 324, 375, -1,
      375, 324, 376, -1,
      375, 376, 377, -1,
      377, 376, 378, -1,
      377, 378, 227, -1,
      227, 378, 228, -1,
      305, 304, 379, -1,
      184, 183, 380, -1,
      380, 183, 381, -1,
      380, 381, 379, -1,
      379, 381, 382, -1,
      379, 382, 305, -1,
      383, 193, 192, -1,
      383, 192, 384, -1,
      384, 192, 374, -1,
      384, 374, 373, -1,
      385, 386, 230, -1,
      230, 386, 124, -1,
      387, 317, 316, -1,
      387, 316, 388, -1,
      388, 316, 314, -1,
      388, 314, 313, -1,
      389, 390, 103, -1,
      103, 390, 104, -1,
      391, 392, 393, -1,
      393, 392, 394, -1,
      394, 392, 395, -1,
      394, 395, 396, -1,
      397, 398, 399, -1,
      400, 401, 395, -1,
      395, 401, 402, -1,
      395, 402, 403, -1,
      403, 404, 395, -1,
      395, 404, 405, -1,
      395, 405, 396, -1,
      406, 407, 408, -1,
      409, 399, 410, -1,
      410, 411, 409, -1,
      409, 411, 412, -1,
      409, 412, 413, -1,
      391, 393, 414, -1,
      414, 393, 415, -1,
      414, 415, 416, -1,
      416, 415, 417, -1,
      416, 417, 418, -1,
      418, 417, 419, -1,
      418, 419, 420, -1,
      420, 419, 421, -1,
      420, 421, 422, -1,
      423, 424, 395, -1,
      425, 426, 421, -1,
      421, 426, 427, -1,
      421, 427, 422, -1,
      428, 429, 430, -1,
      407, 431, 408, -1,
      408, 431, 432, -1,
      408, 432, 428, -1,
      428, 432, 433, -1,
      428, 433, 429, -1,
      434, 435, 436, -1,
      436, 435, 428, -1,
      436, 428, 437, -1,
      437, 428, 430, -1,
      434, 438, 435, -1,
      435, 438, 439, -1,
      435, 439, 421, -1,
      421, 439, 440, -1,
      421, 440, 425, -1,
      413, 441, 409, -1,
      409, 441, 442, -1,
      409, 442, 443, -1,
      443, 442, 444, -1,
      443, 444, 445, -1,
      445, 444, 446, -1,
      445, 446, 447, -1,
      447, 446, 448, -1,
      447, 448, 408, -1,
      408, 448, 449, -1,
      408, 449, 406, -1,
      450, 451, 397, -1,
      399, 409, 397, -1,
      397, 409, 452, -1,
      397, 452, 450, -1,
      450, 452, 453, -1,
      450, 453, 454, -1,
      454, 455, 450, -1,
      450, 455, 456, -1,
      450, 456, 457, -1,
      458, 459, 460, -1,
      398, 461, 399, -1,
      399, 461, 462, -1,
      399, 462, 463, -1,
      463, 462, 464, -1,
      463, 464, 465, -1,
      465, 464, 458, -1,
      466, 467, 468, -1,
      395, 424, 400, -1,
      400, 424, 469, -1,
      400, 469, 470, -1,
      470, 471, 400, -1,
      400, 471, 472, -1,
      400, 472, 473, -1,
      474, 451, 475, -1,
      475, 451, 476, -1,
      474, 477, 451, -1,
      451, 477, 478, -1,
      451, 478, 397, -1,
      395, 479, 423, -1,
      423, 479, 480, -1,
      423, 480, 481, -1,
      481, 480, 482, -1,
      481, 482, 483, -1,
      483, 482, 484, -1,
      483, 484, 485, -1,
      485, 484, 486, -1,
      485, 486, 467, -1,
      467, 486, 487, -1,
      467, 487, 488, -1,
      488, 489, 467, -1,
      467, 489, 490, -1,
      467, 490, 468, -1,
      460, 491, 458, -1,
      458, 491, 492, -1,
      458, 492, 465, -1,
      468, 493, 466, -1,
      466, 493, 494, -1,
      466, 494, 495, -1,
      496, 497, 498, -1,
      498, 497, 466, -1,
      498, 466, 499, -1,
      499, 466, 495, -1,
      496, 500, 497, -1,
      497, 500, 501, -1,
      497, 501, 458, -1,
      458, 501, 502, -1,
      458, 502, 459, -1,
      503, 208, 504, -1,
      504, 208, 125, -1,
      504, 125, 345, -1,
      345, 125, 123, -1,
      505, 146, 506, -1,
      506, 146, 105, -1,
      506, 105, 343, -1,
      343, 105, 106, -1,
      220, 219, 507, -1,
      507, 219, 508, -1,
      507, 508, 509, -1,
      509, 508, 510, -1,
      509, 510, 126, -1,
      126, 510, 127, -1,
      356, 357, 511, -1,
      132, 131, 512, -1,
      512, 131, 513, -1,
      512, 513, 511, -1,
      511, 513, 514, -1,
      511, 514, 356, -1,
    ]
  }
}

Shape {
  appearance Appearance {
    material Material {
      diffuseColor 1.0000 1.0000 1.0000
      specularColor 0.5020 0.5020 0.5020
      ambientIntensity 0.2
      transparency 0.0000
      shininess 0.5
    }
  }
  geometry IndexedFaceSet {
    ccw TRUE
    solid FALSE
    coord DEF co Coordinate {
      point [
        -0.470294 0.462598 -0.059055,
        -0.412160 -0.462598 -0.059055,
        -0.511811 0.462598 -0.059055,
        -0.511811 -0.462598 -0.059055,
        -0.462420 0.273622 -0.059055,
        -0.462420 0.454724 -0.059055,
        0.511811 0.462598 -0.059055,
        0.470294 0.462598 -0.059055,
        -0.470294 0.265748 -0.059055,
        -0.511811 0.265748 -0.059055,
        0.412160 -0.462598 -0.059055,
        0.511811 -0.462598 -0.059055,
        0.462420 0.454724 -0.059055,
        0.462420 0.273622 -0.059055,
        0.511811 0.265748 -0.059055,
        0.470294 0.265748 -0.059055,
        0.511811 -0.265748 -0.059055,
        0.470294 -0.265748 -0.059055,
        -0.470294 -0.265748 -0.059055,
        -0.511811 -0.265748 -0.059055,
        0.511811 -0.265748 -0.055118,
        0.511811 -0.462598 -0.055118,
        0.511811 0.265748 -0.055118,
        0.511811 0.462598 -0.055118,
        -0.511811 0.265748 -0.055118,
        -0.511811 0.462598 -0.055118,
        -0.511811 -0.265748 -0.055118,
        -0.511811 -0.462598 -0.055118,
        0.462420 0.273622 -0.066929,
        0.462420 0.454724 -0.066929,
        0.569414 0.462598 -0.055118,
        0.569414 0.265748 -0.055118,
        0.574292 0.462598 -0.066929,
        0.470294 0.462598 -0.066929,
        0.700327 0.462598 0.059055,
        0.708661 0.462598 0.050686,
        0.597194 0.462598 -0.043645,
        0.602072 0.462598 -0.055456,
        0.589052 0.462598 -0.049871,
        0.593929 0.462598 -0.061682,
        0.579577 0.462598 -0.053784,
        0.584455 0.462598 -0.065595,
        0.470294 0.265748 -0.066929,
        0.574292 0.265748 -0.066929,
        0.579577 0.265748 -0.053784,
        0.584455 0.265748 -0.065595,
        0.589052 0.265748 -0.049871,
        0.593929 0.265748 -0.061682,
        0.597194 0.265748 -0.043645,
        0.602072 0.265748 -0.055456,
        0.700327 0.265748 0.059055,
        0.708661 0.265748 0.050686,
        0.464726 0.268054 -0.066929,
        0.463475 0.269685 -0.066929,
        0.462688 0.271584 -0.066929,
        0.462688 0.456762 -0.066929,
        0.466357 0.266803 -0.066929,
        0.468256 0.266016 -0.066929,
        0.463475 0.458661 -0.066929,
        0.464726 0.460292 -0.066929,
        0.466357 0.461543 -0.066929,
        0.468256 0.462330 -0.066929,
        -0.462420 0.454724 -0.066929,
        -0.462420 0.273622 -0.066929,
        -0.569414 0.265748 -0.055118,
        -0.569414 0.462598 -0.055118,
        -0.470294 0.462598 -0.066929,
        -0.574292 0.462598 -0.066929,
        -0.579577 0.462598 -0.053784,
        -0.584455 0.462598 -0.065595,
        -0.589052 0.462598 -0.049871,
        -0.593929 0.462598 -0.061682,
        -0.597194 0.462598 -0.043645,
        -0.602072 0.462598 -0.055456,
        -0.700327 0.462598 0.059055,
        -0.708661 0.462598 0.050686,
        -0.574292 0.265748 -0.066929,
        -0.470294 0.265748 -0.066929,
        -0.700327 0.265748 0.059055,
        -0.708661 0.265748 0.050686,
        -0.597194 0.265748 -0.043645,
        -0.602072 0.265748 -0.055456,
        -0.589052 0.265748 -0.049871,
        -0.593929 0.265748 -0.061682,
        -0.579577 0.265748 -0.053784,
        -0.584455 0.265748 -0.065595,
        -0.462688 0.271584 -0.066929,
        -0.468256 0.462330 -0.066929,
        -0.463475 0.269685 -0.066929,
        -0.464726 0.268054 -0.066929,
        -0.468256 0.266016 -0.066929,
        -0.466357 0.266803 -0.066929,
        -0.466357 0.461543 -0.066929,
        -0.464726 0.460292 -0.066929,
        -0.463475 0.458661 -0.066929,
        -0.462688 0.456762 -0.066929,
        0.569414 -0.265748 -0.055118,
        0.569414 -0.462598 -0.055118,
        0.412160 -0.462598 -0.066929,
        0.574292 -0.462598 -0.066929,
        0.579577 -0.462598 -0.053784,
        0.584455 -0.462598 -0.065595,
        0.589052 -0.462598 -0.049871,
        0.593929 -0.462598 -0.061682,
        0.597194 -0.462598 -0.043645,
        0.602072 -0.462598 -0.055456,
        0.700327 -0.462598 0.059055,
        0.708661 -0.462598 0.050686,
        0.574292 -0.265748 -0.066929,
        0.470294 -0.265748 -0.066929,
        0.700327 -0.265748 0.059055,
        0.708661 -0.265748 0.050686,
        0.597194 -0.265748 -0.043645,
        0.602072 -0.265748 -0.055456,
        0.589052 -0.265748 -0.049871,
        0.593929 -0.265748 -0.061682,
        0.579577 -0.265748 -0.053784,
        0.584455 -0.265748 -0.065595,
        0.404286 -0.273622 -0.066929,
        0.463475 -0.261811 -0.066929,
        0.404286 -0.454724 -0.066929,
        0.464726 -0.263442 -0.066929,
        0.466357 -0.264693 -0.066929,
        0.603017 -0.100394 -0.066929,
        0.403993 0.072766 -0.066929,
        0.603017 0.080709 -0.066929,
        0.404779 0.074665 -0.066929,
        0.468256 -0.265480 -0.066929,
        0.470294 -0.108268 -0.066929,
        0.468256 -0.108536 -0.066929,
        0.352546 -0.164059 -0.066929,
        0.351294 -0.162428 -0.066929,
        0.463475 -0.112205 -0.066929,
        0.408223 -0.461543 -0.066929,
        0.406592 -0.460292 -0.066929,
        0.595143 -0.108268 -0.066929,
        0.347765 -0.160391 -0.066929,
        0.402741 0.071135 -0.066929,
        0.401111 0.069884 -0.066929,
        0.410122 -0.462330 -0.066929,
        0.405341 -0.458661 -0.066929,
        0.404554 -0.456762 -0.066929,
        0.466357 -0.109323 -0.066929,
        0.464726 -0.110574 -0.066929,
        0.349663 -0.161177 -0.066929,
        0.405048 0.076703 -0.066929,
        0.412922 0.088583 -0.066929,
        0.595143 0.088583 -0.066929,
        0.401980 -0.268054 -0.066929,
        0.462688 -0.114104 -0.066929,
        0.403231 -0.269685 -0.066929,
        0.462420 -0.116142 -0.066929,
        0.404018 -0.271584 -0.066929,
        0.462420 -0.257874 -0.066929,
        0.462688 -0.259912 -0.066929,
        0.300448 -0.160122 -0.066929,
        0.300448 0.068829 -0.066929,
        0.345726 -0.160122 -0.066929,
        0.397174 0.068829 -0.066929,
        0.399211 0.069097 -0.066929,
        0.400349 -0.266803 -0.066929,
        0.398450 -0.266016 -0.066929,
        0.396412 -0.265748 -0.066929,
        0.292843 0.062993 -0.066929,
        0.293629 0.064892 -0.066929,
        0.405048 0.080709 -0.066929,
        0.405316 0.082746 -0.066929,
        0.406102 0.084646 -0.066929,
        0.407354 0.086276 -0.066929,
        0.408985 0.087528 -0.066929,
        0.410883 0.088315 -0.066929,
        0.600711 0.086276 -0.066929,
        0.599080 0.087528 -0.066929,
        0.597181 0.088315 -0.066929,
        0.601962 0.084646 -0.066929,
        0.602749 0.082746 -0.066929,
        0.602749 -0.102431 -0.066929,
        0.601962 -0.104331 -0.066929,
        0.600711 -0.105961 -0.066929,
        0.353600 -0.257874 -0.066929,
        0.353600 -0.167996 -0.066929,
        0.361474 -0.265748 -0.066929,
        0.292843 -0.154286 -0.066929,
        0.292574 -0.152248 -0.066929,
        0.298410 -0.159854 -0.066929,
        0.292574 0.060955 -0.066929,
        0.599080 -0.107213 -0.066929,
        0.597181 -0.108000 -0.066929,
        0.294881 0.066523 -0.066929,
        0.296511 0.067774 -0.066929,
        0.298410 0.068561 -0.066929,
        0.353332 -0.165958 -0.066929,
        0.293629 -0.156185 -0.066929,
        0.296511 -0.159067 -0.066929,
        0.294881 -0.157816 -0.066929,
        0.357537 -0.264693 -0.066929,
        0.355907 -0.263442 -0.066929,
        0.354656 -0.261811 -0.066929,
        0.359437 -0.265480 -0.066929,
        0.353869 -0.259912 -0.066929,
        -0.569414 -0.462598 -0.055118,
        -0.569414 -0.265748 -0.055118,
        -0.574292 -0.462598 -0.066929,
        -0.412160 -0.462598 -0.066929,
        -0.700327 -0.462598 0.059055,
        -0.708661 -0.462598 0.050686,
        -0.597194 -0.462598 -0.043645,
        -0.602072 -0.462598 -0.055456,
        -0.589052 -0.462598 -0.049871,
        -0.593929 -0.462598 -0.061682,
        -0.579577 -0.462598 -0.053784,
        -0.584455 -0.462598 -0.065595,
        -0.470294 -0.265748 -0.066929,
        -0.574292 -0.265748 -0.066929,
        -0.579577 -0.265748 -0.053784,
        -0.584455 -0.265748 -0.065595,
        -0.589052 -0.265748 -0.049871,
        -0.593929 -0.265748 -0.061682,
        -0.597194 -0.265748 -0.043645,
        -0.602072 -0.265748 -0.055456,
        -0.700327 -0.265748 0.059055,
        -0.708661 -0.265748 0.050686,
        -0.405048 0.080709 -0.066929,
        -0.405048 0.076703 -0.066929,
        -0.412922 0.088583 -0.066929,
        -0.403993 0.072766 -0.066929,
        -0.603017 -0.100394 -0.066929,
        -0.404779 0.074665 -0.066929,
        -0.603017 0.080709 -0.066929,
        -0.401111 0.069884 -0.066929,
        -0.399211 0.069097 -0.066929,
        -0.347765 -0.160391 -0.066929,
        -0.397174 0.068829 -0.066929,
        -0.404286 -0.454724 -0.066929,
        -0.404554 -0.456762 -0.066929,
        -0.404286 -0.273622 -0.066929,
        -0.464726 -0.263442 -0.066929,
        -0.349663 -0.161177 -0.066929,
        -0.402741 0.071135 -0.066929,
        -0.468256 -0.265480 -0.066929,
        -0.466357 -0.264693 -0.066929,
        -0.595143 0.088583 -0.066929,
        -0.351294 -0.162428 -0.066929,
        -0.463475 -0.112205 -0.066929,
        -0.352546 -0.164059 -0.066929,
        -0.462688 -0.114104 -0.066929,
        -0.398450 -0.266016 -0.066929,
        -0.400349 -0.266803 -0.066929,
        -0.462420 -0.116142 -0.066929,
        -0.464726 -0.110574 -0.066929,
        -0.466357 -0.109323 -0.066929,
        -0.468256 -0.108536 -0.066929,
        -0.470294 -0.108268 -0.066929,
        -0.595143 -0.108268 -0.066929,
        -0.405341 -0.458661 -0.066929,
        -0.406592 -0.460292 -0.066929,
        -0.602749 0.082746 -0.066929,
        -0.601962 0.084646 -0.066929,
        -0.600711 0.086276 -0.066929,
        -0.599080 0.087528 -0.066929,
        -0.597181 0.088315 -0.066929,
        -0.300448 0.068829 -0.066929,
        -0.300448 -0.160122 -0.066929,
        -0.345726 -0.160122 -0.066929,
        -0.396412 -0.265748 -0.066929,
        -0.463475 -0.261811 -0.066929,
        -0.462688 -0.259912 -0.066929,
        -0.404018 -0.271584 -0.066929,
        -0.462420 -0.257874 -0.066929,
        -0.403231 -0.269685 -0.066929,
        -0.401980 -0.268054 -0.066929,
        -0.408223 -0.461543 -0.066929,
        -0.410122 -0.462330 -0.066929,
        -0.407354 0.086276 -0.066929,
        -0.408985 0.087528 -0.066929,
        -0.410883 0.088315 -0.066929,
        -0.406102 0.084646 -0.066929,
        -0.405316 0.082746 -0.066929,
        -0.353332 -0.165958 -0.066929,
        -0.353600 -0.167996 -0.066929,
        -0.293629 0.064892 -0.066929,
        -0.292843 0.062993 -0.066929,
        -0.292574 0.060955 -0.066929,
        -0.292574 -0.152248 -0.066929,
        -0.298410 -0.159854 -0.066929,
        -0.292843 -0.154286 -0.066929,
        -0.293629 -0.156185 -0.066929,
        -0.294881 -0.157816 -0.066929,
        -0.296511 -0.159067 -0.066929,
        -0.597181 -0.108000 -0.066929,
        -0.599080 -0.107213 -0.066929,
        -0.600711 -0.105961 -0.066929,
        -0.601962 -0.104331 -0.066929,
        -0.602749 -0.102431 -0.066929,
        -0.298410 0.068561 -0.066929,
        -0.296511 0.067774 -0.066929,
        -0.294881 0.066523 -0.066929,
        -0.361474 -0.265748 -0.066929,
        -0.353600 -0.257874 -0.066929,
        -0.354656 -0.261811 -0.066929,
        -0.355907 -0.263442 -0.066929,
        -0.357537 -0.264693 -0.066929,
        -0.353869 -0.259912 -0.066929,
        -0.359437 -0.265480 -0.066929,
      ]
    }
    coordIndex [
      13, 12, 28, -1,
      28, 12, 29, -1,
      30, 23, 31, -1,
      31, 23, 22, -1,
      32, 33, 6, -1,
      6, 33, 7, -1,
      34, 35, 36, -1,
      36, 35, 37, -1,
      36, 37, 38, -1,
      38, 37, 39, -1,
      38, 39, 40, -1,
      40, 39, 41, -1,
      40, 41, 30, -1,
      30, 41, 32, -1,
      30, 32, 23, -1,
      23, 32, 6, -1,
      15, 42, 14, -1,
      14, 42, 43, -1,
      22, 14, 31, -1,
      31, 14, 43, -1,
      31, 43, 44, -1,
      44, 43, 45, -1,
      44, 45, 46, -1,
      46, 45, 47, -1,
      46, 47, 48, -1,
      48, 47, 49, -1,
      48, 49, 50, -1,
      50, 49, 51, -1,
      48, 50, 36, -1,
      36, 50, 34, -1,
      35, 34, 51, -1,
      51, 34, 50, -1,
      37, 35, 49, -1,
      49, 35, 51, -1,
      32, 43, 33, -1,
      33, 43, 42, -1,
      52, 53, 54, -1,
      33, 29, 55, -1,
      52, 54, 56, -1,
      29, 33, 28, -1,
      28, 33, 42, -1,
      28, 42, 54, -1,
      54, 42, 57, -1,
      54, 57, 56, -1,
      55, 58, 59, -1,
      59, 60, 55, -1,
      55, 60, 61, -1,
      55, 61, 33, -1,
      5, 4, 62, -1,
      62, 4, 63, -1,
      64, 24, 65, -1,
      65, 24, 25, -1,
      0, 66, 2, -1,
      2, 66, 67, -1,
      25, 2, 65, -1,
      65, 2, 67, -1,
      65, 67, 68, -1,
      68, 67, 69, -1,
      68, 69, 70, -1,
      70, 69, 71, -1,
      70, 71, 72, -1,
      72, 71, 73, -1,
      72, 73, 74, -1,
      74, 73, 75, -1,
      76, 77, 9, -1,
      9, 77, 8, -1,
      78, 79, 80, -1,
      80, 79, 81, -1,
      80, 81, 82, -1,
      82, 81, 83, -1,
      82, 83, 84, -1,
      84, 83, 85, -1,
      84, 85, 64, -1,
      64, 85, 76, -1,
      64, 76, 24, -1,
      24, 76, 9, -1,
      76, 67, 77, -1,
      77, 67, 66, -1,
      77, 63, 86, -1,
      63, 77, 62, -1,
      62, 77, 66, -1,
      62, 66, 87, -1,
      86, 88, 77, -1,
      77, 88, 89, -1,
      77, 89, 90, -1,
      90, 89, 91, -1,
      87, 92, 93, -1,
      93, 94, 87, -1,
      87, 94, 95, -1,
      87, 95, 62, -1,
      81, 79, 73, -1,
      73, 79, 75, -1,
      74, 75, 78, -1,
      78, 75, 79, -1,
      72, 74, 80, -1,
      80, 74, 78, -1,
      96, 20, 97, -1,
      97, 20, 21, -1,
      10, 98, 11, -1,
      11, 98, 99, -1,
      21, 11, 97, -1,
      97, 11, 99, -1,
      97, 99, 100, -1,
      100, 99, 101, -1,
      100, 101, 102, -1,
      102, 101, 103, -1,
      102, 103, 104, -1,
      104, 103, 105, -1,
      104, 105, 106, -1,
      106, 105, 107, -1,
      108, 109, 16, -1,
      16, 109, 17, -1,
      110, 111, 112, -1,
      112, 111, 113, -1,
      112, 113, 114, -1,
      114, 113, 115, -1,
      114, 115, 116, -1,
      116, 115, 117, -1,
      116, 117, 96, -1,
      96, 117, 108, -1,
      96, 108, 20, -1,
      20, 108, 16, -1,
      118, 119, 120, -1,
      120, 119, 121, -1,
      120, 121, 122, -1,
      123, 124, 125, -1,
      125, 124, 126, -1,
      108, 99, 109, -1,
      109, 99, 98, -1,
      109, 98, 127, -1,
      128, 129, 124, -1,
      130, 131, 132, -1,
      133, 134, 122, -1,
      128, 124, 135, -1,
      124, 136, 137, -1,
      137, 136, 138, -1,
      127, 98, 122, -1,
      122, 98, 139, -1,
      122, 139, 133, -1,
      134, 140, 122, -1,
      122, 140, 141, -1,
      122, 141, 120, -1,
      129, 142, 124, -1,
      124, 142, 143, -1,
      124, 143, 132, -1,
      132, 131, 124, -1,
      124, 131, 144, -1,
      124, 144, 136, -1,
      126, 145, 125, -1,
      125, 145, 146, -1,
      125, 146, 147, -1,
      148, 149, 150, -1,
      150, 149, 151, -1,
      150, 151, 152, -1,
      152, 151, 153, -1,
      152, 153, 118, -1,
      118, 153, 154, -1,
      118, 154, 119, -1,
      155, 156, 157, -1,
      157, 156, 158, -1,
      157, 158, 136, -1,
      136, 158, 159, -1,
      136, 159, 138, -1,
      148, 160, 149, -1,
      149, 160, 161, -1,
      149, 161, 162, -1,
      163, 164, 156, -1,
      145, 165, 146, -1,
      146, 165, 166, -1,
      146, 166, 167, -1,
      167, 168, 146, -1,
      146, 168, 169, -1,
      146, 169, 170, -1,
      171, 147, 172, -1,
      172, 147, 173, -1,
      171, 174, 147, -1,
      147, 174, 175, -1,
      147, 175, 125, -1,
      123, 176, 124, -1,
      124, 176, 177, -1,
      124, 177, 178, -1,
      179, 180, 181, -1,
      182, 183, 184, -1,
      184, 183, 155, -1,
      155, 183, 156, -1,
      156, 183, 185, -1,
      156, 185, 163, -1,
      178, 186, 124, -1,
      124, 186, 187, -1,
      124, 187, 135, -1,
      164, 188, 156, -1,
      156, 188, 189, -1,
      156, 189, 190, -1,
      130, 132, 191, -1,
      191, 132, 149, -1,
      191, 149, 180, -1,
      180, 149, 162, -1,
      180, 162, 181, -1,
      182, 184, 192, -1,
      192, 184, 193, -1,
      192, 193, 194, -1,
      195, 196, 197, -1,
      181, 198, 179, -1,
      179, 198, 195, -1,
      179, 195, 199, -1,
      199, 195, 197, -1,
      113, 111, 105, -1,
      105, 111, 107, -1,
      106, 107, 110, -1,
      110, 107, 111, -1,
      104, 106, 112, -1,
      112, 106, 110, -1,
      200, 27, 201, -1,
      201, 27, 26, -1,
      202, 203, 3, -1,
      3, 203, 1, -1,
      204, 205, 206, -1,
      206, 205, 207, -1,
      206, 207, 208, -1,
      208, 207, 209, -1,
      208, 209, 210, -1,
      210, 209, 211, -1,
      210, 211, 200, -1,
      200, 211, 202, -1,
      200, 202, 27, -1,
      27, 202, 3, -1,
      18, 212, 19, -1,
      19, 212, 213, -1,
      26, 19, 201, -1,
      201, 19, 213, -1,
      201, 213, 214, -1,
      214, 213, 215, -1,
      214, 215, 216, -1,
      216, 215, 217, -1,
      216, 217, 218, -1,
      218, 217, 219, -1,
      218, 219, 220, -1,
      220, 219, 221, -1,
      218, 220, 206, -1,
      206, 220, 204, -1,
      205, 204, 221, -1,
      221, 204, 220, -1,
      207, 205, 219, -1,
      219, 205, 221, -1,
      222, 223, 224, -1,
      225, 226, 227, -1,
      227, 226, 228, -1,
      227, 228, 223, -1,
      229, 230, 231, -1,
      231, 230, 232, -1,
      203, 202, 213, -1,
      233, 234, 203, -1,
      235, 233, 236, -1,
      237, 225, 231, -1,
      231, 225, 238, -1,
      231, 238, 229, -1,
      213, 212, 203, -1,
      203, 212, 239, -1,
      203, 239, 233, -1,
      233, 239, 240, -1,
      233, 240, 236, -1,
      224, 223, 241, -1,
      237, 242, 243, -1,
      243, 242, 244, -1,
      243, 244, 245, -1,
      246, 247, 248, -1,
      237, 243, 225, -1,
      225, 243, 249, -1,
      225, 249, 250, -1,
      250, 251, 225, -1,
      225, 251, 252, -1,
      225, 252, 253, -1,
      234, 254, 255, -1,
      223, 228, 241, -1,
      241, 228, 256, -1,
      241, 256, 257, -1,
      257, 258, 241, -1,
      241, 258, 259, -1,
      241, 259, 260, -1,
      261, 262, 232, -1,
      232, 262, 263, -1,
      232, 263, 231, -1,
      246, 248, 264, -1,
      236, 265, 235, -1,
      235, 265, 266, -1,
      235, 266, 267, -1,
      267, 266, 268, -1,
      267, 268, 269, -1,
      269, 268, 248, -1,
      269, 248, 270, -1,
      270, 248, 247, -1,
      255, 271, 234, -1,
      234, 271, 272, -1,
      234, 272, 203, -1,
      273, 224, 274, -1,
      274, 224, 275, -1,
      273, 276, 224, -1,
      224, 276, 277, -1,
      224, 277, 222, -1,
      245, 244, 248, -1,
      248, 244, 278, -1,
      248, 278, 279, -1,
      280, 281, 261, -1,
      261, 281, 282, -1,
      261, 282, 262, -1,
      262, 282, 283, -1,
      262, 283, 284, -1,
      284, 283, 285, -1,
      285, 286, 284, -1,
      284, 286, 287, -1,
      284, 287, 288, -1,
      253, 289, 225, -1,
      225, 289, 290, -1,
      225, 290, 291, -1,
      291, 292, 225, -1,
      225, 292, 293, -1,
      225, 293, 226, -1,
      294, 295, 261, -1,
      261, 295, 296, -1,
      261, 296, 280, -1,
      264, 248, 297, -1,
      297, 248, 279, -1,
      297, 279, 298, -1,
      299, 300, 301, -1,
      298, 302, 297, -1,
      297, 302, 299, -1,
      297, 299, 303, -1,
      303, 299, 301, -1,
    ]
  }
}

Shape {
  appearance Appearance {
    material Material {
      diffuseColor 0.2510 0.2510 0.2510
      specularColor 0.1255 0.1255 0.1255
      ambientIntensity 0.2
      transparency 0.0000
      shininess 0.5
    }
  }
  geometry IndexedFaceSet {
    ccw TRUE
    solid FALSE
    coord DEF co Coordinate {
      point [
        -0.279860 -0.275591 -0.059055,
        -0.393701 -0.275591 -0.059055,
        -0.279860 0.078740 -0.059055,
        -0.393701 0.078740 -0.059055,
        0.279860 -0.275591 -0.059055,
        0.393701 0.078740 -0.059055,
        0.393701 -0.275591 -0.059055,
        0.279860 0.078740 -0.059055,
        0.393701 0.078740 -0.070866,
        -0.393701 -0.275591 -0.070866,
        0.393701 -0.275591 -0.070866,
        -0.393701 0.078740 -0.070866,
        -0.279860 -0.275591 -0.070866,
        -0.279860 0.078740 -0.070866,
        0.279860 0.078740 -0.070866,
        0.279860 -0.275591 -0.070866,
      ]
    }
    coordIndex [
      9, 1, 12, -1,
      12, 1, 0, -1,
      12, 0, 13, -1,
      13, 0, 2, -1,
      13, 2, 11, -1,
      11, 2, 3, -1,
      8, 5, 14, -1,
      14, 5, 7, -1,
      14, 7, 15, -1,
      15, 7, 4, -1,
      15, 4, 10, -1,
      10, 4, 6, -1,
    ]
  }
}

Shape {
  appearance Appearance {
    material Material {
      diffuseColor 1.0000 1.0000 1.0000
      specularColor 0.5020 0.5020 0.5020
      ambientIntensity 0.2
      transparency 0.0000
      shininess 0.5
    }
  }
  geometry IndexedFaceSet {
    ccw TRUE
    solid FALSE
    coord DEF co Coordinate {
      point [
        -0.361474 -0.265748 -0.059055,
        -0.292574 -0.152248 -0.059055,
        -0.292574 0.060955 -0.059055,
        -0.405048 0.076703 -0.059055,
        -0.405048 0.080709 -0.059055,
        -0.412922 0.088583 -0.059055,
        -0.396412 -0.265748 -0.059055,
        -0.345726 -0.160122 -0.059055,
        -0.300448 -0.160122 -0.059055,
        -0.404286 -0.454724 -0.059055,
        -0.404286 -0.273622 -0.059055,
        0.353600 -0.257874 -0.059055,
        -0.590551 0.088583 -0.059055,
        0.404286 -0.273622 -0.059055,
        0.404286 -0.454724 -0.059055,
        -0.300448 0.068829 -0.059055,
        -0.397174 0.068829 -0.059055,
        0.361474 -0.265748 -0.059055,
        0.396412 -0.265748 -0.059055,
        -0.353600 -0.257874 -0.059055,
        -0.353600 -0.167996 -0.059055,
        0.397174 0.068829 -0.059055,
        0.300448 0.068829 -0.059055,
        0.292574 0.060955 -0.059055,
        0.292574 -0.152248 -0.059055,
        0.300448 -0.160122 -0.059055,
        0.345726 -0.160122 -0.059055,
        0.353600 -0.167996 -0.059055,
        0.412922 0.088583 -0.059055,
        0.405048 0.080709 -0.059055,
        0.405048 0.076703 -0.059055,
        0.590551 0.088583 -0.059055,
        0.470294 -0.108268 -0.059055,
        0.590551 -0.108268 -0.059055,
        0.462420 -0.116142 -0.059055,
        0.462420 -0.257874 -0.059055,
        -0.470294 -0.108268 -0.059055,
        -0.462420 -0.257874 -0.059055,
        -0.462420 -0.116142 -0.059055,
        -0.590551 -0.108268 -0.059055,
        0.404286 -0.273622 -0.066929,
        0.404286 -0.454724 -0.066929,
        0.603017 -0.100394 -0.066929,
        0.603017 0.080709 -0.066929,
        0.470294 -0.108268 -0.066929,
        0.595143 -0.108268 -0.066929,
        0.405048 0.076703 -0.066929,
        0.412922 0.088583 -0.066929,
        0.595143 0.088583 -0.066929,
        0.462420 -0.116142 -0.066929,
        0.462420 -0.257874 -0.066929,
        0.300448 -0.160122 -0.066929,
        0.300448 0.068829 -0.066929,
        0.345726 -0.160122 -0.066929,
        0.397174 0.068829 -0.066929,
        0.396412 -0.265748 -0.066929,
        0.405048 0.080709 -0.066929,
        0.353600 -0.257874 -0.066929,
        0.353600 -0.167996 -0.066929,
        0.361474 -0.265748 -0.066929,
        0.292574 -0.152248 -0.066929,
        0.292574 0.060955 -0.066929,
        -0.405048 0.080709 -0.066929,
        -0.405048 0.076703 -0.066929,
        -0.412922 0.088583 -0.066929,
        -0.603017 -0.100394 -0.066929,
        -0.603017 0.080709 -0.066929,
        -0.397174 0.068829 -0.066929,
        -0.404286 -0.454724 -0.066929,
        -0.404286 -0.273622 -0.066929,
        -0.595143 0.088583 -0.066929,
        -0.462420 -0.116142 -0.066929,
        -0.470294 -0.108268 -0.066929,
        -0.595143 -0.108268 -0.066929,
        -0.300448 0.068829 -0.066929,
        -0.300448 -0.160122 -0.066929,
        -0.345726 -0.160122 -0.066929,
        -0.396412 -0.265748 -0.066929,
        -0.462420 -0.257874 -0.066929,
        -0.353600 -0.167996 -0.066929,
        -0.292574 0.060955 -0.066929,
        -0.292574 -0.152248 -0.066929,
        -0.361474 -0.265748 -0.066929,
        -0.353600 -0.257874 -0.066929,
        0.595143 0.088583 -0.059055,
        0.595143 -0.108268 -0.059055,
        0.602749 0.082746 -0.059055,
        0.601962 0.084646 -0.059055,
        0.600711 0.086276 -0.059055,
        0.599080 0.087528 -0.059055,
        0.597181 0.088315 -0.059055,
        0.597181 -0.108000 -0.059055,
        0.602749 -0.102431 -0.059055,
        0.603017 -0.100394 -0.059055,
        0.603017 0.080709 -0.059055,
        0.599080 -0.107213 -0.059055,
        0.600711 -0.105961 -0.059055,
        0.601962 -0.104331 -0.059055,
        -0.603017 0.080709 -0.059055,
        -0.595143 -0.108268 -0.059055,
        -0.595143 0.088583 -0.059055,
        -0.600711 0.086276 -0.059055,
        -0.599080 0.087528 -0.059055,
        -0.597181 0.088315 -0.059055,
        -0.601962 0.084646 -0.059055,
        -0.602749 0.082746 -0.059055,
        -0.599080 -0.107213 -0.059055,
        -0.602749 -0.102431 -0.059055,
        -0.600711 -0.105961 -0.059055,
        -0.601962 -0.104331 -0.059055,
        -0.603017 -0.100394 -0.059055,
        -0.597181 -0.108000 -0.059055,
      ]
    }
    coordIndex [
      84, 31, 85, -1,
      85, 31, 33, -1,
      84, 86, 87, -1,
      87, 88, 84, -1,
      84, 88, 89, -1,
      84, 89, 90, -1,
      91, 92, 85, -1,
      85, 92, 93, -1,
      85, 93, 84, -1,
      84, 93, 94, -1,
      84, 94, 86, -1,
      91, 95, 92, -1,
      92, 95, 96, -1,
      92, 96, 97, -1,
      34, 35, 49, -1,
      49, 35, 50, -1,
      32, 44, 33, -1,
      33, 44, 45, -1,
      33, 45, 85, -1,
      42, 43, 93, -1,
      93, 43, 94, -1,
      47, 28, 48, -1,
      48, 28, 31, -1,
      48, 31, 84, -1,
      30, 29, 46, -1,
      46, 29, 56, -1,
      22, 21, 52, -1,
      52, 21, 54, -1,
      24, 23, 60, -1,
      60, 23, 61, -1,
      26, 25, 53, -1,
      53, 25, 51, -1,
      11, 27, 57, -1,
      57, 27, 58, -1,
      18, 17, 55, -1,
      55, 17, 59, -1,
      14, 13, 41, -1,
      41, 13, 40, -1,
      98, 99, 100, -1,
      100, 99, 39, -1,
      100, 39, 12, -1,
      101, 100, 102, -1,
      102, 100, 103, -1,
      101, 104, 100, -1,
      100, 104, 105, -1,
      100, 105, 98, -1,
      106, 107, 108, -1,
      108, 107, 109, -1,
      98, 110, 99, -1,
      99, 110, 107, -1,
      99, 107, 111, -1,
      111, 107, 106, -1,
      71, 78, 38, -1,
      38, 78, 37, -1,
      68, 69, 9, -1,
      9, 69, 10, -1,
      77, 82, 6, -1,
      6, 82, 0, -1,
      83, 79, 19, -1,
      19, 79, 20, -1,
      76, 75, 7, -1,
      7, 75, 8, -1,
      81, 80, 1, -1,
      1, 80, 2, -1,
      74, 67, 15, -1,
      15, 67, 16, -1,
      63, 62, 3, -1,
      3, 62, 4, -1,
      5, 64, 12, -1,
      12, 64, 70, -1,
      12, 70, 100, -1,
      66, 65, 98, -1,
      98, 65, 110, -1,
      72, 36, 73, -1,
      73, 36, 39, -1,
      73, 39, 99, -1,
    ]
  }
}

Shape {
  appearance Appearance {
    material Material {
      diffuseColor 0.2510 0.2510 0.2510
      specularColor 0.1255 0.1255 0.1255
      ambientIntensity 0.2
      transparency 0.0000
      shininess 0.5
    }
  }
  geometry IndexedFaceSet {
    ccw TRUE
    solid FALSE
    coord DEF co Coordinate {
      point [
        -0.271986 0.086614 -0.078740,
        -0.385827 0.086614 -0.078740,
        -0.385827 0.484252 -0.078740,
        -0.271986 -0.283465 -0.078740,
        -0.385827 -0.283465 -0.078740,
        -0.385827 -0.484252 -0.078740,
        0.385827 -0.283465 -0.078740,
        0.385827 -0.484252 -0.078740,
        0.271986 -0.283465 -0.078740,
        0.385827 0.484252 -0.078740,
        0.385827 0.086614 -0.078740,
        0.271986 0.086614 -0.078740,
        -0.503937 0.511811 -0.059055,
        0.503937 0.511811 -0.059055,
        -0.503937 -0.511811 -0.059055,
        -0.511811 0.503937 -0.059055,
        -0.511811 -0.503937 -0.059055,
        -0.532535 0.228678 -0.059055,
        -0.525695 0.232163 -0.059055,
        -0.505975 -0.511543 -0.059055,
        0.511811 0.503937 -0.059055,
        -0.590551 0.185507 -0.059055,
        -0.511543 0.505975 -0.059055,
        -0.510756 0.507874 -0.059055,
        -0.509505 0.509505 -0.059055,
        -0.507874 0.510756 -0.059055,
        -0.505975 0.511543 -0.059055,
        -0.507874 -0.510756 -0.059055,
        -0.509505 -0.509505 -0.059055,
        -0.519901 0.237199 -0.059055,
        -0.515498 0.243488 -0.059055,
        -0.512746 0.250655 -0.059055,
        -0.511811 0.258274 -0.059055,
        -0.510756 -0.507874 -0.059055,
        -0.511543 -0.505975 -0.059055,
        0.511811 -0.503937 -0.059055,
        0.511543 -0.505975 -0.059055,
        0.503937 -0.511811 -0.059055,
        -0.582461 0.206583 -0.059055,
        -0.576668 0.211619 -0.059055,
        -0.569828 0.215104 -0.059055,
        0.510756 -0.507874 -0.059055,
        0.509505 -0.509505 -0.059055,
        0.507874 0.510756 -0.059055,
        0.509505 0.509505 -0.059055,
        -0.589616 0.193127 -0.059055,
        -0.586865 0.200294 -0.059055,
        0.507874 -0.510756 -0.059055,
        0.505975 -0.511543 -0.059055,
        0.505975 0.511543 -0.059055,
        0.510756 0.507874 -0.059055,
        0.511543 0.505975 -0.059055,
        0.519901 0.237199 -0.059055,
        0.525695 0.232163 -0.059055,
        0.532535 0.228678 -0.059055,
        0.569828 0.215104 -0.059055,
        0.511811 0.258274 -0.059055,
        0.512746 0.250655 -0.059055,
        0.515498 0.243488 -0.059055,
        0.576668 0.211619 -0.059055,
        0.582461 0.206583 -0.059055,
        0.586865 0.200294 -0.059055,
        0.589616 0.193127 -0.059055,
        0.590551 0.185507 -0.059055,
        0.590551 -0.185507 -0.059055,
        0.525695 -0.232163 -0.059055,
        0.519901 -0.237199 -0.059055,
        0.515498 -0.243488 -0.059055,
        0.512746 -0.250655 -0.059055,
        0.511811 -0.258274 -0.059055,
        0.532535 -0.228678 -0.059055,
        0.582461 -0.206583 -0.059055,
        0.576668 -0.211619 -0.059055,
        0.569828 -0.215104 -0.059055,
        0.589616 -0.193127 -0.059055,
        0.586865 -0.200294 -0.059055,
        0.393701 0.492126 -0.070866,
        0.393701 0.078740 -0.070866,
        -0.393701 -0.492126 -0.070866,
        -0.393701 -0.275591 -0.070866,
        -0.532535 -0.228678 -0.059055,
        -0.569828 -0.215104 -0.059055,
        -0.515498 -0.243488 -0.059055,
        -0.512746 -0.250655 -0.059055,
        -0.511811 -0.258274 -0.059055,
        -0.519901 -0.237199 -0.059055,
        -0.525695 -0.232163 -0.059055,
        -0.576668 -0.211619 -0.059055,
        -0.582461 -0.206583 -0.059055,
        -0.586865 -0.200294 -0.059055,
        -0.589616 -0.193127 -0.059055,
        -0.590551 -0.185507 -0.059055,
        0.511811 -0.258274 0.051181,
        0.511811 -0.503937 0.051181,
        0.511811 0.503937 0.051181,
        0.511811 0.258274 0.051181,
        -0.590551 0.185507 0.051181,
        -0.590551 -0.185507 0.051181,
        0.503937 -0.511811 0.051181,
        -0.503937 -0.511811 0.051181,
        0.590551 -0.185507 0.051181,
        0.590551 0.185507 0.051181,
        -0.503937 0.511811 0.051181,
        0.503937 0.511811 0.051181,
        0.521292 0.225635 0.059055,
        0.529842 0.221278 0.059055,
        0.567134 0.207705 0.059055,
        -0.529842 -0.221278 0.059055,
        -0.521292 -0.225635 0.059055,
        0.582677 -0.185507 0.059055,
        0.582677 0.185507 0.059055,
        0.581976 0.191222 0.059055,
        0.579912 0.196598 0.059055,
        0.576610 0.201314 0.059055,
        0.572265 0.205091 0.059055,
        -0.503937 0.258274 0.059055,
        -0.521292 0.225635 0.059055,
        0.514050 0.231931 0.059055,
        0.508545 0.239791 0.059055,
        0.505106 0.248750 0.059055,
        0.503937 0.258274 0.059055,
        0.521292 -0.225635 0.059055,
        0.529842 -0.221278 0.059055,
        -0.503937 0.503937 0.059055,
        0.503937 0.503937 0.059055,
        -0.514050 0.231931 0.059055,
        -0.508545 0.239791 0.059055,
        -0.505106 0.248750 0.059055,
        -0.582677 0.185507 0.059055,
        -0.582677 -0.185507 0.059055,
        -0.529842 0.221278 0.059055,
        -0.567134 0.207705 0.059055,
        -0.572265 0.205091 0.059055,
        -0.576610 0.201314 0.059055,
        -0.579912 0.196598 0.059055,
        -0.581976 0.191222 0.059055,
        -0.503937 -0.258274 0.059055,
        -0.514050 -0.231931 0.059055,
        -0.508545 -0.239791 0.059055,
        -0.505106 -0.248750 0.059055,
        0.503937 -0.503937 0.059055,
        0.503937 -0.258274 0.059055,
        0.567134 -0.207705 0.059055,
        0.572265 -0.205091 0.059055,
        0.576610 -0.201314 0.059055,
        0.579912 -0.196598 0.059055,
        0.581976 -0.191222 0.059055,
        -0.576610 -0.201314 0.059055,
        -0.579912 -0.196598 0.059055,
        -0.581976 -0.191222 0.059055,
        -0.572265 -0.205091 0.059055,
        -0.567134 -0.207705 0.059055,
        0.514050 -0.231931 0.059055,
        0.508545 -0.239791 0.059055,
        0.505106 -0.248750 0.059055,
        -0.503937 -0.503937 0.059055,
        0.393701 -0.275591 -0.070866,
        0.393701 -0.492126 -0.070866,
        -0.393701 0.078740 -0.070866,
        -0.393701 0.492126 -0.070866,
        -0.511811 0.258274 0.051181,
        -0.511811 0.503937 0.051181,
        -0.511811 -0.503937 0.051181,
        -0.511811 -0.258274 0.051181,
        -0.279860 -0.275591 -0.070866,
        -0.279860 0.078740 -0.070866,
        0.279860 0.078740 -0.070866,
        0.279860 -0.275591 -0.070866,
        -0.387865 -0.486290 -0.078472,
        -0.387865 -0.281427 -0.078472,
        -0.389764 -0.488189 -0.077685,
        -0.389764 -0.279528 -0.077685,
        -0.391394 -0.489820 -0.076434,
        -0.391394 -0.277897 -0.076434,
        -0.392074 -0.277218 -0.075659,
        -0.392074 -0.490499 -0.075659,
        -0.392646 -0.276646 -0.074803,
        -0.392646 -0.491071 -0.074803,
        -0.393102 -0.491527 -0.073880,
        -0.393102 -0.276190 -0.073880,
        -0.393433 -0.491857 -0.072904,
        -0.393433 -0.275859 -0.072904,
        -0.393633 -0.492059 -0.071894,
        -0.393633 -0.275658 -0.071894,
        -0.275923 -0.279528 -0.077685,
        -0.274024 -0.281427 -0.078472,
        -0.278805 -0.276646 -0.074803,
        -0.278233 -0.277218 -0.075659,
        -0.277554 -0.277897 -0.076434,
        -0.279793 -0.275658 -0.071894,
        -0.279592 -0.275859 -0.072904,
        -0.279261 -0.276190 -0.073880,
        0.391394 -0.489820 -0.076434,
        0.392074 -0.490499 -0.075659,
        0.392646 -0.491071 -0.074803,
        0.393102 -0.491527 -0.073880,
        0.393433 -0.491857 -0.072904,
        0.393633 -0.492059 -0.071894,
        0.389764 -0.488189 -0.077685,
        0.387865 -0.486290 -0.078472,
        -0.279793 0.078807 -0.071894,
        -0.279592 0.079008 -0.072904,
        -0.279261 0.079339 -0.073880,
        -0.278805 0.079795 -0.074803,
        -0.278233 0.080367 -0.075659,
        -0.277554 0.081046 -0.076434,
        -0.275923 0.082677 -0.077685,
        -0.274024 0.084576 -0.078472,
        0.393633 -0.275658 -0.071894,
        0.393433 -0.275859 -0.072904,
        0.393102 -0.276190 -0.073880,
        0.392646 -0.276646 -0.074803,
        0.392074 -0.277218 -0.075659,
        0.391394 -0.277897 -0.076434,
        0.389764 -0.279528 -0.077685,
        0.387865 -0.281427 -0.078472,
        -0.387865 0.084576 -0.078472,
        -0.389764 0.082677 -0.077685,
        -0.391394 0.081046 -0.076434,
        -0.392074 0.080367 -0.075659,
        -0.392646 0.079795 -0.074803,
        -0.393102 0.079339 -0.073880,
        -0.393433 0.079008 -0.072904,
        -0.393633 0.078807 -0.071894,
        0.279793 -0.275658 -0.071894,
        0.279592 -0.275859 -0.072904,
        0.279261 -0.276190 -0.073880,
        0.278805 -0.276646 -0.074803,
        0.278233 -0.277218 -0.075659,
        0.277554 -0.277897 -0.076434,
        0.275923 -0.279528 -0.077685,
        0.274024 -0.281427 -0.078472,
        -0.387865 0.486290 -0.078472,
        -0.389764 0.488189 -0.077685,
        -0.391394 0.489820 -0.076434,
        -0.392074 0.490499 -0.075659,
        -0.393633 0.492059 -0.071894,
        -0.393433 0.491857 -0.072904,
        -0.393102 0.491527 -0.073880,
        -0.392646 0.491071 -0.074803,
        0.279793 0.078807 -0.071894,
        0.279592 0.079008 -0.072904,
        0.279261 0.079339 -0.073880,
        0.278805 0.079795 -0.074803,
        0.277554 0.081046 -0.076434,
        0.278233 0.080367 -0.075659,
        0.275923 0.082677 -0.077685,
        0.274024 0.084576 -0.078472,
        0.387865 0.486290 -0.078472,
        0.389764 0.488189 -0.077685,
        0.391394 0.489820 -0.076434,
        0.392074 0.490499 -0.075659,
        0.393633 0.492059 -0.071894,
        0.393433 0.491857 -0.072904,
        0.393102 0.491527 -0.073880,
        0.392646 0.491071 -0.074803,
        0.391394 0.081046 -0.076434,
        0.393633 0.078807 -0.071894,
        0.393433 0.079008 -0.072904,
        0.393102 0.079339 -0.073880,
        0.392646 0.079795 -0.074803,
        0.392074 0.080367 -0.075659,
        0.389764 0.082677 -0.077685,
        0.387865 0.084576 -0.078472,
        0.532535 -0.228678 0.051181,
        0.569828 -0.215104 0.051181,
        -0.569828 -0.215104 0.051181,
        -0.532535 -0.228678 0.051181,
        -0.532535 0.228678 0.051181,
        -0.569828 0.215104 0.051181,
        0.569828 0.215104 0.051181,
        0.532535 0.228678 0.051181,
        0.525695 0.232163 0.051181,
        0.519901 0.237199 0.051181,
        0.515498 0.243488 0.051181,
        0.512746 0.250655 0.051181,
        0.589616 0.193127 0.051181,
        0.586865 0.200294 0.051181,
        0.582461 0.206583 0.051181,
        0.576668 0.211619 0.051181,
        0.589616 -0.193127 0.051181,
        0.586865 -0.200294 0.051181,
        0.582461 -0.206583 0.051181,
        0.576668 -0.211619 0.051181,
        0.525695 -0.232163 0.051181,
        0.519901 -0.237199 0.051181,
        0.515498 -0.243488 0.051181,
        0.512746 -0.250655 0.051181,
        -0.525695 -0.232163 0.051181,
        -0.519901 -0.237199 0.051181,
        -0.515498 -0.243488 0.051181,
        -0.512746 -0.250655 0.051181,
        -0.589616 -0.193127 0.051181,
        -0.586865 -0.200294 0.051181,
        -0.582461 -0.206583 0.051181,
        -0.576668 -0.211619 0.051181,
        -0.589616 0.193127 0.051181,
        -0.586865 0.200294 0.051181,
        -0.582461 0.206583 0.051181,
        -0.576668 0.211619 0.051181,
        -0.525695 0.232163 0.051181,
        -0.519901 0.237199 0.051181,
        -0.515498 0.243488 0.051181,
        -0.512746 0.250655 0.051181,
        -0.584715 0.185507 0.058787,
        -0.583953 0.191715 0.058787,
        -0.586614 0.185507 0.058000,
        -0.585796 0.192175 0.058000,
        -0.588245 0.185507 0.056749,
        -0.587378 0.192569 0.056749,
        -0.589496 0.185507 0.055118,
        -0.588592 0.192872 0.055118,
        -0.590283 0.185507 0.053219,
        -0.589355 0.193062 0.053219,
        -0.581711 0.197554 0.058787,
        -0.583388 0.198446 0.058000,
        -0.584828 0.199211 0.056749,
        -0.585933 0.199799 0.055118,
        -0.586628 0.200168 0.053219,
        -0.578124 0.202678 0.058787,
        -0.579535 0.203948 0.058000,
        -0.580747 0.205039 0.056749,
        -0.581677 0.205877 0.055118,
        -0.582262 0.206403 0.053219,
        -0.573404 0.206781 0.058787,
        -0.574466 0.208355 0.058000,
        -0.575378 0.209707 0.056749,
        -0.576078 0.210744 0.055118,
        -0.576517 0.211396 0.053219,
        -0.567831 0.209620 0.058787,
        -0.568481 0.211405 0.058000,
        -0.569039 0.212937 0.056749,
        -0.569467 0.214113 0.055118,
        -0.569736 0.214852 0.053219,
        -0.584715 -0.185507 0.058787,
        -0.586614 -0.185507 0.058000,
        -0.588245 -0.185507 0.056749,
        -0.589496 -0.185507 0.055118,
        -0.590283 -0.185507 0.053219,
        -0.532443 0.228426 0.053219,
        -0.532174 0.227686 0.055118,
        -0.531746 0.226511 0.056749,
        -0.531188 0.224978 0.058000,
        -0.530539 0.223194 0.058787,
        -0.567831 -0.209620 0.058787,
        -0.573404 -0.206781 0.058787,
        -0.568481 -0.211405 0.058000,
        -0.574466 -0.208355 0.058000,
        -0.569039 -0.212937 0.056749,
        -0.575378 -0.209707 0.056749,
        -0.569467 -0.214113 0.055118,
        -0.576078 -0.210744 0.055118,
        -0.569736 -0.214852 0.053219,
        -0.576517 -0.211396 0.053219,
        -0.578124 -0.202678 0.058787,
        -0.579535 -0.203948 0.058000,
        -0.580747 -0.205039 0.056749,
        -0.581677 -0.205877 0.055118,
        -0.582262 -0.206403 0.053219,
        -0.581711 -0.197554 0.058787,
        -0.583388 -0.198446 0.058000,
        -0.584828 -0.199211 0.056749,
        -0.585933 -0.199799 0.055118,
        -0.586628 -0.200168 0.053219,
        -0.583953 -0.191715 0.058787,
        -0.585796 -0.192175 0.058000,
        -0.587378 -0.192569 0.056749,
        -0.588592 -0.192872 0.055118,
        -0.589355 -0.193062 0.053219,
        -0.511581 0.258274 0.052929,
        -0.512486 0.250590 0.053219,
        -0.511543 0.258274 0.053219,
        -0.510980 0.258274 0.054576,
        -0.511723 0.250400 0.055118,
        -0.510756 0.258274 0.055118,
        -0.510041 0.258274 0.056050,
        -0.510509 0.250097 0.056749,
        -0.509505 0.258274 0.056749,
        -0.508806 0.258274 0.057285,
        -0.508926 0.249702 0.058000,
        -0.507874 0.258274 0.058000,
        -0.507332 0.258274 0.058224,
        -0.507084 0.249243 0.058787,
        -0.505975 0.258274 0.058787,
        -0.505685 0.258274 0.058825,
        -0.515261 0.243362 0.053219,
        -0.514566 0.242993 0.055118,
        -0.513461 0.242405 0.056749,
        -0.512022 0.241639 0.058000,
        -0.510345 0.240748 0.058787,
        -0.519702 0.237020 0.053219,
        -0.519117 0.236493 0.055118,
        -0.518187 0.235656 0.056749,
        -0.516975 0.234565 0.058000,
        -0.515564 0.233294 0.058787,
        -0.525544 0.231941 0.053219,
        -0.525105 0.231288 0.055118,
        -0.524405 0.230251 0.056749,
        -0.523493 0.228899 0.058000,
        -0.522431 0.227324 0.058787,
        -0.532443 -0.228426 0.053219,
        -0.532174 -0.227686 0.055118,
        -0.531746 -0.226511 0.056749,
        -0.531188 -0.224978 0.058000,
        -0.530539 -0.223194 0.058787,
        -0.511581 0.503937 0.052929,
        -0.511543 0.503937 0.053219,
        -0.510980 0.503937 0.054576,
        -0.510756 0.503937 0.055118,
        -0.510041 0.503937 0.056050,
        -0.509505 0.503937 0.056749,
        -0.508806 0.503937 0.057285,
        -0.507874 0.503937 0.058000,
        -0.507332 0.503937 0.058224,
        -0.505975 0.503937 0.058787,
        -0.505685 0.503937 0.058825,
        -0.525544 -0.231941 0.053219,
        -0.525105 -0.231288 0.055118,
        -0.524405 -0.230251 0.056749,
        -0.523493 -0.228899 0.058000,
        -0.522431 -0.227324 0.058787,
        -0.519702 -0.237020 0.053219,
        -0.519117 -0.236493 0.055118,
        -0.518187 -0.235656 0.056749,
        -0.516975 -0.234565 0.058000,
        -0.515564 -0.233294 0.058787,
        -0.515261 -0.243362 0.053219,
        -0.514566 -0.242993 0.055118,
        -0.513461 -0.242405 0.056749,
        -0.512022 -0.241639 0.058000,
        -0.510345 -0.240748 0.058787,
        -0.512486 -0.250590 0.053219,
        -0.511723 -0.250400 0.055118,
        -0.510509 -0.250097 0.056749,
        -0.508926 -0.249702 0.058000,
        -0.507084 -0.249243 0.058787,
        -0.511543 -0.258274 0.053219,
        -0.510756 -0.258274 0.055118,
        -0.509505 -0.258274 0.056749,
        -0.507874 -0.258274 0.058000,
        -0.505975 -0.258274 0.058787,
        0.503937 0.505975 0.058787,
        -0.503937 0.505975 0.058787,
        0.503937 0.507874 0.058000,
        -0.503937 0.507874 0.058000,
        0.503937 0.509505 0.056749,
        -0.503937 0.509505 0.056749,
        0.503937 0.510756 0.055118,
        -0.503937 0.510756 0.055118,
        0.503937 0.511543 0.053219,
        -0.503937 0.511543 0.053219,
        -0.511543 -0.503937 0.053219,
        -0.510756 -0.503937 0.055118,
        -0.509505 -0.503937 0.056749,
        -0.507874 -0.503937 0.058000,
        -0.505975 -0.503937 0.058787,
        0.511543 0.503937 0.053219,
        0.511543 0.258274 0.053219,
        0.510756 0.503937 0.055118,
        0.510756 0.258274 0.055118,
        0.509505 0.503937 0.056749,
        0.509505 0.258274 0.056749,
        0.507874 0.503937 0.058000,
        0.507874 0.258274 0.058000,
        0.505975 0.503937 0.058787,
        0.505975 0.258274 0.058787,
        -0.503937 -0.505975 0.058787,
        0.503937 -0.505975 0.058787,
        -0.503937 -0.507874 0.058000,
        0.503937 -0.507874 0.058000,
        -0.503937 -0.509505 0.056749,
        0.503937 -0.509505 0.056749,
        -0.503937 -0.510756 0.055118,
        0.503937 -0.510756 0.055118,
        -0.503937 -0.511543 0.053219,
        0.503937 -0.511543 0.053219,
        0.532443 0.228426 0.053219,
        0.525544 0.231941 0.053219,
        0.532174 0.227686 0.055118,
        0.525105 0.231288 0.055118,
        0.531746 0.226511 0.056749,
        0.524405 0.230251 0.056749,
        0.531188 0.224978 0.058000,
        0.523493 0.228899 0.058000,
        0.530539 0.223194 0.058787,
        0.522431 0.227324 0.058787,
        0.519702 0.237020 0.053219,
        0.519117 0.236493 0.055118,
        0.518187 0.235656 0.056749,
        0.516975 0.234565 0.058000,
        0.515564 0.233294 0.058787,
        0.515261 0.243362 0.053219,
        0.514566 0.242993 0.055118,
        0.513461 0.242405 0.056749,
        0.512022 0.241639 0.058000,
        0.510345 0.240748 0.058787,
        0.512486 0.250590 0.053219,
        0.511723 0.250400 0.055118,
        0.510509 0.250097 0.056749,
        0.508926 0.249702 0.058000,
        0.507084 0.249243 0.058787,
        0.511543 -0.258274 0.053219,
        0.511543 -0.503937 0.053219,
        0.510756 -0.258274 0.055118,
        0.510756 -0.503937 0.055118,
        0.509505 -0.258274 0.056749,
        0.509505 -0.503937 0.056749,
        0.507874 -0.258274 0.058000,
        0.507874 -0.503937 0.058000,
        0.505975 -0.258274 0.058787,
        0.505975 -0.503937 0.058787,
        0.569736 0.214852 0.053219,
        0.569467 0.214113 0.055118,
        0.569039 0.212937 0.056749,
        0.568481 0.211405 0.058000,
        0.567831 0.209620 0.058787,
        0.512486 -0.250590 0.053219,
        0.511723 -0.250400 0.055118,
        0.510509 -0.250097 0.056749,
        0.508926 -0.249702 0.058000,
        0.507084 -0.249243 0.058787,
        0.515261 -0.243362 0.053219,
        0.514566 -0.242993 0.055118,
        0.513461 -0.242405 0.056749,
        0.512022 -0.241639 0.058000,
        0.510345 -0.240748 0.058787,
        0.519702 -0.237020 0.053219,
        0.519117 -0.236493 0.055118,
        0.518187 -0.235656 0.056749,
        0.516975 -0.234565 0.058000,
        0.515564 -0.233294 0.058787,
        0.525544 -0.231941 0.053219,
        0.525105 -0.231288 0.055118,
        0.524405 -0.230251 0.056749,
        0.523493 -0.228899 0.058000,
        0.522431 -0.227324 0.058787,
        0.532443 -0.228426 0.053219,
        0.532174 -0.227686 0.055118,
        0.531746 -0.226511 0.056749,
        0.531188 -0.224978 0.058000,
        0.530539 -0.223194 0.058787,
        0.573404 0.206781 0.058787,
        0.574466 0.208355 0.058000,
        0.575378 0.209707 0.056749,
        0.576078 0.210744 0.055118,
        0.576517 0.211396 0.053219,
        0.578124 0.202678 0.058787,
        0.579535 0.203948 0.058000,
        0.580747 0.205039 0.056749,
        0.581677 0.205877 0.055118,
        0.582262 0.206403 0.053219,
        0.581711 0.197554 0.058787,
        0.583388 0.198446 0.058000,
        0.584828 0.199211 0.056749,
        0.585933 0.199799 0.055118,
        0.586628 0.200168 0.053219,
        0.583953 0.191715 0.058787,
        0.585796 0.192175 0.058000,
        0.587378 0.192569 0.056749,
        0.588592 0.192872 0.055118,
        0.589355 0.193062 0.053219,
        0.584715 0.185507 0.058787,
        0.586614 0.185507 0.058000,
        0.588245 0.185507 0.056749,
        0.589496 0.185507 0.055118,
        0.590283 0.185507 0.053219,
        0.569736 -0.214852 0.053219,
        0.569467 -0.214113 0.055118,
        0.569039 -0.212937 0.056749,
        0.568481 -0.211405 0.058000,
        0.567831 -0.209620 0.058787,
        0.584715 -0.185507 0.058787,
        0.586614 -0.185507 0.058000,
        0.588245 -0.185507 0.056749,
        0.589496 -0.185507 0.055118,
        0.590283 -0.185507 0.053219,
        0.583953 -0.191715 0.058787,
        0.585796 -0.192175 0.058000,
        0.587378 -0.192569 0.056749,
        0.588592 -0.192872 0.055118,
        0.589355 -0.193062 0.053219,
        0.581711 -0.197554 0.058787,
        0.583388 -0.198446 0.058000,
        0.584828 -0.199211 0.056749,
        0.585933 -0.199799 0.055118,
        0.586628 -0.200168 0.053219,
        0.578124 -0.202678 0.058787,
        0.579535 -0.203948 0.058000,
        0.580747 -0.205039 0.056749,
        0.581677 -0.205877 0.055118,
        0.582262 -0.206403 0.053219,
        0.573404 -0.206781 0.058787,
        0.574466 -0.208355 0.058000,
        0.575378 -0.209707 0.056749,
        0.576078 -0.210744 0.055118,
        0.576517 -0.211396 0.053219,
        0.511543 -0.505975 0.051181,
        0.510756 -0.507874 0.051181,
        0.509505 -0.509505 0.051181,
        0.507874 -0.510756 0.051181,
        0.505975 -0.511543 0.051181,
        0.511283 -0.505906 0.053219,
        0.507346 -0.505906 0.058000,
        0.505702 -0.504956 0.058787,
        0.505378 -0.505378 0.058787,
        0.504465 -0.505906 0.058787,
        0.505906 -0.504465 0.058787,
        0.507740 -0.504956 0.058000,
        0.509315 -0.505378 0.056749,
        0.506721 -0.506721 0.058000,
        0.504956 -0.505702 0.058787,
        0.505906 -0.507346 0.058000,
        0.504956 -0.507740 0.058000,
        0.508759 -0.506721 0.056749,
        0.507874 -0.507874 0.056749,
        0.506721 -0.508759 0.056749,
        0.505378 -0.509315 0.056749,
        0.510524 -0.505702 0.055118,
        0.509843 -0.507346 0.055118,
        0.508759 -0.508759 0.055118,
        0.507346 -0.509843 0.055118,
        0.505702 -0.510524 0.055118,
        0.510524 -0.507740 0.053219,
        0.509315 -0.509315 0.053219,
        0.507740 -0.510524 0.053219,
        0.505906 -0.511283 0.053219,
        -0.505975 -0.511543 0.051181,
        -0.507874 -0.510756 0.051181,
        -0.509505 -0.509505 0.051181,
        -0.510756 -0.507874 0.051181,
        -0.511543 -0.505975 0.051181,
        -0.505906 -0.511283 0.053219,
        -0.505906 -0.507346 0.058000,
        -0.504956 -0.505702 0.058787,
        -0.505378 -0.505378 0.058787,
        -0.505906 -0.504465 0.058787,
        -0.504465 -0.505906 0.058787,
        -0.504956 -0.507740 0.058000,
        -0.505378 -0.509315 0.056749,
        -0.506721 -0.506721 0.058000,
        -0.505702 -0.504956 0.058787,
        -0.507346 -0.505906 0.058000,
        -0.507740 -0.504956 0.058000,
        -0.506721 -0.508759 0.056749,
        -0.507874 -0.507874 0.056749,
        -0.508759 -0.506721 0.056749,
        -0.509315 -0.505378 0.056749,
        -0.505702 -0.510524 0.055118,
        -0.507346 -0.509843 0.055118,
        -0.508759 -0.508759 0.055118,
        -0.509843 -0.507346 0.055118,
        -0.510524 -0.505702 0.055118,
        -0.507740 -0.510524 0.053219,
        -0.509315 -0.509315 0.053219,
        -0.510524 -0.507740 0.053219,
        -0.511283 -0.505906 0.053219,
        -0.511543 0.505975 0.051181,
        -0.510756 0.507874 0.051181,
        -0.509505 0.509505 0.051181,
        -0.507874 0.510756 0.051181,
        -0.505975 0.511543 0.051181,
        -0.510524 0.505702 0.055118,
        -0.509315 0.505378 0.056749,
        -0.507740 0.504956 0.058000,
        -0.505906 0.504465 0.058787,
        -0.505702 0.504956 0.058787,
        -0.504465 0.505906 0.058787,
        -0.506721 0.506721 0.058000,
        -0.504956 0.505702 0.058787,
        -0.505906 0.507346 0.058000,
        -0.504956 0.507740 0.058000,
        -0.507346 0.505906 0.058000,
        -0.505378 0.505378 0.058787,
        -0.508759 0.506721 0.056749,
        -0.507874 0.507874 0.056749,
        -0.506721 0.508759 0.056749,
        -0.505378 0.509315 0.056749,
        -0.509843 0.507346 0.055118,
        -0.508759 0.508759 0.055118,
        -0.507346 0.509843 0.055118,
        -0.505702 0.510524 0.055118,
        -0.511283 0.505906 0.053219,
        -0.510524 0.507740 0.053219,
        -0.509315 0.509315 0.053219,
        -0.507740 0.510524 0.053219,
        -0.505906 0.511283 0.053219,
        0.505975 0.511543 0.051181,
        0.507874 0.510756 0.051181,
        0.509505 0.509505 0.051181,
        0.510756 0.507874 0.051181,
        0.511543 0.505975 0.051181,
        0.505906 0.511283 0.053219,
        0.505906 0.507346 0.058000,
        0.504956 0.505702 0.058787,
        0.505378 0.505378 0.058787,
        0.505906 0.504465 0.058787,
        0.504465 0.505906 0.058787,
        0.504956 0.507740 0.058000,
        0.505378 0.509315 0.056749,
        0.506721 0.506721 0.058000,
        0.505702 0.504956 0.058787,
        0.507346 0.505906 0.058000,
        0.507740 0.504956 0.058000,
        0.506721 0.508759 0.056749,
        0.507874 0.507874 0.056749,
        0.508759 0.506721 0.056749,
        0.509315 0.505378 0.056749,
        0.505702 0.510524 0.055118,
        0.507346 0.509843 0.055118,
        0.508759 0.508759 0.055118,
        0.509843 0.507346 0.055118,
        0.510524 0.505702 0.055118,
        0.507740 0.510524 0.053219,
        0.509315 0.509315 0.053219,
        0.510524 0.507740 0.053219,
        0.511283 0.505906 0.053219,
      ]
    }
    coordIndex [
      4, 5, 168, -1,
      4, 168, 169, -1,
      169, 168, 170, -1,
      169, 170, 171, -1,
      171, 170, 172, -1,
      171, 172, 173, -1,
      173, 172, 174, -1,
      174, 172, 175, -1,
      174, 175, 176, -1,
      175, 177, 176, -1,
      176, 177, 178, -1,
      176, 178, 179, -1,
      179, 178, 180, -1,
      179, 180, 181, -1,
      181, 180, 182, -1,
      181, 182, 183, -1,
      183, 182, 78, -1,
      183, 78, 79, -1,
      173, 184, 171, -1,
      171, 184, 185, -1,
      171, 185, 169, -1,
      169, 185, 3, -1,
      169, 3, 4, -1,
      186, 187, 173, -1,
      173, 187, 188, -1,
      173, 188, 184, -1,
      79, 164, 183, -1,
      183, 164, 189, -1,
      183, 189, 181, -1,
      181, 189, 190, -1,
      181, 190, 179, -1,
      179, 190, 191, -1,
      179, 191, 176, -1,
      176, 191, 186, -1,
      176, 186, 174, -1,
      174, 186, 173, -1,
      192, 193, 175, -1,
      175, 193, 194, -1,
      175, 194, 177, -1,
      177, 194, 195, -1,
      177, 195, 178, -1,
      178, 195, 196, -1,
      178, 196, 180, -1,
      180, 196, 197, -1,
      180, 197, 182, -1,
      182, 197, 157, -1,
      182, 157, 78, -1,
      175, 172, 192, -1,
      192, 172, 170, -1,
      192, 170, 198, -1,
      198, 170, 168, -1,
      198, 168, 199, -1,
      199, 168, 5, -1,
      199, 5, 7, -1,
      200, 201, 190, -1,
      202, 203, 186, -1,
      204, 205, 188, -1,
      188, 205, 206, -1,
      188, 206, 184, -1,
      184, 206, 207, -1,
      184, 207, 185, -1,
      185, 207, 0, -1,
      185, 0, 3, -1,
      204, 188, 203, -1,
      203, 188, 187, -1,
      203, 187, 186, -1,
      202, 186, 201, -1,
      201, 186, 191, -1,
      201, 191, 190, -1,
      200, 190, 165, -1,
      165, 190, 189, -1,
      165, 189, 164, -1,
      156, 157, 208, -1,
      208, 157, 197, -1,
      208, 197, 209, -1,
      209, 197, 196, -1,
      209, 196, 210, -1,
      210, 196, 195, -1,
      210, 195, 211, -1,
      211, 195, 194, -1,
      211, 194, 212, -1,
      212, 194, 193, -1,
      212, 193, 213, -1,
      193, 192, 213, -1,
      213, 192, 198, -1,
      213, 198, 214, -1,
      214, 198, 199, -1,
      214, 199, 215, -1,
      215, 199, 7, -1,
      215, 7, 6, -1,
      1, 0, 207, -1,
      1, 207, 216, -1,
      216, 207, 206, -1,
      216, 206, 217, -1,
      217, 206, 205, -1,
      217, 205, 218, -1,
      218, 205, 204, -1,
      218, 204, 219, -1,
      219, 204, 203, -1,
      219, 203, 220, -1,
      220, 203, 202, -1,
      220, 202, 221, -1,
      221, 202, 201, -1,
      221, 201, 222, -1,
      222, 201, 200, -1,
      222, 200, 223, -1,
      223, 200, 165, -1,
      223, 165, 158, -1,
      167, 156, 208, -1,
      167, 208, 224, -1,
      224, 208, 209, -1,
      224, 209, 225, -1,
      225, 209, 210, -1,
      225, 210, 226, -1,
      226, 210, 211, -1,
      226, 211, 227, -1,
      227, 211, 212, -1,
      227, 212, 228, -1,
      228, 212, 213, -1,
      228, 213, 229, -1,
      229, 213, 214, -1,
      229, 214, 230, -1,
      230, 214, 215, -1,
      230, 215, 231, -1,
      231, 215, 6, -1,
      231, 6, 8, -1,
      2, 1, 216, -1,
      2, 216, 232, -1,
      232, 216, 217, -1,
      232, 217, 233, -1,
      233, 217, 218, -1,
      233, 218, 234, -1,
      234, 218, 235, -1,
      235, 218, 219, -1,
      235, 219, 220, -1,
      158, 159, 223, -1,
      223, 159, 236, -1,
      223, 236, 222, -1,
      222, 236, 237, -1,
      222, 237, 221, -1,
      221, 237, 238, -1,
      221, 238, 220, -1,
      220, 238, 239, -1,
      220, 239, 235, -1,
      240, 166, 167, -1,
      240, 167, 241, -1,
      167, 224, 241, -1,
      241, 224, 225, -1,
      241, 225, 242, -1,
      242, 225, 243, -1,
      243, 225, 226, -1,
      243, 226, 227, -1,
      228, 244, 227, -1,
      227, 244, 245, -1,
      227, 245, 243, -1,
      228, 229, 244, -1,
      244, 229, 230, -1,
      244, 230, 246, -1,
      246, 230, 231, -1,
      246, 231, 247, -1,
      247, 231, 8, -1,
      247, 8, 11, -1,
      9, 2, 232, -1,
      9, 232, 248, -1,
      248, 232, 233, -1,
      248, 233, 249, -1,
      249, 233, 234, -1,
      249, 234, 250, -1,
      250, 234, 251, -1,
      251, 234, 235, -1,
      251, 235, 239, -1,
      159, 76, 236, -1,
      236, 76, 252, -1,
      236, 252, 237, -1,
      237, 252, 253, -1,
      237, 253, 238, -1,
      238, 253, 254, -1,
      238, 254, 239, -1,
      239, 254, 255, -1,
      239, 255, 251, -1,
      243, 245, 256, -1,
      77, 166, 257, -1,
      257, 166, 240, -1,
      257, 240, 258, -1,
      258, 240, 241, -1,
      258, 241, 259, -1,
      259, 241, 242, -1,
      259, 242, 260, -1,
      260, 242, 243, -1,
      260, 243, 261, -1,
      261, 243, 256, -1,
      245, 244, 256, -1,
      256, 244, 246, -1,
      256, 246, 262, -1,
      262, 246, 247, -1,
      262, 247, 263, -1,
      263, 247, 11, -1,
      263, 11, 10, -1,
      10, 9, 248, -1,
      10, 248, 263, -1,
      263, 248, 249, -1,
      263, 249, 262, -1,
      262, 249, 250, -1,
      262, 250, 256, -1,
      256, 250, 261, -1,
      261, 250, 251, -1,
      261, 251, 260, -1,
      251, 255, 260, -1,
      260, 255, 254, -1,
      260, 254, 259, -1,
      259, 254, 253, -1,
      259, 253, 258, -1,
      258, 253, 252, -1,
      258, 252, 257, -1,
      257, 252, 76, -1,
      257, 76, 77, -1,
      264, 70, 265, -1,
      265, 70, 73, -1,
      266, 81, 267, -1,
      267, 81, 80, -1,
      268, 17, 269, -1,
      269, 17, 40, -1,
      270, 55, 271, -1,
      271, 55, 54, -1,
      271, 54, 272, -1,
      272, 54, 53, -1,
      272, 53, 273, -1,
      273, 53, 52, -1,
      273, 52, 274, -1,
      274, 52, 58, -1,
      274, 58, 275, -1,
      275, 58, 57, -1,
      275, 57, 95, -1,
      95, 57, 56, -1,
      101, 63, 62, -1,
      101, 62, 276, -1,
      276, 62, 61, -1,
      276, 61, 277, -1,
      277, 61, 60, -1,
      277, 60, 278, -1,
      278, 60, 59, -1,
      278, 59, 279, -1,
      279, 59, 55, -1,
      279, 55, 270, -1,
      64, 100, 280, -1,
      64, 280, 74, -1,
      74, 280, 281, -1,
      74, 281, 75, -1,
      75, 281, 282, -1,
      75, 282, 71, -1,
      71, 282, 283, -1,
      71, 283, 72, -1,
      72, 283, 265, -1,
      72, 265, 73, -1,
      70, 264, 65, -1,
      65, 264, 284, -1,
      65, 284, 66, -1,
      66, 284, 285, -1,
      66, 285, 67, -1,
      67, 285, 286, -1,
      67, 286, 68, -1,
      68, 286, 287, -1,
      68, 287, 69, -1,
      69, 287, 92, -1,
      267, 80, 288, -1,
      288, 80, 86, -1,
      288, 86, 289, -1,
      289, 86, 85, -1,
      289, 85, 290, -1,
      290, 85, 82, -1,
      290, 82, 291, -1,
      291, 82, 83, -1,
      291, 83, 163, -1,
      163, 83, 84, -1,
      97, 91, 90, -1,
      97, 90, 292, -1,
      292, 90, 89, -1,
      292, 89, 293, -1,
      293, 89, 88, -1,
      293, 88, 294, -1,
      294, 88, 87, -1,
      294, 87, 295, -1,
      295, 87, 81, -1,
      295, 81, 266, -1,
      21, 96, 296, -1,
      21, 296, 45, -1,
      45, 296, 297, -1,
      45, 297, 46, -1,
      46, 297, 298, -1,
      46, 298, 38, -1,
      38, 298, 299, -1,
      38, 299, 39, -1,
      39, 299, 269, -1,
      39, 269, 40, -1,
      17, 268, 18, -1,
      18, 268, 300, -1,
      18, 300, 29, -1,
      29, 300, 301, -1,
      29, 301, 30, -1,
      30, 301, 302, -1,
      30, 302, 31, -1,
      31, 302, 303, -1,
      31, 303, 32, -1,
      32, 303, 160, -1,
      128, 135, 304, -1,
      304, 135, 305, -1,
      304, 305, 306, -1,
      306, 305, 307, -1,
      306, 307, 308, -1,
      308, 307, 309, -1,
      308, 309, 310, -1,
      310, 309, 311, -1,
      310, 311, 312, -1,
      312, 311, 313, -1,
      312, 313, 96, -1,
      96, 313, 296, -1,
      135, 134, 305, -1,
      305, 134, 314, -1,
      305, 314, 307, -1,
      307, 314, 315, -1,
      307, 315, 309, -1,
      309, 315, 316, -1,
      309, 316, 311, -1,
      311, 316, 317, -1,
      311, 317, 313, -1,
      313, 317, 318, -1,
      313, 318, 296, -1,
      296, 318, 297, -1,
      134, 133, 314, -1,
      314, 133, 319, -1,
      314, 319, 315, -1,
      315, 319, 320, -1,
      315, 320, 316, -1,
      316, 320, 321, -1,
      316, 321, 317, -1,
      317, 321, 322, -1,
      317, 322, 318, -1,
      318, 322, 323, -1,
      318, 323, 297, -1,
      297, 323, 298, -1,
      133, 132, 319, -1,
      319, 132, 324, -1,
      319, 324, 320, -1,
      320, 324, 325, -1,
      320, 325, 321, -1,
      321, 325, 326, -1,
      321, 326, 322, -1,
      322, 326, 327, -1,
      322, 327, 323, -1,
      323, 327, 328, -1,
      323, 328, 298, -1,
      298, 328, 299, -1,
      132, 131, 324, -1,
      324, 131, 329, -1,
      324, 329, 325, -1,
      325, 329, 330, -1,
      325, 330, 326, -1,
      326, 330, 331, -1,
      326, 331, 327, -1,
      327, 331, 332, -1,
      327, 332, 328, -1,
      328, 332, 333, -1,
      328, 333, 299, -1,
      299, 333, 269, -1,
      129, 128, 304, -1,
      129, 304, 334, -1,
      334, 304, 306, -1,
      334, 306, 335, -1,
      335, 306, 308, -1,
      335, 308, 336, -1,
      336, 308, 310, -1,
      336, 310, 337, -1,
      337, 310, 312, -1,
      337, 312, 338, -1,
      338, 312, 96, -1,
      338, 96, 97, -1,
      268, 269, 333, -1,
      268, 333, 339, -1,
      339, 333, 332, -1,
      339, 332, 340, -1,
      340, 332, 331, -1,
      340, 331, 341, -1,
      341, 331, 330, -1,
      341, 330, 342, -1,
      342, 330, 329, -1,
      342, 329, 343, -1,
      343, 329, 131, -1,
      343, 131, 130, -1,
      151, 150, 344, -1,
      344, 150, 345, -1,
      344, 345, 346, -1,
      346, 345, 347, -1,
      346, 347, 348, -1,
      348, 347, 349, -1,
      348, 349, 350, -1,
      350, 349, 351, -1,
      350, 351, 352, -1,
      352, 351, 353, -1,
      352, 353, 266, -1,
      266, 353, 295, -1,
      150, 147, 345, -1,
      345, 147, 354, -1,
      345, 354, 347, -1,
      347, 354, 355, -1,
      347, 355, 349, -1,
      349, 355, 356, -1,
      349, 356, 351, -1,
      351, 356, 357, -1,
      351, 357, 353, -1,
      353, 357, 358, -1,
      353, 358, 295, -1,
      295, 358, 294, -1,
      147, 148, 354, -1,
      354, 148, 359, -1,
      354, 359, 355, -1,
      355, 359, 360, -1,
      355, 360, 356, -1,
      356, 360, 361, -1,
      356, 361, 357, -1,
      357, 361, 362, -1,
      357, 362, 358, -1,
      358, 362, 363, -1,
      358, 363, 294, -1,
      294, 363, 293, -1,
      148, 149, 359, -1,
      359, 149, 364, -1,
      359, 364, 360, -1,
      360, 364, 365, -1,
      360, 365, 361, -1,
      361, 365, 366, -1,
      361, 366, 362, -1,
      362, 366, 367, -1,
      362, 367, 363, -1,
      363, 367, 368, -1,
      363, 368, 293, -1,
      293, 368, 292, -1,
      149, 129, 364, -1,
      364, 129, 334, -1,
      364, 334, 365, -1,
      365, 334, 335, -1,
      365, 335, 366, -1,
      366, 335, 336, -1,
      366, 336, 367, -1,
      367, 336, 337, -1,
      367, 337, 368, -1,
      368, 337, 338, -1,
      368, 338, 292, -1,
      292, 338, 97, -1,
      160, 303, 369, -1,
      369, 303, 370, -1,
      369, 370, 371, -1,
      371, 370, 372, -1,
      372, 370, 373, -1,
      372, 373, 374, -1,
      374, 373, 375, -1,
      375, 373, 376, -1,
      375, 376, 377, -1,
      377, 376, 378, -1,
      378, 376, 379, -1,
      378, 379, 380, -1,
      380, 379, 381, -1,
      381, 379, 382, -1,
      381, 382, 383, -1,
      383, 382, 384, -1,
      384, 382, 127, -1,
      384, 127, 115, -1,
      303, 302, 370, -1,
      370, 302, 385, -1,
      370, 385, 373, -1,
      373, 385, 386, -1,
      373, 386, 376, -1,
      376, 386, 387, -1,
      376, 387, 379, -1,
      379, 387, 388, -1,
      379, 388, 382, -1,
      382, 388, 389, -1,
      382, 389, 127, -1,
      127, 389, 126, -1,
      302, 301, 385, -1,
      385, 301, 390, -1,
      385, 390, 386, -1,
      386, 390, 391, -1,
      386, 391, 387, -1,
      387, 391, 392, -1,
      387, 392, 388, -1,
      388, 392, 393, -1,
      388, 393, 389, -1,
      389, 393, 394, -1,
      389, 394, 126, -1,
      126, 394, 125, -1,
      301, 300, 390, -1,
      390, 300, 395, -1,
      390, 395, 391, -1,
      391, 395, 396, -1,
      391, 396, 392, -1,
      392, 396, 397, -1,
      392, 397, 393, -1,
      393, 397, 398, -1,
      393, 398, 394, -1,
      394, 398, 399, -1,
      394, 399, 125, -1,
      125, 399, 116, -1,
      300, 268, 395, -1,
      395, 268, 339, -1,
      395, 339, 396, -1,
      396, 339, 340, -1,
      396, 340, 397, -1,
      397, 340, 341, -1,
      397, 341, 398, -1,
      398, 341, 342, -1,
      398, 342, 399, -1,
      399, 342, 343, -1,
      399, 343, 116, -1,
      116, 343, 130, -1,
      266, 267, 400, -1,
      266, 400, 352, -1,
      352, 400, 401, -1,
      352, 401, 350, -1,
      350, 401, 402, -1,
      350, 402, 348, -1,
      348, 402, 403, -1,
      348, 403, 346, -1,
      346, 403, 404, -1,
      346, 404, 344, -1,
      344, 404, 107, -1,
      344, 107, 151, -1,
      160, 369, 161, -1,
      161, 369, 405, -1,
      405, 369, 406, -1,
      406, 369, 371, -1,
      406, 371, 407, -1,
      407, 371, 372, -1,
      407, 372, 408, -1,
      408, 372, 374, -1,
      408, 374, 409, -1,
      409, 374, 375, -1,
      409, 375, 410, -1,
      410, 375, 377, -1,
      410, 377, 411, -1,
      411, 377, 378, -1,
      411, 378, 412, -1,
      412, 378, 380, -1,
      412, 380, 413, -1,
      413, 380, 381, -1,
      413, 381, 414, -1,
      414, 381, 383, -1,
      414, 383, 415, -1,
      383, 384, 415, -1,
      415, 384, 115, -1,
      415, 115, 123, -1,
      267, 288, 400, -1,
      400, 288, 416, -1,
      400, 416, 401, -1,
      401, 416, 417, -1,
      401, 417, 402, -1,
      402, 417, 418, -1,
      402, 418, 403, -1,
      403, 418, 419, -1,
      403, 419, 404, -1,
      404, 419, 420, -1,
      404, 420, 107, -1,
      107, 420, 108, -1,
      288, 289, 416, -1,
      416, 289, 421, -1,
      416, 421, 417, -1,
      417, 421, 422, -1,
      417, 422, 418, -1,
      418, 422, 423, -1,
      418, 423, 419, -1,
      419, 423, 424, -1,
      419, 424, 420, -1,
      420, 424, 425, -1,
      420, 425, 108, -1,
      108, 425, 137, -1,
      289, 290, 421, -1,
      421, 290, 426, -1,
      421, 426, 422, -1,
      422, 426, 427, -1,
      422, 427, 423, -1,
      423, 427, 428, -1,
      423, 428, 424, -1,
      424, 428, 429, -1,
      424, 429, 425, -1,
      425, 429, 430, -1,
      425, 430, 137, -1,
      137, 430, 138, -1,
      290, 291, 426, -1,
      426, 291, 431, -1,
      426, 431, 427, -1,
      427, 431, 432, -1,
      427, 432, 428, -1,
      428, 432, 433, -1,
      428, 433, 429, -1,
      429, 433, 434, -1,
      429, 434, 430, -1,
      430, 434, 435, -1,
      430, 435, 138, -1,
      138, 435, 139, -1,
      291, 163, 431, -1,
      431, 163, 436, -1,
      431, 436, 432, -1,
      432, 436, 437, -1,
      432, 437, 433, -1,
      433, 437, 438, -1,
      433, 438, 434, -1,
      434, 438, 439, -1,
      434, 439, 435, -1,
      435, 439, 440, -1,
      435, 440, 139, -1,
      139, 440, 136, -1,
      123, 124, 441, -1,
      123, 441, 442, -1,
      442, 441, 443, -1,
      442, 443, 444, -1,
      444, 443, 445, -1,
      444, 445, 446, -1,
      446, 445, 447, -1,
      446, 447, 448, -1,
      448, 447, 449, -1,
      448, 449, 450, -1,
      450, 449, 103, -1,
      450, 103, 102, -1,
      163, 162, 451, -1,
      163, 451, 436, -1,
      436, 451, 452, -1,
      436, 452, 437, -1,
      437, 452, 453, -1,
      437, 453, 438, -1,
      438, 453, 454, -1,
      438, 454, 439, -1,
      439, 454, 455, -1,
      439, 455, 440, -1,
      440, 455, 155, -1,
      440, 155, 136, -1,
      95, 94, 456, -1,
      95, 456, 457, -1,
      457, 456, 458, -1,
      457, 458, 459, -1,
      459, 458, 460, -1,
      459, 460, 461, -1,
      461, 460, 462, -1,
      461, 462, 463, -1,
      463, 462, 464, -1,
      463, 464, 465, -1,
      465, 464, 124, -1,
      465, 124, 120, -1,
      140, 155, 466, -1,
      140, 466, 467, -1,
      467, 466, 468, -1,
      467, 468, 469, -1,
      469, 468, 470, -1,
      469, 470, 471, -1,
      471, 470, 472, -1,
      471, 472, 473, -1,
      473, 472, 474, -1,
      473, 474, 475, -1,
      475, 474, 99, -1,
      475, 99, 98, -1,
      271, 272, 476, -1,
      476, 272, 477, -1,
      476, 477, 478, -1,
      478, 477, 479, -1,
      478, 479, 480, -1,
      480, 479, 481, -1,
      480, 481, 482, -1,
      482, 481, 483, -1,
      482, 483, 484, -1,
      484, 483, 485, -1,
      484, 485, 105, -1,
      105, 485, 104, -1,
      272, 273, 477, -1,
      477, 273, 486, -1,
      477, 486, 479, -1,
      479, 486, 487, -1,
      479, 487, 481, -1,
      481, 487, 488, -1,
      481, 488, 483, -1,
      483, 488, 489, -1,
      483, 489, 485, -1,
      485, 489, 490, -1,
      485, 490, 104, -1,
      104, 490, 117, -1,
      273, 274, 486, -1,
      486, 274, 491, -1,
      486, 491, 487, -1,
      487, 491, 492, -1,
      487, 492, 488, -1,
      488, 492, 493, -1,
      488, 493, 489, -1,
      489, 493, 494, -1,
      489, 494, 490, -1,
      490, 494, 495, -1,
      490, 495, 117, -1,
      117, 495, 118, -1,
      274, 275, 491, -1,
      491, 275, 496, -1,
      491, 496, 492, -1,
      492, 496, 497, -1,
      492, 497, 493, -1,
      493, 497, 498, -1,
      493, 498, 494, -1,
      494, 498, 499, -1,
      494, 499, 495, -1,
      495, 499, 500, -1,
      495, 500, 118, -1,
      118, 500, 119, -1,
      275, 95, 496, -1,
      496, 95, 457, -1,
      496, 457, 497, -1,
      497, 457, 459, -1,
      497, 459, 498, -1,
      498, 459, 461, -1,
      498, 461, 499, -1,
      499, 461, 463, -1,
      499, 463, 500, -1,
      500, 463, 465, -1,
      500, 465, 119, -1,
      119, 465, 120, -1,
      93, 92, 501, -1,
      93, 501, 502, -1,
      502, 501, 503, -1,
      502, 503, 504, -1,
      504, 503, 505, -1,
      504, 505, 506, -1,
      506, 505, 507, -1,
      506, 507, 508, -1,
      508, 507, 509, -1,
      508, 509, 510, -1,
      510, 509, 141, -1,
      510, 141, 140, -1,
      270, 271, 476, -1,
      270, 476, 511, -1,
      511, 476, 478, -1,
      511, 478, 512, -1,
      512, 478, 480, -1,
      512, 480, 513, -1,
      513, 480, 482, -1,
      513, 482, 514, -1,
      514, 482, 484, -1,
      514, 484, 515, -1,
      515, 484, 105, -1,
      515, 105, 106, -1,
      92, 287, 501, -1,
      501, 287, 516, -1,
      501, 516, 503, -1,
      503, 516, 517, -1,
      503, 517, 505, -1,
      505, 517, 518, -1,
      505, 518, 507, -1,
      507, 518, 519, -1,
      507, 519, 509, -1,
      509, 519, 520, -1,
      509, 520, 141, -1,
      141, 520, 154, -1,
      287, 286, 516, -1,
      516, 286, 521, -1,
      516, 521, 517, -1,
      517, 521, 522, -1,
      517, 522, 518, -1,
      518, 522, 523, -1,
      518, 523, 519, -1,
      519, 523, 524, -1,
      519, 524, 520, -1,
      520, 524, 525, -1,
      520, 525, 154, -1,
      154, 525, 153, -1,
      286, 285, 521, -1,
      521, 285, 526, -1,
      521, 526, 522, -1,
      522, 526, 527, -1,
      522, 527, 523, -1,
      523, 527, 528, -1,
      523, 528, 524, -1,
      524, 528, 529, -1,
      524, 529, 525, -1,
      525, 529, 530, -1,
      525, 530, 153, -1,
      153, 530, 152, -1,
      285, 284, 526, -1,
      526, 284, 531, -1,
      526, 531, 527, -1,
      527, 531, 532, -1,
      527, 532, 528, -1,
      528, 532, 533, -1,
      528, 533, 529, -1,
      529, 533, 534, -1,
      529, 534, 530, -1,
      530, 534, 535, -1,
      530, 535, 152, -1,
      152, 535, 121, -1,
      284, 264, 531, -1,
      531, 264, 536, -1,
      531, 536, 532, -1,
      532, 536, 537, -1,
      532, 537, 533, -1,
      533, 537, 538, -1,
      533, 538, 534, -1,
      534, 538, 539, -1,
      534, 539, 535, -1,
      535, 539, 540, -1,
      535, 540, 121, -1,
      121, 540, 122, -1,
      106, 114, 515, -1,
      515, 114, 541, -1,
      515, 541, 514, -1,
      514, 541, 542, -1,
      514, 542, 513, -1,
      513, 542, 543, -1,
      513, 543, 512, -1,
      512, 543, 544, -1,
      512, 544, 511, -1,
      511, 544, 545, -1,
      511, 545, 270, -1,
      270, 545, 279, -1,
      114, 113, 541, -1,
      541, 113, 546, -1,
      541, 546, 542, -1,
      542, 546, 547, -1,
      542, 547, 543, -1,
      543, 547, 548, -1,
      543, 548, 544, -1,
      544, 548, 549, -1,
      544, 549, 545, -1,
      545, 549, 550, -1,
      545, 550, 279, -1,
      279, 550, 278, -1,
      113, 112, 546, -1,
      546, 112, 551, -1,
      546, 551, 547, -1,
      547, 551, 552, -1,
      547, 552, 548, -1,
      548, 552, 553, -1,
      548, 553, 549, -1,
      549, 553, 554, -1,
      549, 554, 550, -1,
      550, 554, 555, -1,
      550, 555, 278, -1,
      278, 555, 277, -1,
      112, 111, 551, -1,
      551, 111, 556, -1,
      551, 556, 552, -1,
      552, 556, 557, -1,
      552, 557, 553, -1,
      553, 557, 558, -1,
      553, 558, 554, -1,
      554, 558, 559, -1,
      554, 559, 555, -1,
      555, 559, 560, -1,
      555, 560, 277, -1,
      277, 560, 276, -1,
      111, 110, 556, -1,
      556, 110, 561, -1,
      556, 561, 557, -1,
      557, 561, 562, -1,
      557, 562, 558, -1,
      558, 562, 563, -1,
      558, 563, 559, -1,
      559, 563, 564, -1,
      559, 564, 560, -1,
      560, 564, 565, -1,
      560, 565, 276, -1,
      276, 565, 101, -1,
      264, 265, 566, -1,
      264, 566, 536, -1,
      536, 566, 567, -1,
      536, 567, 537, -1,
      537, 567, 568, -1,
      537, 568, 538, -1,
      538, 568, 569, -1,
      538, 569, 539, -1,
      539, 569, 570, -1,
      539, 570, 540, -1,
      540, 570, 142, -1,
      540, 142, 122, -1,
      110, 109, 571, -1,
      110, 571, 561, -1,
      561, 571, 572, -1,
      561, 572, 562, -1,
      562, 572, 573, -1,
      562, 573, 563, -1,
      563, 573, 574, -1,
      563, 574, 564, -1,
      564, 574, 575, -1,
      564, 575, 565, -1,
      565, 575, 100, -1,
      565, 100, 101, -1,
      109, 146, 571, -1,
      571, 146, 576, -1,
      571, 576, 572, -1,
      572, 576, 577, -1,
      572, 577, 573, -1,
      573, 577, 578, -1,
      573, 578, 574, -1,
      574, 578, 579, -1,
      574, 579, 575, -1,
      575, 579, 580, -1,
      575, 580, 100, -1,
      100, 580, 280, -1,
      146, 145, 576, -1,
      576, 145, 581, -1,
      576, 581, 577, -1,
      577, 581, 582, -1,
      577, 582, 578, -1,
      578, 582, 583, -1,
      578, 583, 579, -1,
      579, 583, 584, -1,
      579, 584, 580, -1,
      580, 584, 585, -1,
      580, 585, 280, -1,
      280, 585, 281, -1,
      145, 144, 581, -1,
      581, 144, 586, -1,
      581, 586, 582, -1,
      582, 586, 587, -1,
      582, 587, 583, -1,
      583, 587, 588, -1,
      583, 588, 584, -1,
      584, 588, 589, -1,
      584, 589, 585, -1,
      585, 589, 590, -1,
      585, 590, 281, -1,
      281, 590, 282, -1,
      144, 143, 586, -1,
      586, 143, 591, -1,
      586, 591, 587, -1,
      587, 591, 592, -1,
      587, 592, 588, -1,
      588, 592, 593, -1,
      588, 593, 589, -1,
      589, 593, 594, -1,
      589, 594, 590, -1,
      590, 594, 595, -1,
      590, 595, 282, -1,
      282, 595, 283, -1,
      143, 142, 591, -1,
      591, 142, 570, -1,
      591, 570, 592, -1,
      592, 570, 569, -1,
      592, 569, 593, -1,
      593, 569, 568, -1,
      593, 568, 594, -1,
      594, 568, 567, -1,
      594, 567, 595, -1,
      595, 567, 566, -1,
      595, 566, 283, -1,
      283, 566, 265, -1,
      35, 93, 596, -1,
      35, 596, 36, -1,
      36, 596, 597, -1,
      36, 597, 41, -1,
      41, 597, 598, -1,
      41, 598, 42, -1,
      42, 598, 599, -1,
      42, 599, 47, -1,
      47, 599, 600, -1,
      47, 600, 48, -1,
      48, 600, 98, -1,
      48, 98, 37, -1,
      93, 502, 601, -1,
      602, 603, 604, -1,
      140, 467, 605, -1,
      604, 603, 140, -1,
      606, 140, 603, -1,
      606, 603, 607, -1,
      607, 603, 602, -1,
      607, 602, 608, -1,
      510, 140, 606, -1,
      609, 610, 611, -1,
      611, 610, 605, -1,
      611, 605, 612, -1,
      612, 605, 467, -1,
      612, 467, 469, -1,
      510, 606, 508, -1,
      508, 606, 607, -1,
      508, 607, 506, -1,
      506, 607, 608, -1,
      506, 608, 504, -1,
      613, 609, 614, -1,
      614, 609, 611, -1,
      614, 611, 615, -1,
      615, 611, 612, -1,
      615, 612, 616, -1,
      616, 612, 469, -1,
      616, 469, 471, -1,
      617, 613, 618, -1,
      618, 613, 614, -1,
      618, 614, 619, -1,
      619, 614, 615, -1,
      619, 615, 620, -1,
      620, 615, 616, -1,
      620, 616, 621, -1,
      621, 616, 471, -1,
      621, 471, 473, -1,
      502, 617, 601, -1,
      601, 617, 618, -1,
      601, 618, 622, -1,
      622, 618, 619, -1,
      622, 619, 623, -1,
      623, 619, 620, -1,
      623, 620, 624, -1,
      624, 620, 621, -1,
      624, 621, 625, -1,
      625, 621, 473, -1,
      625, 473, 475, -1,
      93, 601, 596, -1,
      596, 601, 622, -1,
      596, 622, 597, -1,
      597, 622, 623, -1,
      597, 623, 598, -1,
      598, 623, 624, -1,
      598, 624, 599, -1,
      599, 624, 625, -1,
      599, 625, 600, -1,
      600, 625, 475, -1,
      600, 475, 98, -1,
      610, 140, 605, -1,
      502, 504, 617, -1,
      617, 504, 608, -1,
      617, 608, 613, -1,
      613, 608, 602, -1,
      613, 602, 609, -1,
      609, 602, 604, -1,
      609, 604, 610, -1,
      610, 604, 140, -1,
      14, 99, 626, -1,
      14, 626, 19, -1,
      19, 626, 627, -1,
      19, 627, 27, -1,
      27, 627, 628, -1,
      27, 628, 28, -1,
      28, 628, 629, -1,
      28, 629, 33, -1,
      33, 629, 630, -1,
      33, 630, 34, -1,
      34, 630, 162, -1,
      34, 162, 16, -1,
      99, 474, 631, -1,
      632, 633, 634, -1,
      155, 455, 635, -1,
      634, 633, 155, -1,
      636, 155, 633, -1,
      636, 633, 637, -1,
      637, 633, 632, -1,
      637, 632, 638, -1,
      466, 155, 636, -1,
      639, 640, 641, -1,
      641, 640, 635, -1,
      641, 635, 642, -1,
      642, 635, 455, -1,
      642, 455, 454, -1,
      466, 636, 468, -1,
      468, 636, 637, -1,
      468, 637, 470, -1,
      470, 637, 638, -1,
      470, 638, 472, -1,
      643, 639, 644, -1,
      644, 639, 641, -1,
      644, 641, 645, -1,
      645, 641, 642, -1,
      645, 642, 646, -1,
      646, 642, 454, -1,
      646, 454, 453, -1,
      647, 643, 648, -1,
      648, 643, 644, -1,
      648, 644, 649, -1,
      649, 644, 645, -1,
      649, 645, 650, -1,
      650, 645, 646, -1,
      650, 646, 651, -1,
      651, 646, 453, -1,
      651, 453, 452, -1,
      474, 647, 631, -1,
      631, 647, 648, -1,
      631, 648, 652, -1,
      652, 648, 649, -1,
      652, 649, 653, -1,
      653, 649, 650, -1,
      653, 650, 654, -1,
      654, 650, 651, -1,
      654, 651, 655, -1,
      655, 651, 452, -1,
      655, 452, 451, -1,
      99, 631, 626, -1,
      626, 631, 652, -1,
      626, 652, 627, -1,
      627, 652, 653, -1,
      627, 653, 628, -1,
      628, 653, 654, -1,
      628, 654, 629, -1,
      629, 654, 655, -1,
      629, 655, 630, -1,
      630, 655, 451, -1,
      630, 451, 162, -1,
      640, 155, 635, -1,
      474, 472, 647, -1,
      647, 472, 638, -1,
      647, 638, 643, -1,
      643, 638, 632, -1,
      643, 632, 639, -1,
      639, 632, 634, -1,
      639, 634, 640, -1,
      640, 634, 155, -1,
      15, 161, 656, -1,
      15, 656, 22, -1,
      22, 656, 657, -1,
      22, 657, 23, -1,
      23, 657, 658, -1,
      23, 658, 24, -1,
      24, 658, 659, -1,
      24, 659, 25, -1,
      25, 659, 660, -1,
      25, 660, 26, -1,
      26, 660, 102, -1,
      26, 102, 12, -1,
      407, 408, 661, -1,
      409, 410, 662, -1,
      663, 664, 665, -1,
      123, 442, 666, -1,
      665, 664, 123, -1,
      415, 123, 664, -1,
      411, 412, 663, -1,
      663, 412, 413, -1,
      663, 413, 664, -1,
      664, 413, 414, -1,
      664, 414, 415, -1,
      667, 668, 669, -1,
      669, 668, 666, -1,
      669, 666, 670, -1,
      670, 666, 442, -1,
      670, 442, 444, -1,
      410, 411, 662, -1,
      662, 411, 663, -1,
      662, 663, 671, -1,
      671, 663, 665, -1,
      671, 665, 672, -1,
      672, 665, 123, -1,
      673, 667, 674, -1,
      674, 667, 669, -1,
      674, 669, 675, -1,
      675, 669, 670, -1,
      675, 670, 676, -1,
      676, 670, 444, -1,
      676, 444, 446, -1,
      661, 673, 677, -1,
      677, 673, 674, -1,
      677, 674, 678, -1,
      678, 674, 675, -1,
      678, 675, 679, -1,
      679, 675, 676, -1,
      679, 676, 680, -1,
      680, 676, 446, -1,
      680, 446, 448, -1,
      405, 406, 681, -1,
      681, 406, 407, -1,
      407, 661, 681, -1,
      681, 661, 677, -1,
      681, 677, 682, -1,
      682, 677, 678, -1,
      682, 678, 683, -1,
      683, 678, 679, -1,
      683, 679, 684, -1,
      684, 679, 680, -1,
      684, 680, 685, -1,
      685, 680, 448, -1,
      685, 448, 450, -1,
      656, 161, 405, -1,
      405, 681, 656, -1,
      656, 681, 682, -1,
      656, 682, 657, -1,
      657, 682, 683, -1,
      657, 683, 658, -1,
      658, 683, 684, -1,
      658, 684, 659, -1,
      659, 684, 685, -1,
      659, 685, 660, -1,
      660, 685, 450, -1,
      660, 450, 102, -1,
      668, 123, 666, -1,
      408, 409, 661, -1,
      661, 409, 662, -1,
      661, 662, 673, -1,
      673, 662, 671, -1,
      673, 671, 667, -1,
      667, 671, 672, -1,
      667, 672, 668, -1,
      668, 672, 123, -1,
      13, 103, 686, -1,
      13, 686, 49, -1,
      49, 686, 687, -1,
      49, 687, 43, -1,
      43, 687, 688, -1,
      43, 688, 44, -1,
      44, 688, 689, -1,
      44, 689, 50, -1,
      50, 689, 690, -1,
      50, 690, 51, -1,
      51, 690, 94, -1,
      51, 94, 20, -1,
      103, 449, 691, -1,
      692, 693, 694, -1,
      124, 464, 695, -1,
      694, 693, 124, -1,
      696, 124, 693, -1,
      696, 693, 697, -1,
      697, 693, 692, -1,
      697, 692, 698, -1,
      441, 124, 696, -1,
      699, 700, 701, -1,
      701, 700, 695, -1,
      701, 695, 702, -1,
      702, 695, 464, -1,
      702, 464, 462, -1,
      441, 696, 443, -1,
      443, 696, 697, -1,
      443, 697, 445, -1,
      445, 697, 698, -1,
      445, 698, 447, -1,
      703, 699, 704, -1,
      704, 699, 701, -1,
      704, 701, 705, -1,
      705, 701, 702, -1,
      705, 702, 706, -1,
      706, 702, 462, -1,
      706, 462, 460, -1,
      707, 703, 708, -1,
      708, 703, 704, -1,
      708, 704, 709, -1,
      709, 704, 705, -1,
      709, 705, 710, -1,
      710, 705, 706, -1,
      710, 706, 711, -1,
      711, 706, 460, -1,
      711, 460, 458, -1,
      449, 707, 691, -1,
      691, 707, 708, -1,
      691, 708, 712, -1,
      712, 708, 709, -1,
      712, 709, 713, -1,
      713, 709, 710, -1,
      713, 710, 714, -1,
      714, 710, 711, -1,
      714, 711, 715, -1,
      715, 711, 458, -1,
      715, 458, 456, -1,
      103, 691, 686, -1,
      686, 691, 712, -1,
      686, 712, 687, -1,
      687, 712, 713, -1,
      687, 713, 688, -1,
      688, 713, 714, -1,
      688, 714, 689, -1,
      689, 714, 715, -1,
      689, 715, 690, -1,
      690, 715, 456, -1,
      690, 456, 94, -1,
      700, 124, 695, -1,
      449, 447, 707, -1,
      707, 447, 698, -1,
      707, 698, 703, -1,
      703, 698, 692, -1,
      703, 692, 699, -1,
      699, 692, 694, -1,
      699, 694, 700, -1,
      700, 694, 124, -1,
    ]
  }
}

Shape {
  appearance Appearance {
    material Material {
      diffuseColor 1.0000 0.9843 0.9412
      specularColor 0.5020 0.4941 0.4706
      ambientIntensity 0.2
      transparency 0.0000
      shininess 0.5
    }
  }
  geometry IndexedFaceSet {
    ccw TRUE
    solid FALSE
    coord DEF co Coordinate {
      point [
        0.385098 0.081855 0.059055,
        0.391544 0.041153 0.059055,
        0.393701 0.000000 0.059055,
        -0.359663 -0.160133 0.059055,
        -0.292577 0.263437 0.059055,
        -0.263437 0.292577 0.059055,
        -0.374432 -0.121660 0.059055,
        -0.385098 -0.081855 0.059055,
        -0.391544 -0.041153 0.059055,
        -0.393701 0.000000 0.059055,
        0.374432 0.121660 0.059055,
        0.359663 0.160133 0.059055,
        0.340955 0.196850 0.059055,
        0.318511 0.231411 0.059055,
        0.292577 0.263437 0.059055,
        0.196850 0.340955 0.059055,
        0.231411 0.318511 0.059055,
        0.263437 0.292577 0.059055,
        -0.121660 0.374432 0.059055,
        -0.081855 0.385098 0.059055,
        -0.231411 0.318511 0.059055,
        -0.196850 0.340955 0.059055,
        -0.160133 0.359663 0.059055,
        0.041153 0.391544 0.059055,
        -0.000000 0.393701 0.059055,
        -0.041153 0.391544 0.059055,
        0.081855 0.385098 0.059055,
        0.121660 0.374432 0.059055,
        0.160133 0.359663 0.059055,
        -0.391544 0.041153 0.059055,
        -0.385098 0.081855 0.059055,
        -0.374432 0.121660 0.059055,
        -0.359663 0.160133 0.059055,
        -0.340955 0.196850 0.059055,
        -0.318511 0.231411 0.059055,
        -0.196850 -0.340955 0.059055,
        -0.231411 -0.318511 0.059055,
        -0.340955 -0.196850 0.059055,
        -0.318511 -0.231411 0.059055,
        0.196850 -0.340955 0.059055,
        0.391544 -0.041153 0.059055,
        0.385098 -0.081855 0.059055,
        0.374432 -0.121660 0.059055,
        0.359663 -0.160133 0.059055,
        0.340955 -0.196850 0.059055,
        0.318511 -0.231411 0.059055,
        0.292577 -0.263437 0.059055,
        0.263437 -0.292577 0.059055,
        0.231411 -0.318511 0.059055,
        -0.263437 -0.292577 0.059055,
        -0.292577 -0.263437 0.059055,
        0.160133 -0.359663 0.059055,
        0.121660 -0.374432 0.059055,
        0.081855 -0.385098 0.059055,
        -0.041153 -0.391544 0.059055,
        0.000000 -0.393701 0.059055,
        0.041153 -0.391544 0.059055,
        -0.081855 -0.385098 0.059055,
        -0.121660 -0.374432 0.059055,
        -0.160133 -0.359663 0.059055,
        0.222124 -0.047214 0.070866,
        0.225842 -0.023737 0.070866,
        0.000000 0.000000 0.070866,
        0.227086 0.000000 0.070866,
        0.225842 0.023737 0.070866,
        0.196662 -0.113543 0.070866,
        0.207453 -0.092364 0.070866,
        0.215971 -0.070173 0.070866,
        0.151950 -0.168757 0.070866,
        0.168757 -0.151950 0.070866,
        0.183716 -0.133478 0.070866,
        0.092364 -0.207453 0.070866,
        0.113543 -0.196662 0.070866,
        0.133478 -0.183716 0.070866,
        0.023737 -0.225842 0.070866,
        0.047214 -0.222124 0.070866,
        0.070173 -0.215971 0.070866,
        -0.047214 -0.222124 0.070866,
        -0.023737 -0.225842 0.070866,
        0.000000 -0.227086 0.070866,
        -0.113543 -0.196662 0.070866,
        -0.092364 -0.207453 0.070866,
        -0.070173 -0.215971 0.070866,
        -0.168757 -0.151950 0.070866,
        -0.151950 -0.168757 0.070866,
        -0.133478 -0.183716 0.070866,
        -0.207453 -0.092364 0.070866,
        -0.196662 -0.113543 0.070866,
        -0.183716 -0.133478 0.070866,
        -0.225842 -0.023737 0.070866,
        -0.222124 -0.047214 0.070866,
        -0.215971 -0.070173 0.070866,
        -0.222124 0.047214 0.070866,
        -0.225842 0.023737 0.070866,
        -0.227086 0.000000 0.070866,
        -0.196662 0.113543 0.070866,
        -0.207453 0.092364 0.070866,
        -0.215971 0.070173 0.070866,
        -0.151950 0.168757 0.070866,
        -0.168757 0.151950 0.070866,
        -0.183716 0.133478 0.070866,
        -0.092364 0.207453 0.070866,
        -0.113543 0.196662 0.070866,
        -0.133478 0.183716 0.070866,
        -0.023737 0.225842 0.070866,
        -0.047214 0.222124 0.070866,
        -0.070173 0.215971 0.070866,
        0.047214 0.222124 0.070866,
        0.023737 0.225842 0.070866,
        -0.000000 0.227086 0.070866,
        0.113543 0.196662 0.070866,
        0.092364 0.207453 0.070866,
        0.070173 0.215971 0.070866,
        0.168757 0.151950 0.070866,
        0.151950 0.168757 0.070866,
        0.133478 0.183716 0.070866,
        0.207453 0.092364 0.070866,
        0.196662 0.113543 0.070866,
        0.183716 0.133478 0.070866,
        0.222124 0.047214 0.070866,
        0.215971 0.070173 0.070866,
        -0.336515 0.035369 0.065612,
        -0.330975 0.070351 0.065612,
        -0.321808 0.104562 0.065612,
        -0.309115 0.137627 0.065612,
        -0.293036 0.169184 0.065612,
        -0.273746 0.198888 0.065612,
        -0.251457 0.226413 0.065612,
        -0.226413 0.251457 0.065612,
        -0.198888 0.273746 0.065612,
        -0.169184 0.293036 0.065612,
        -0.137627 0.309115 0.065612,
        -0.104562 0.321808 0.065612,
        -0.070351 0.330975 0.065612,
        -0.035369 0.336515 0.065612,
        -0.000000 0.338369 0.065612,
        0.035369 0.336515 0.065612,
        0.070351 0.330975 0.065612,
        0.104562 0.321808 0.065612,
        0.137627 0.309115 0.065612,
        0.169184 0.293036 0.065612,
        0.198888 0.273746 0.065612,
        0.226413 0.251457 0.065612,
        0.251457 0.226413 0.065612,
        0.273746 0.198888 0.065612,
        0.293036 0.169184 0.065612,
        0.309115 0.137627 0.065612,
        0.321808 0.104562 0.065612,
        0.330975 0.070351 0.065612,
        0.336515 0.035369 0.065612,
        0.338369 0.000000 0.065612,
        0.336515 -0.035369 0.065612,
        0.330975 -0.070351 0.065612,
        0.321808 -0.104562 0.065612,
        0.309115 -0.137627 0.065612,
        0.293036 -0.169184 0.065612,
        0.273746 -0.198888 0.065612,
        0.251457 -0.226413 0.065612,
        0.226413 -0.251457 0.065612,
        0.198888 -0.273746 0.065612,
        0.169184 -0.293036 0.065612,
        0.137627 -0.309115 0.065612,
        0.104562 -0.321808 0.065612,
        0.070351 -0.330975 0.065612,
        0.035369 -0.336515 0.065612,
        0.000000 -0.338369 0.065612,
        -0.035369 -0.336515 0.065612,
        -0.070351 -0.330975 0.065612,
        -0.104562 -0.321808 0.065612,
        -0.137627 -0.309115 0.065612,
        -0.169184 -0.293036 0.065612,
        -0.198888 -0.273746 0.065612,
        -0.226413 -0.251457 0.065612,
        -0.251457 -0.226413 0.065612,
        -0.273746 -0.198888 0.065612,
        -0.293036 -0.169184 0.065612,
        -0.309115 -0.137627 0.065612,
        -0.321808 -0.104562 0.065612,
        -0.330975 -0.070351 0.065612,
        -0.336515 -0.035369 0.065612,
        -0.338369 0.000000 0.065612,
        -0.281240 0.029559 0.069552,
        -0.276610 0.058795 0.069552,
        -0.268949 0.087387 0.069552,
        -0.258341 0.115021 0.069552,
        -0.244903 0.141394 0.069552,
        -0.228781 0.166219 0.069552,
        -0.210154 0.189223 0.069552,
        -0.189223 0.210154 0.069552,
        -0.166219 0.228781 0.069552,
        -0.141394 0.244903 0.069552,
        -0.115021 0.258341 0.069552,
        -0.087387 0.268949 0.069552,
        -0.058795 0.276610 0.069552,
        -0.029559 0.281240 0.069552,
        -0.000000 0.282789 0.069552,
        0.029559 0.281240 0.069552,
        0.058795 0.276610 0.069552,
        0.087387 0.268949 0.069552,
        0.115021 0.258341 0.069552,
        0.141394 0.244903 0.069552,
        0.166219 0.228781 0.069552,
        0.189223 0.210154 0.069552,
        0.210154 0.189223 0.069552,
        0.228781 0.166219 0.069552,
        0.244903 0.141394 0.069552,
        0.258341 0.115021 0.069552,
        0.268949 0.087387 0.069552,
        0.276610 0.058795 0.069552,
        0.281240 0.029559 0.069552,
        0.282789 0.000000 0.069552,
        0.281240 -0.029559 0.069552,
        0.276610 -0.058795 0.069552,
        0.268949 -0.087387 0.069552,
        0.258341 -0.115021 0.069552,
        0.244903 -0.141394 0.069552,
        0.228781 -0.166219 0.069552,
        0.210154 -0.189223 0.069552,
        0.189223 -0.210154 0.069552,
        0.166219 -0.228781 0.069552,
        0.141394 -0.244903 0.069552,
        0.115021 -0.258341 0.069552,
        0.087387 -0.268949 0.069552,
        0.058795 -0.276610 0.069552,
        0.029559 -0.281240 0.069552,
        0.000000 -0.282789 0.069552,
        -0.029559 -0.281240 0.069552,
        -0.058795 -0.276610 0.069552,
        -0.087387 -0.268949 0.069552,
        -0.115021 -0.258341 0.069552,
        -0.141394 -0.244903 0.069552,
        -0.166219 -0.228781 0.069552,
        -0.189223 -0.210154 0.069552,
        -0.210154 -0.189223 0.069552,
        -0.228781 -0.166219 0.069552,
        -0.244903 -0.141394 0.069552,
        -0.258341 -0.115021 0.069552,
        -0.268949 -0.087387 0.069552,
        -0.276610 -0.058795 0.069552,
        -0.281240 -0.029559 0.069552,
        -0.282789 0.000000 0.069552,
      ]
    }
    coordIndex [
      60, 61, 62, -1,
      62, 61, 63, -1,
      62, 63, 64, -1,
      65, 66, 62, -1,
      62, 66, 67, -1,
      62, 67, 60, -1,
      68, 69, 62, -1,
      62, 69, 70, -1,
      62, 70, 65, -1,
      71, 72, 62, -1,
      62, 72, 73, -1,
      62, 73, 68, -1,
      74, 75, 62, -1,
      62, 75, 76, -1,
      62, 76, 71, -1,
      77, 78, 62, -1,
      62, 78, 79, -1,
      62, 79, 74, -1,
      80, 81, 62, -1,
      62, 81, 82, -1,
      62, 82, 77, -1,
      83, 84, 62, -1,
      62, 84, 85, -1,
      62, 85, 80, -1,
      86, 87, 62, -1,
      62, 87, 88, -1,
      62, 88, 83, -1,
      89, 90, 62, -1,
      62, 90, 91, -1,
      62, 91, 86, -1,
      92, 93, 62, -1,
      62, 93, 94, -1,
      62, 94, 89, -1,
      95, 96, 62, -1,
      62, 96, 97, -1,
      62, 97, 92, -1,
      98, 99, 62, -1,
      62, 99, 100, -1,
      62, 100, 95, -1,
      101, 102, 62, -1,
      62, 102, 103, -1,
      62, 103, 98, -1,
      104, 105, 62, -1,
      62, 105, 106, -1,
      62, 106, 101, -1,
      107, 108, 62, -1,
      62, 108, 109, -1,
      62, 109, 104, -1,
      110, 111, 62, -1,
      62, 111, 112, -1,
      62, 112, 107, -1,
      113, 114, 62, -1,
      62, 114, 115, -1,
      62, 115, 110, -1,
      116, 117, 62, -1,
      62, 117, 118, -1,
      62, 118, 113, -1,
      64, 119, 62, -1,
      62, 119, 120, -1,
      62, 120, 116, -1,
      9, 121, 29, -1,
      29, 121, 122, -1,
      29, 122, 30, -1,
      30, 122, 123, -1,
      30, 123, 31, -1,
      31, 123, 124, -1,
      31, 124, 32, -1,
      32, 124, 125, -1,
      32, 125, 33, -1,
      33, 125, 126, -1,
      33, 126, 34, -1,
      34, 126, 127, -1,
      34, 127, 4, -1,
      4, 127, 128, -1,
      4, 128, 5, -1,
      5, 128, 129, -1,
      5, 129, 20, -1,
      20, 129, 130, -1,
      20, 130, 21, -1,
      21, 130, 131, -1,
      21, 131, 22, -1,
      22, 131, 132, -1,
      22, 132, 18, -1,
      18, 132, 133, -1,
      18, 133, 19, -1,
      19, 133, 134, -1,
      19, 134, 25, -1,
      25, 134, 135, -1,
      25, 135, 24, -1,
      24, 135, 136, -1,
      24, 136, 23, -1,
      23, 136, 137, -1,
      23, 137, 26, -1,
      26, 137, 138, -1,
      26, 138, 27, -1,
      27, 138, 139, -1,
      27, 139, 28, -1,
      28, 139, 140, -1,
      28, 140, 15, -1,
      15, 140, 141, -1,
      15, 141, 16, -1,
      16, 141, 142, -1,
      16, 142, 17, -1,
      17, 142, 143, -1,
      17, 143, 14, -1,
      14, 143, 144, -1,
      14, 144, 13, -1,
      13, 144, 145, -1,
      13, 145, 12, -1,
      12, 145, 146, -1,
      12, 146, 11, -1,
      11, 146, 147, -1,
      11, 147, 10, -1,
      10, 147, 148, -1,
      10, 148, 0, -1,
      0, 148, 149, -1,
      0, 149, 1, -1,
      1, 149, 150, -1,
      1, 150, 2, -1,
      2, 150, 151, -1,
      2, 151, 40, -1,
      40, 151, 152, -1,
      40, 152, 41, -1,
      41, 152, 153, -1,
      41, 153, 42, -1,
      42, 153, 154, -1,
      42, 154, 43, -1,
      43, 154, 155, -1,
      43, 155, 44, -1,
      44, 155, 156, -1,
      44, 156, 45, -1,
      45, 156, 157, -1,
      45, 157, 46, -1,
      46, 157, 158, -1,
      46, 158, 47, -1,
      47, 158, 159, -1,
      47, 159, 48, -1,
      48, 159, 160, -1,
      48, 160, 39, -1,
      39, 160, 161, -1,
      39, 161, 51, -1,
      51, 161, 162, -1,
      51, 162, 52, -1,
      52, 162, 163, -1,
      52, 163, 53, -1,
      53, 163, 164, -1,
      53, 164, 56, -1,
      56, 164, 165, -1,
      56, 165, 55, -1,
      55, 165, 166, -1,
      55, 166, 54, -1,
      54, 166, 167, -1,
      54, 167, 57, -1,
      57, 167, 168, -1,
      57, 168, 58, -1,
      58, 168, 169, -1,
      58, 169, 59, -1,
      59, 169, 170, -1,
      59, 170, 35, -1,
      35, 170, 171, -1,
      35, 171, 36, -1,
      36, 171, 172, -1,
      36, 172, 49, -1,
      49, 172, 173, -1,
      49, 173, 50, -1,
      50, 173, 174, -1,
      50, 174, 38, -1,
      38, 174, 175, -1,
      38, 175, 37, -1,
      37, 175, 176, -1,
      37, 176, 3, -1,
      3, 176, 177, -1,
      3, 177, 6, -1,
      6, 177, 178, -1,
      6, 178, 7, -1,
      7, 178, 179, -1,
      7, 179, 8, -1,
      8, 179, 180, -1,
      8, 180, 9, -1,
      9, 180, 121, -1,
      180, 181, 121, -1,
      121, 181, 182, -1,
      121, 182, 122, -1,
      122, 182, 183, -1,
      122, 183, 123, -1,
      123, 183, 184, -1,
      123, 184, 124, -1,
      124, 184, 185, -1,
      124, 185, 125, -1,
      125, 185, 186, -1,
      125, 186, 126, -1,
      126, 186, 187, -1,
      126, 187, 127, -1,
      127, 187, 188, -1,
      127, 188, 128, -1,
      128, 188, 189, -1,
      128, 189, 129, -1,
      129, 189, 190, -1,
      129, 190, 130, -1,
      130, 190, 191, -1,
      130, 191, 131, -1,
      131, 191, 192, -1,
      131, 192, 132, -1,
      132, 192, 193, -1,
      132, 193, 133, -1,
      133, 193, 194, -1,
      133, 194, 134, -1,
      134, 194, 195, -1,
      134, 195, 135, -1,
      135, 195, 196, -1,
      135, 196, 136, -1,
      136, 196, 197, -1,
      136, 197, 137, -1,
      137, 197, 198, -1,
      137, 198, 138, -1,
      138, 198, 199, -1,
      138, 199, 139, -1,
      139, 199, 200, -1,
      139, 200, 140, -1,
      140, 200, 201, -1,
      140, 201, 141, -1,
      141, 201, 202, -1,
      141, 202, 142, -1,
      142, 202, 203, -1,
      142, 203, 143, -1,
      143, 203, 204, -1,
      143, 204, 144, -1,
      144, 204, 205, -1,
      144, 205, 145, -1,
      145, 205, 206, -1,
      145, 206, 146, -1,
      146, 206, 207, -1,
      146, 207, 147, -1,
      147, 207, 208, -1,
      147, 208, 148, -1,
      148, 208, 209, -1,
      148, 209, 149, -1,
      149, 209, 210, -1,
      149, 210, 150, -1,
      150, 210, 211, -1,
      150, 211, 151, -1,
      151, 211, 212, -1,
      151, 212, 152, -1,
      152, 212, 213, -1,
      152, 213, 153, -1,
      153, 213, 214, -1,
      153, 214, 154, -1,
      154, 214, 215, -1,
      154, 215, 155, -1,
      155, 215, 216, -1,
      155, 216, 156, -1,
      156, 216, 217, -1,
      156, 217, 157, -1,
      157, 217, 218, -1,
      157, 218, 158, -1,
      158, 218, 219, -1,
      158, 219, 159, -1,
      159, 219, 220, -1,
      159, 220, 160, -1,
      160, 220, 221, -1,
      160, 221, 161, -1,
      161, 221, 222, -1,
      161, 222, 162, -1,
      162, 222, 223, -1,
      162, 223, 163, -1,
      163, 223, 224, -1,
      163, 224, 164, -1,
      164, 224, 225, -1,
      164, 225, 165, -1,
      165, 225, 226, -1,
      165, 226, 166, -1,
      166, 226, 227, -1,
      166, 227, 167, -1,
      167, 227, 228, -1,
      167, 228, 168, -1,
      168, 228, 229, -1,
      168, 229, 169, -1,
      169, 229, 230, -1,
      169, 230, 170, -1,
      170, 230, 231, -1,
      170, 231, 171, -1,
      171, 231, 232, -1,
      171, 232, 172, -1,
      172, 232, 233, -1,
      172, 233, 173, -1,
      173, 233, 234, -1,
      173, 234, 174, -1,
      174, 234, 235, -1,
      174, 235, 175, -1,
      175, 235, 236, -1,
      175, 236, 176, -1,
      176, 236, 237, -1,
      176, 237, 177, -1,
      177, 237, 238, -1,
      177, 238, 178, -1,
      178, 238, 239, -1,
      178, 239, 179, -1,
      179, 239, 240, -1,
      179, 240, 180, -1,
      180, 240, 181, -1,
      240, 93, 181, -1,
      181, 93, 92, -1,
      181, 92, 182, -1,
      182, 92, 97, -1,
      182, 97, 183, -1,
      183, 97, 96, -1,
      183, 96, 184, -1,
      184, 96, 95, -1,
      184, 95, 185, -1,
      185, 95, 100, -1,
      185, 100, 186, -1,
      186, 100, 99, -1,
      186, 99, 187, -1,
      187, 99, 98, -1,
      187, 98, 188, -1,
      188, 98, 103, -1,
      188, 103, 189, -1,
      189, 103, 102, -1,
      189, 102, 190, -1,
      190, 102, 101, -1,
      190, 101, 191, -1,
      191, 101, 106, -1,
      191, 106, 192, -1,
      192, 106, 105, -1,
      192, 105, 193, -1,
      193, 105, 104, -1,
      193, 104, 194, -1,
      194, 104, 109, -1,
      194, 109, 195, -1,
      195, 109, 108, -1,
      195, 108, 196, -1,
      196, 108, 107, -1,
      196, 107, 197, -1,
      197, 107, 112, -1,
      197, 112, 198, -1,
      198, 112, 111, -1,
      198, 111, 199, -1,
      199, 111, 110, -1,
      199, 110, 200, -1,
      200, 110, 115, -1,
      200, 115, 201, -1,
      201, 115, 114, -1,
      201, 114, 202, -1,
      202, 114, 113, -1,
      202, 113, 203, -1,
      203, 113, 118, -1,
      203, 118, 204, -1,
      204, 118, 117, -1,
      204, 117, 205, -1,
      205, 117, 116, -1,
      205, 116, 206, -1,
      206, 116, 120, -1,
      206, 120, 207, -1,
      207, 120, 119, -1,
      207, 119, 208, -1,
      208, 119, 64, -1,
      208, 64, 209, -1,
      209, 64, 63, -1,
      209, 63, 210, -1,
      210, 63, 61, -1,
      210, 61, 211, -1,
      211, 61, 60, -1,
      211, 60, 212, -1,
      212, 60, 67, -1,
      212, 67, 213, -1,
      213, 67, 66, -1,
      213, 66, 214, -1,
      214, 66, 65, -1,
      214, 65, 215, -1,
      215, 65, 70, -1,
      215, 70, 216, -1,
      216, 70, 69, -1,
      216, 69, 217, -1,
      217, 69, 68, -1,
      217, 68, 218, -1,
      218, 68, 73, -1,
      218, 73, 219, -1,
      219, 73, 72, -1,
      219, 72, 220, -1,
      220, 72, 71, -1,
      220, 71, 221, -1,
      221, 71, 76, -1,
      221, 76, 222, -1,
      222, 76, 75, -1,
      222, 75, 223, -1,
      223, 75, 74, -1,
      223, 74, 224, -1,
      224, 74, 79, -1,
      224, 79, 225, -1,
      225, 79, 78, -1,
      225, 78, 226, -1,
      226, 78, 77, -1,
      226, 77, 227, -1,
      227, 77, 82, -1,
      227, 82, 228, -1,
      228, 82, 81, -1,
      228, 81, 229, -1,
      229, 81, 80, -1,
      229, 80, 230, -1,
      230, 80, 85, -1,
      230, 85, 231, -1,
      231, 85, 84, -1,
      231, 84, 232, -1,
      232, 84, 83, -1,
      232, 83, 233, -1,
      233, 83, 88, -1,
      233, 88, 234, -1,
      234, 88, 87, -1,
      234, 87, 235, -1,
      235, 87, 86, -1,
      235, 86, 236, -1,
      236, 86, 91, -1,
      236, 91, 237, -1,
      237, 91, 90, -1,
      237, 90, 238, -1,
      238, 90, 89, -1,
      238, 89, 239, -1,
      239, 89, 94, -1,
      239, 94, 240, -1,
      240, 94, 93, -1,
    ]
  }
}

Shape {
  appearance Appearance {
    material Material {
      diffuseColor 1.0000 1.0000 1.0000
      specularColor 0.5020 0.5020 0.5020
      ambientIntensity 0.2
      transparency 0.0000
      shininess 0.5
    }
  }
  geometry IndexedFaceSet {
    ccw TRUE
    solid FALSE
    coord DEF co Coordinate {
      point [
        -0.462688 0.456762 -0.059055,
        -0.463475 0.458661 -0.059055,
        -0.464726 0.268054 -0.059055,
        -0.463475 0.269685 -0.059055,
        -0.410883 0.088315 -0.059055,
        -0.408985 0.087528 -0.059055,
        -0.464726 0.460292 -0.059055,
        -0.466357 0.461543 -0.059055,
        -0.468256 0.462330 -0.059055,
        -0.470294 0.462598 -0.059055,
        -0.296511 -0.159067 -0.059055,
        -0.294881 -0.157816 -0.059055,
        -0.293629 -0.156185 -0.059055,
        -0.412160 -0.462598 -0.059055,
        -0.410122 -0.462330 -0.059055,
        -0.357537 -0.264693 -0.059055,
        -0.355907 -0.263442 -0.059055,
        -0.354656 -0.261811 -0.059055,
        -0.408223 -0.461543 -0.059055,
        -0.406592 -0.460292 -0.059055,
        -0.405341 -0.458661 -0.059055,
        -0.361474 -0.265748 -0.059055,
        -0.359437 -0.265480 -0.059055,
        -0.292843 -0.154286 -0.059055,
        -0.292574 -0.152248 -0.059055,
        -0.292574 0.060955 -0.059055,
        -0.292843 0.062993 -0.059055,
        -0.403993 0.072766 -0.059055,
        -0.404779 0.074665 -0.059055,
        -0.405048 0.076703 -0.059055,
        -0.405048 0.080709 -0.059055,
        -0.405316 0.082746 -0.059055,
        -0.406102 0.084646 -0.059055,
        -0.407354 0.086276 -0.059055,
        -0.412922 0.088583 -0.059055,
        -0.468256 0.266016 -0.059055,
        -0.466357 0.266803 -0.059055,
        -0.462688 0.271584 -0.059055,
        -0.462420 0.273622 -0.059055,
        -0.462420 0.454724 -0.059055,
        -0.400349 -0.266803 -0.059055,
        -0.398450 -0.266016 -0.059055,
        -0.396412 -0.265748 -0.059055,
        -0.293629 0.064892 -0.059055,
        -0.294881 0.066523 -0.059055,
        -0.296511 0.067774 -0.059055,
        0.405341 -0.458661 -0.059055,
        0.406592 -0.460292 -0.059055,
        0.408223 -0.461543 -0.059055,
        0.410122 -0.462330 -0.059055,
        0.294881 -0.157816 -0.059055,
        0.296511 -0.159067 -0.059055,
        -0.345726 -0.160122 -0.059055,
        -0.300448 -0.160122 -0.059055,
        -0.298410 -0.159854 -0.059055,
        -0.404554 -0.456762 -0.059055,
        -0.404286 -0.454724 -0.059055,
        -0.404286 -0.273622 -0.059055,
        -0.404018 -0.271584 -0.059055,
        0.353600 -0.257874 -0.059055,
        0.353869 -0.259912 -0.059055,
        0.470294 0.462598 -0.059055,
        0.463475 0.458661 -0.059055,
        0.464726 0.460292 -0.059055,
        0.466357 0.461543 -0.059055,
        0.462688 0.271584 -0.059055,
        0.463475 0.269685 -0.059055,
        -0.399211 0.069097 -0.059055,
        -0.401111 0.069884 -0.059055,
        -0.402741 0.071135 -0.059055,
        -0.403231 -0.269685 -0.059055,
        -0.401980 -0.268054 -0.059055,
        0.403231 -0.269685 -0.059055,
        0.404018 -0.271584 -0.059055,
        0.404286 -0.273622 -0.059055,
        0.404286 -0.454724 -0.059055,
        0.404554 -0.456762 -0.059055,
        0.354656 -0.261811 -0.059055,
        0.355907 -0.263442 -0.059055,
        0.357537 -0.264693 -0.059055,
        -0.470294 0.265748 -0.059055,
        -0.298410 0.068561 -0.059055,
        -0.300448 0.068829 -0.059055,
        -0.397174 0.068829 -0.059055,
        0.412160 -0.462598 -0.059055,
        0.298410 0.068561 -0.059055,
        0.296511 0.067774 -0.059055,
        0.294881 0.066523 -0.059055,
        0.293629 0.064892 -0.059055,
        0.292843 0.062993 -0.059055,
        0.359437 -0.265480 -0.059055,
        0.361474 -0.265748 -0.059055,
        0.396412 -0.265748 -0.059055,
        0.398450 -0.266016 -0.059055,
        -0.353332 -0.165958 -0.059055,
        -0.352546 -0.164059 -0.059055,
        0.293629 -0.156185 -0.059055,
        0.400349 -0.266803 -0.059055,
        0.401980 -0.268054 -0.059055,
        -0.353869 -0.259912 -0.059055,
        -0.353600 -0.257874 -0.059055,
        -0.353600 -0.167996 -0.059055,
        -0.351294 -0.162428 -0.059055,
        -0.349663 -0.161177 -0.059055,
        -0.347765 -0.160391 -0.059055,
        0.401111 0.069884 -0.059055,
        0.399211 0.069097 -0.059055,
        0.397174 0.068829 -0.059055,
        0.300448 0.068829 -0.059055,
        0.292574 0.060955 -0.059055,
        0.292574 -0.152248 -0.059055,
        0.292843 -0.154286 -0.059055,
        0.298410 -0.159854 -0.059055,
        0.300448 -0.160122 -0.059055,
        0.345726 -0.160122 -0.059055,
        0.353600 -0.167996 -0.059055,
        0.353332 -0.165958 -0.059055,
        0.468256 0.462330 -0.059055,
        0.462688 0.456762 -0.059055,
        0.462420 0.454724 -0.059055,
        0.462420 0.273622 -0.059055,
        0.464726 0.268054 -0.059055,
        0.410883 0.088315 -0.059055,
        0.466357 0.266803 -0.059055,
        0.412922 0.088583 -0.059055,
        0.468256 0.266016 -0.059055,
        0.408985 0.087528 -0.059055,
        0.407354 0.086276 -0.059055,
        0.406102 0.084646 -0.059055,
        0.405316 0.082746 -0.059055,
        0.405048 0.080709 -0.059055,
        0.405048 0.076703 -0.059055,
        0.404779 0.074665 -0.059055,
        0.349663 -0.161177 -0.059055,
        0.351294 -0.162428 -0.059055,
        0.352546 -0.164059 -0.059055,
        0.403993 0.072766 -0.059055,
        0.402741 0.071135 -0.059055,
        0.347765 -0.160391 -0.059055,
        0.470294 0.265748 -0.059055,
        0.470294 -0.108268 -0.059055,
        0.462420 -0.116142 -0.059055,
        0.462420 -0.257874 -0.059055,
        0.464726 -0.263442 -0.059055,
        0.463475 -0.261811 -0.059055,
        0.462688 -0.259912 -0.059055,
        0.463475 -0.112205 -0.059055,
        0.464726 -0.110574 -0.059055,
        0.466357 -0.109323 -0.059055,
        0.468256 -0.108536 -0.059055,
        0.466357 -0.264693 -0.059055,
        0.462688 -0.114104 -0.059055,
        0.470294 -0.265748 -0.059055,
        0.468256 -0.265480 -0.059055,
        -0.470294 -0.108268 -0.059055,
        -0.470294 -0.265748 -0.059055,
        -0.462420 -0.257874 -0.059055,
        -0.462688 -0.259912 -0.059055,
        -0.462420 -0.116142 -0.059055,
        -0.468256 -0.108536 -0.059055,
        -0.466357 -0.109323 -0.059055,
        -0.464726 -0.110574 -0.059055,
        -0.462688 -0.114104 -0.059055,
        -0.463475 -0.112205 -0.059055,
        -0.463475 -0.261811 -0.059055,
        -0.464726 -0.263442 -0.059055,
        -0.468256 -0.265480 -0.059055,
        -0.466357 -0.264693 -0.059055,
        0.462420 0.273622 -0.066929,
        0.462420 0.454724 -0.066929,
        0.569414 0.462598 -0.055118,
        0.569414 0.265748 -0.055118,
        0.574292 0.462598 -0.066929,
        0.470294 0.462598 -0.066929,
        0.597194 0.462598 -0.043645,
        0.602072 0.462598 -0.055456,
        0.589052 0.462598 -0.049871,
        0.593929 0.462598 -0.061682,
        0.579577 0.462598 -0.053784,
        0.584455 0.462598 -0.065595,
        0.470294 0.265748 -0.066929,
        0.574292 0.265748 -0.066929,
        0.579577 0.265748 -0.053784,
        0.584455 0.265748 -0.065595,
        0.589052 0.265748 -0.049871,
        0.593929 0.265748 -0.061682,
        0.597194 0.265748 -0.043645,
        0.602072 0.265748 -0.055456,
        0.464726 0.268054 -0.066929,
        0.463475 0.269685 -0.066929,
        0.462688 0.271584 -0.066929,
        0.462688 0.456762 -0.066929,
        0.466357 0.266803 -0.066929,
        0.468256 0.266016 -0.066929,
        0.463475 0.458661 -0.066929,
        0.464726 0.460292 -0.066929,
        0.466357 0.461543 -0.066929,
        0.468256 0.462330 -0.066929,
        -0.462420 0.454724 -0.066929,
        -0.462420 0.273622 -0.066929,
        -0.569414 0.265748 -0.055118,
        -0.569414 0.462598 -0.055118,
        -0.470294 0.462598 -0.066929,
        -0.574292 0.462598 -0.066929,
        -0.579577 0.462598 -0.053784,
        -0.584455 0.462598 -0.065595,
        -0.589052 0.462598 -0.049871,
        -0.593929 0.462598 -0.061682,
        -0.597194 0.462598 -0.043645,
        -0.602072 0.462598 -0.055456,
        -0.574292 0.265748 -0.066929,
        -0.470294 0.265748 -0.066929,
        -0.597194 0.265748 -0.043645,
        -0.602072 0.265748 -0.055456,
        -0.589052 0.265748 -0.049871,
        -0.593929 0.265748 -0.061682,
        -0.579577 0.265748 -0.053784,
        -0.584455 0.265748 -0.065595,
        -0.462688 0.271584 -0.066929,
        -0.468256 0.462330 -0.066929,
        -0.463475 0.269685 -0.066929,
        -0.464726 0.268054 -0.066929,
        -0.468256 0.266016 -0.066929,
        -0.466357 0.266803 -0.066929,
        -0.466357 0.461543 -0.066929,
        -0.464726 0.460292 -0.066929,
        -0.463475 0.458661 -0.066929,
        -0.462688 0.456762 -0.066929,
        0.569414 -0.265748 -0.055118,
        0.569414 -0.462598 -0.055118,
        0.412160 -0.462598 -0.066929,
        0.574292 -0.462598 -0.066929,
        0.579577 -0.462598 -0.053784,
        0.584455 -0.462598 -0.065595,
        0.589052 -0.462598 -0.049871,
        0.593929 -0.462598 -0.061682,
        0.597194 -0.462598 -0.043645,
        0.602072 -0.462598 -0.055456,
        0.574292 -0.265748 -0.066929,
        0.470294 -0.265748 -0.066929,
        0.597194 -0.265748 -0.043645,
        0.602072 -0.265748 -0.055456,
        0.589052 -0.265748 -0.049871,
        0.593929 -0.265748 -0.061682,
        0.579577 -0.265748 -0.053784,
        0.584455 -0.265748 -0.065595,
        0.404286 -0.273622 -0.066929,
        0.463475 -0.261811 -0.066929,
        0.404286 -0.454724 -0.066929,
        0.464726 -0.263442 -0.066929,
        0.466357 -0.264693 -0.066929,
        0.603017 -0.100394 -0.066929,
        0.403993 0.072766 -0.066929,
        0.603017 0.080709 -0.066929,
        0.404779 0.074665 -0.066929,
        0.468256 -0.265480 -0.066929,
        0.470294 -0.108268 -0.066929,
        0.468256 -0.108536 -0.066929,
        0.352546 -0.164059 -0.066929,
        0.351294 -0.162428 -0.066929,
        0.463475 -0.112205 -0.066929,
        0.408223 -0.461543 -0.066929,
        0.406592 -0.460292 -0.066929,
        0.595143 -0.108268 -0.066929,
        0.347765 -0.160391 -0.066929,
        0.402741 0.071135 -0.066929,
        0.401111 0.069884 -0.066929,
        0.410122 -0.462330 -0.066929,
        0.405341 -0.458661 -0.066929,
        0.404554 -0.456762 -0.066929,
        0.466357 -0.109323 -0.066929,
        0.464726 -0.110574 -0.066929,
        0.349663 -0.161177 -0.066929,
        0.405048 0.076703 -0.066929,
        0.412922 0.088583 -0.066929,
        0.595143 0.088583 -0.066929,
        0.401980 -0.268054 -0.066929,
        0.462688 -0.114104 -0.066929,
        0.403231 -0.269685 -0.066929,
        0.462420 -0.116142 -0.066929,
        0.404018 -0.271584 -0.066929,
        0.462420 -0.257874 -0.066929,
        0.462688 -0.259912 -0.066929,
        0.300448 -0.160122 -0.066929,
        0.300448 0.068829 -0.066929,
        0.345726 -0.160122 -0.066929,
        0.397174 0.068829 -0.066929,
        0.399211 0.069097 -0.066929,
        0.400349 -0.266803 -0.066929,
        0.398450 -0.266016 -0.066929,
        0.396412 -0.265748 -0.066929,
        0.292843 0.062993 -0.066929,
        0.293629 0.064892 -0.066929,
        0.405048 0.080709 -0.066929,
        0.405316 0.082746 -0.066929,
        0.406102 0.084646 -0.066929,
        0.407354 0.086276 -0.066929,
        0.408985 0.087528 -0.066929,
        0.410883 0.088315 -0.066929,
        0.600711 0.086276 -0.066929,
        0.599080 0.087528 -0.066929,
        0.597181 0.088315 -0.066929,
        0.601962 0.084646 -0.066929,
        0.602749 0.082746 -0.066929,
        0.602749 -0.102431 -0.066929,
        0.601962 -0.104331 -0.066929,
        0.600711 -0.105961 -0.066929,
        0.353600 -0.257874 -0.066929,
        0.353600 -0.167996 -0.066929,
        0.361474 -0.265748 -0.066929,
        0.292843 -0.154286 -0.066929,
        0.292574 -0.152248 -0.066929,
        0.298410 -0.159854 -0.066929,
        0.292574 0.060955 -0.066929,
        0.599080 -0.107213 -0.066929,
        0.597181 -0.108000 -0.066929,
        0.294881 0.066523 -0.066929,
        0.296511 0.067774 -0.066929,
        0.298410 0.068561 -0.066929,
        0.353332 -0.165958 -0.066929,
        0.293629 -0.156185 -0.066929,
        0.296511 -0.159067 -0.066929,
        0.294881 -0.157816 -0.066929,
        0.357537 -0.264693 -0.066929,
        0.355907 -0.263442 -0.066929,
        0.354656 -0.261811 -0.066929,
        0.359437 -0.265480 -0.066929,
        0.353869 -0.259912 -0.066929,
        -0.569414 -0.462598 -0.055118,
        -0.569414 -0.265748 -0.055118,
        -0.574292 -0.462598 -0.066929,
        -0.412160 -0.462598 -0.066929,
        -0.597194 -0.462598 -0.043645,
        -0.602072 -0.462598 -0.055456,
        -0.589052 -0.462598 -0.049871,
        -0.593929 -0.462598 -0.061682,
        -0.579577 -0.462598 -0.053784,
        -0.584455 -0.462598 -0.065595,
        -0.470294 -0.265748 -0.066929,
        -0.574292 -0.265748 -0.066929,
        -0.579577 -0.265748 -0.053784,
        -0.584455 -0.265748 -0.065595,
        -0.589052 -0.265748 -0.049871,
        -0.593929 -0.265748 -0.061682,
        -0.597194 -0.265748 -0.043645,
        -0.602072 -0.265748 -0.055456,
        -0.405048 0.080709 -0.066929,
        -0.405048 0.076703 -0.066929,
        -0.412922 0.088583 -0.066929,
        -0.403993 0.072766 -0.066929,
        -0.603017 -0.100394 -0.066929,
        -0.404779 0.074665 -0.066929,
        -0.603017 0.080709 -0.066929,
        -0.401111 0.069884 -0.066929,
        -0.399211 0.069097 -0.066929,
        -0.347765 -0.160391 -0.066929,
        -0.397174 0.068829 -0.066929,
        -0.404286 -0.454724 -0.066929,
        -0.404554 -0.456762 -0.066929,
        -0.404286 -0.273622 -0.066929,
        -0.464726 -0.263442 -0.066929,
        -0.349663 -0.161177 -0.066929,
        -0.402741 0.071135 -0.066929,
        -0.468256 -0.265480 -0.066929,
        -0.466357 -0.264693 -0.066929,
        -0.595143 0.088583 -0.066929,
        -0.351294 -0.162428 -0.066929,
        -0.463475 -0.112205 -0.066929,
        -0.352546 -0.164059 -0.066929,
        -0.462688 -0.114104 -0.066929,
        -0.398450 -0.266016 -0.066929,
        -0.400349 -0.266803 -0.066929,
        -0.462420 -0.116142 -0.066929,
        -0.464726 -0.110574 -0.066929,
        -0.466357 -0.109323 -0.066929,
        -0.468256 -0.108536 -0.066929,
        -0.470294 -0.108268 -0.066929,
        -0.595143 -0.108268 -0.066929,
        -0.405341 -0.458661 -0.066929,
        -0.406592 -0.460292 -0.066929,
        -0.602749 0.082746 -0.066929,
        -0.601962 0.084646 -0.066929,
        -0.600711 0.086276 -0.066929,
        -0.599080 0.087528 -0.066929,
        -0.597181 0.088315 -0.066929,
        -0.300448 0.068829 -0.066929,
        -0.300448 -0.160122 -0.066929,
        -0.345726 -0.160122 -0.066929,
        -0.396412 -0.265748 -0.066929,
        -0.463475 -0.261811 -0.066929,
        -0.462688 -0.259912 -0.066929,
        -0.404018 -0.271584 -0.066929,
        -0.462420 -0.257874 -0.066929,
        -0.403231 -0.269685 -0.066929,
        -0.401980 -0.268054 -0.066929,
        -0.408223 -0.461543 -0.066929,
        -0.410122 -0.462330 -0.066929,
        -0.407354 0.086276 -0.066929,
        -0.408985 0.087528 -0.066929,
        -0.410883 0.088315 -0.066929,
        -0.406102 0.084646 -0.066929,
        -0.405316 0.082746 -0.066929,
        -0.353332 -0.165958 -0.066929,
        -0.353600 -0.167996 -0.066929,
        -0.293629 0.064892 -0.066929,
        -0.292843 0.062993 -0.066929,
        -0.292574 0.060955 -0.066929,
        -0.292574 -0.152248 -0.066929,
        -0.298410 -0.159854 -0.066929,
        -0.292843 -0.154286 -0.066929,
        -0.293629 -0.156185 -0.066929,
        -0.294881 -0.157816 -0.066929,
        -0.296511 -0.159067 -0.066929,
        -0.597181 -0.108000 -0.066929,
        -0.599080 -0.107213 -0.066929,
        -0.600711 -0.105961 -0.066929,
        -0.601962 -0.104331 -0.066929,
        -0.602749 -0.102431 -0.066929,
        -0.298410 0.068561 -0.066929,
        -0.296511 0.067774 -0.066929,
        -0.294881 0.066523 -0.066929,
        -0.361474 -0.265748 -0.066929,
        -0.353600 -0.257874 -0.066929,
        -0.354656 -0.261811 -0.066929,
        -0.355907 -0.263442 -0.066929,
        -0.357537 -0.264693 -0.066929,
        -0.353869 -0.259912 -0.066929,
        -0.359437 -0.265480 -0.066929,
        0.595143 0.088583 -0.059055,
        0.595143 -0.108268 -0.059055,
        0.602749 0.082746 -0.059055,
        0.601962 0.084646 -0.059055,
        0.600711 0.086276 -0.059055,
        0.599080 0.087528 -0.059055,
        0.597181 0.088315 -0.059055,
        0.597181 -0.108000 -0.059055,
        0.602749 -0.102431 -0.059055,
        0.603017 -0.100394 -0.059055,
        0.603017 0.080709 -0.059055,
        0.599080 -0.107213 -0.059055,
        0.600711 -0.105961 -0.059055,
        0.601962 -0.104331 -0.059055,
        -0.603017 0.080709 -0.059055,
        -0.595143 -0.108268 -0.059055,
        -0.595143 0.088583 -0.059055,
        -0.600711 0.086276 -0.059055,
        -0.599080 0.087528 -0.059055,
        -0.597181 0.088315 -0.059055,
        -0.601962 0.084646 -0.059055,
        -0.602749 0.082746 -0.059055,
        -0.599080 -0.107213 -0.059055,
        -0.602749 -0.102431 -0.059055,
        -0.600711 -0.105961 -0.059055,
        -0.601962 -0.104331 -0.059055,
        -0.603017 -0.100394 -0.059055,
        -0.597181 -0.108000 -0.059055,
      ]
    }
    coordIndex [
      344, 332, 342, -1,
      342, 332, 334, -1,
      342, 334, 340, -1,
      340, 334, 336, -1,
      340, 336, 329, -1,
      329, 336, 328, -1,
      333, 345, 343, -1,
      333, 343, 335, -1,
      335, 343, 341, -1,
      335, 341, 337, -1,
      337, 341, 339, -1,
      337, 339, 330, -1,
      203, 210, 217, -1,
      203, 217, 205, -1,
      205, 217, 215, -1,
      205, 215, 207, -1,
      207, 215, 213, -1,
      207, 213, 209, -1,
      200, 201, 216, -1,
      216, 201, 204, -1,
      216, 204, 214, -1,
      214, 204, 206, -1,
      214, 206, 212, -1,
      212, 206, 208, -1,
      186, 174, 184, -1,
      184, 174, 176, -1,
      184, 176, 182, -1,
      182, 176, 178, -1,
      182, 178, 171, -1,
      171, 178, 170, -1,
      228, 229, 244, -1,
      244, 229, 232, -1,
      244, 232, 242, -1,
      242, 232, 234, -1,
      242, 234, 240, -1,
      240, 234, 236, -1,
      175, 187, 185, -1,
      175, 185, 177, -1,
      177, 185, 183, -1,
      177, 183, 179, -1,
      179, 183, 181, -1,
      179, 181, 172, -1,
      231, 238, 245, -1,
      231, 245, 233, -1,
      233, 245, 243, -1,
      233, 243, 235, -1,
      235, 243, 241, -1,
      235, 241, 237, -1,
      429, 263, 315, -1,
      429, 315, 435, -1,
      435, 315, 314, -1,
      435, 314, 439, -1,
      439, 314, 306, -1,
      439, 306, 440, -1,
      440, 306, 305, -1,
      440, 305, 441, -1,
      441, 305, 304, -1,
      441, 304, 436, -1,
      436, 304, 251, -1,
      436, 251, 437, -1,
      256, 140, 257, -1,
      257, 140, 149, -1,
      257, 149, 270, -1,
      270, 149, 148, -1,
      270, 148, 271, -1,
      271, 148, 147, -1,
      271, 147, 260, -1,
      260, 147, 146, -1,
      260, 146, 277, -1,
      277, 146, 151, -1,
      277, 151, 279, -1,
      279, 151, 141, -1,
      152, 239, 153, -1,
      153, 239, 255, -1,
      153, 255, 150, -1,
      150, 255, 250, -1,
      150, 250, 143, -1,
      143, 250, 249, -1,
      143, 249, 144, -1,
      144, 249, 247, -1,
      144, 247, 145, -1,
      145, 247, 282, -1,
      145, 282, 142, -1,
      142, 282, 281, -1,
      230, 84, 49, -1,
      230, 49, 267, -1,
      267, 49, 48, -1,
      267, 48, 261, -1,
      261, 48, 47, -1,
      261, 47, 262, -1,
      262, 47, 46, -1,
      262, 46, 268, -1,
      268, 46, 76, -1,
      268, 76, 269, -1,
      269, 76, 75, -1,
      269, 75, 248, -1,
      246, 74, 280, -1,
      280, 74, 73, -1,
      280, 73, 278, -1,
      278, 73, 72, -1,
      278, 72, 276, -1,
      276, 72, 98, -1,
      276, 98, 288, -1,
      288, 98, 97, -1,
      288, 97, 289, -1,
      289, 97, 93, -1,
      289, 93, 290, -1,
      290, 93, 92, -1,
      59, 307, 327, -1,
      59, 327, 60, -1,
      60, 327, 325, -1,
      60, 325, 77, -1,
      77, 325, 324, -1,
      77, 324, 78, -1,
      78, 324, 323, -1,
      78, 323, 79, -1,
      79, 323, 326, -1,
      79, 326, 90, -1,
      90, 326, 309, -1,
      90, 309, 91, -1,
      308, 115, 319, -1,
      319, 115, 116, -1,
      319, 116, 258, -1,
      258, 116, 135, -1,
      258, 135, 259, -1,
      259, 135, 134, -1,
      259, 134, 272, -1,
      272, 134, 133, -1,
      272, 133, 264, -1,
      264, 133, 138, -1,
      264, 138, 285, -1,
      285, 138, 114, -1,
      110, 311, 310, -1,
      110, 310, 111, -1,
      111, 310, 320, -1,
      111, 320, 96, -1,
      96, 320, 322, -1,
      96, 322, 50, -1,
      50, 322, 321, -1,
      50, 321, 51, -1,
      51, 321, 312, -1,
      51, 312, 112, -1,
      112, 312, 283, -1,
      112, 283, 113, -1,
      108, 284, 318, -1,
      108, 318, 85, -1,
      85, 318, 317, -1,
      85, 317, 86, -1,
      86, 317, 316, -1,
      86, 316, 87, -1,
      87, 316, 292, -1,
      87, 292, 88, -1,
      88, 292, 291, -1,
      88, 291, 89, -1,
      89, 291, 313, -1,
      89, 313, 109, -1,
      286, 107, 287, -1,
      287, 107, 106, -1,
      287, 106, 266, -1,
      266, 106, 105, -1,
      266, 105, 265, -1,
      265, 105, 137, -1,
      265, 137, 252, -1,
      252, 137, 136, -1,
      252, 136, 254, -1,
      254, 136, 132, -1,
      254, 132, 273, -1,
      273, 132, 131, -1,
      124, 274, 298, -1,
      124, 298, 122, -1,
      122, 298, 297, -1,
      122, 297, 126, -1,
      126, 297, 296, -1,
      126, 296, 127, -1,
      127, 296, 295, -1,
      127, 295, 128, -1,
      128, 295, 294, -1,
      128, 294, 129, -1,
      129, 294, 293, -1,
      129, 293, 130, -1,
      438, 253, 303, -1,
      438, 303, 430, -1,
      430, 303, 302, -1,
      430, 302, 431, -1,
      431, 302, 299, -1,
      431, 299, 432, -1,
      432, 299, 300, -1,
      432, 300, 433, -1,
      433, 300, 301, -1,
      433, 301, 434, -1,
      434, 301, 275, -1,
      434, 275, 428, -1,
      120, 168, 190, -1,
      120, 190, 65, -1,
      65, 190, 189, -1,
      65, 189, 66, -1,
      66, 189, 188, -1,
      66, 188, 121, -1,
      121, 188, 192, -1,
      121, 192, 123, -1,
      123, 192, 193, -1,
      123, 193, 125, -1,
      125, 193, 180, -1,
      125, 180, 139, -1,
      169, 119, 118, -1,
      169, 118, 191, -1,
      191, 118, 62, -1,
      191, 62, 194, -1,
      194, 62, 63, -1,
      194, 63, 195, -1,
      195, 63, 64, -1,
      195, 64, 196, -1,
      196, 64, 117, -1,
      196, 117, 197, -1,
      197, 117, 61, -1,
      197, 61, 173, -1,
      202, 9, 8, -1,
      202, 8, 219, -1,
      219, 8, 7, -1,
      219, 7, 224, -1,
      224, 7, 6, -1,
      224, 6, 225, -1,
      225, 6, 1, -1,
      225, 1, 226, -1,
      226, 1, 0, -1,
      226, 0, 227, -1,
      227, 0, 39, -1,
      227, 39, 198, -1,
      80, 211, 222, -1,
      80, 222, 35, -1,
      35, 222, 223, -1,
      35, 223, 36, -1,
      36, 223, 221, -1,
      36, 221, 2, -1,
      2, 221, 220, -1,
      2, 220, 3, -1,
      3, 220, 218, -1,
      3, 218, 37, -1,
      37, 218, 199, -1,
      37, 199, 38, -1,
      444, 365, 384, -1,
      444, 384, 447, -1,
      447, 384, 383, -1,
      447, 383, 446, -1,
      446, 383, 382, -1,
      446, 382, 445, -1,
      445, 382, 381, -1,
      445, 381, 448, -1,
      448, 381, 380, -1,
      448, 380, 449, -1,
      449, 380, 352, -1,
      449, 352, 442, -1,
      454, 350, 417, -1,
      454, 417, 451, -1,
      451, 417, 416, -1,
      451, 416, 453, -1,
      453, 416, 415, -1,
      453, 415, 452, -1,
      452, 415, 414, -1,
      452, 414, 450, -1,
      450, 414, 413, -1,
      450, 413, 455, -1,
      455, 413, 377, -1,
      455, 377, 443, -1,
      372, 158, 369, -1,
      369, 158, 162, -1,
      369, 162, 367, -1,
      367, 162, 163, -1,
      367, 163, 373, -1,
      373, 163, 161, -1,
      373, 161, 374, -1,
      374, 161, 160, -1,
      374, 160, 375, -1,
      375, 160, 159, -1,
      375, 159, 376, -1,
      376, 159, 154, -1,
      156, 392, 157, -1,
      157, 392, 390, -1,
      157, 390, 164, -1,
      164, 390, 389, -1,
      164, 389, 165, -1,
      165, 389, 360, -1,
      165, 360, 167, -1,
      167, 360, 364, -1,
      167, 364, 166, -1,
      166, 364, 363, -1,
      166, 363, 155, -1,
      155, 363, 338, -1,
      13, 331, 396, -1,
      13, 396, 14, -1,
      14, 396, 395, -1,
      14, 395, 18, -1,
      18, 395, 379, -1,
      18, 379, 19, -1,
      19, 379, 378, -1,
      19, 378, 20, -1,
      20, 378, 358, -1,
      20, 358, 55, -1,
      55, 358, 357, -1,
      55, 357, 56, -1,
      388, 42, 370, -1,
      370, 42, 41, -1,
      370, 41, 371, -1,
      371, 41, 40, -1,
      371, 40, 394, -1,
      394, 40, 71, -1,
      394, 71, 393, -1,
      393, 71, 70, -1,
      393, 70, 391, -1,
      391, 70, 58, -1,
      391, 58, 359, -1,
      359, 58, 57, -1,
      21, 421, 427, -1,
      21, 427, 22, -1,
      22, 427, 425, -1,
      22, 425, 15, -1,
      15, 425, 424, -1,
      15, 424, 16, -1,
      16, 424, 423, -1,
      16, 423, 17, -1,
      17, 423, 426, -1,
      17, 426, 99, -1,
      99, 426, 422, -1,
      99, 422, 100, -1,
      387, 52, 355, -1,
      355, 52, 104, -1,
      355, 104, 361, -1,
      361, 104, 103, -1,
      361, 103, 366, -1,
      366, 103, 102, -1,
      366, 102, 368, -1,
      368, 102, 95, -1,
      368, 95, 402, -1,
      402, 95, 94, -1,
      402, 94, 403, -1,
      403, 94, 101, -1,
      53, 386, 408, -1,
      53, 408, 54, -1,
      54, 408, 412, -1,
      54, 412, 10, -1,
      10, 412, 411, -1,
      10, 411, 11, -1,
      11, 411, 410, -1,
      11, 410, 12, -1,
      12, 410, 409, -1,
      12, 409, 23, -1,
      23, 409, 407, -1,
      23, 407, 24, -1,
      25, 406, 405, -1,
      25, 405, 26, -1,
      26, 405, 404, -1,
      26, 404, 43, -1,
      43, 404, 420, -1,
      43, 420, 44, -1,
      44, 420, 419, -1,
      44, 419, 45, -1,
      45, 419, 418, -1,
      45, 418, 81, -1,
      81, 418, 385, -1,
      81, 385, 82, -1,
      347, 29, 351, -1,
      351, 29, 28, -1,
      351, 28, 349, -1,
      349, 28, 27, -1,
      349, 27, 362, -1,
      362, 27, 69, -1,
      362, 69, 353, -1,
      353, 69, 68, -1,
      353, 68, 354, -1,
      354, 68, 67, -1,
      354, 67, 356, -1,
      356, 67, 83, -1,
      30, 346, 401, -1,
      30, 401, 31, -1,
      31, 401, 400, -1,
      31, 400, 32, -1,
      32, 400, 397, -1,
      32, 397, 33, -1,
      33, 397, 398, -1,
      33, 398, 5, -1,
      5, 398, 399, -1,
      5, 399, 4, -1,
      4, 399, 348, -1,
      4, 348, 34, -1,
    ]
  }
}

Shape {
  appearance Appearance {
    material Material {
      diffuseColor 1.0000 1.0000 1.0000
      specularColor 0.8784 0.8784 0.8784
      ambientIntensity 0.2
      transparency 0.0000
      shininess 0.5
    }
  }
  geometry IndexedFaceSet {
    ccw TRUE
    solid FALSE
    coord DEF co Coordinate {
      point [
        -0.124306 0.010791 -0.078740,
        -0.122049 0.007269 -0.078740,
        -0.086902 0.000000 -0.078740,
        -0.065777 0.000000 -0.078740,
        -0.065777 0.039370 -0.078740,
        -0.085942 0.035049 -0.078740,
        -0.071058 0.035049 -0.078740,
        -0.071058 0.022086 -0.078740,
        -0.118808 0.004166 -0.078740,
        -0.114697 0.001778 -0.078740,
        -0.110161 0.000425 -0.078740,
        -0.094584 0.039370 -0.078740,
        -0.084982 0.022086 -0.078740,
        -0.084982 0.017765 -0.078740,
        -0.071058 0.017765 -0.078740,
        -0.071058 0.004321 -0.078740,
        -0.086902 0.004321 -0.078740,
        -0.094584 0.000000 -0.078740,
        -0.105289 0.000000 -0.078740,
        -0.085942 0.039370 -0.078740,
        -0.111382 0.038762 -0.078740,
        -0.115989 0.037144 -0.078740,
        -0.120274 0.034273 -0.078740,
        -0.120315 0.034237 -0.078740,
        -0.123099 0.031150 -0.078740,
        -0.124929 0.027764 -0.078740,
        -0.105694 0.039370 -0.078740,
        -0.125986 0.023885 -0.078740,
        -0.126272 0.020180 -0.078740,
        -0.125720 0.014911 -0.078740,
        -0.048875 0.035529 -0.078740,
        -0.044998 0.035094 -0.078740,
        -0.057389 0.005971 -0.078740,
        -0.058095 0.006362 -0.078740,
        -0.058095 0.002041 -0.078740,
        -0.053898 0.000317 -0.078740,
        -0.049920 -0.000240 -0.078740,
        -0.048339 -0.000462 -0.078740,
        -0.047262 -0.000480 -0.078740,
        -0.005281 0.000000 -0.078740,
        -0.044947 -0.000240 -0.078740,
        -0.025446 0.000000 -0.078740,
        -0.042410 0.000023 -0.078740,
        -0.038594 0.001336 -0.078740,
        -0.042052 0.034030 -0.078740,
        -0.039326 0.032207 -0.078740,
        -0.036949 0.029583 -0.078740,
        -0.034089 0.019265 -0.078740,
        -0.034487 0.015003 -0.078740,
        -0.035557 0.011617 -0.078740,
        -0.044318 0.004253 -0.078740,
        -0.047990 0.003841 -0.078740,
        -0.041449 0.005309 -0.078740,
        -0.039033 0.006937 -0.078740,
        -0.037185 0.008887 -0.078740,
        -0.053216 0.004421 -0.078740,
        -0.053660 0.034907 -0.078740,
        -0.058095 0.033008 -0.078740,
        -0.058095 0.038290 -0.078740,
        -0.035326 0.026543 -0.078740,
        -0.034276 0.022328 -0.078740,
        -0.030885 0.029000 -0.078740,
        -0.033193 0.032681 -0.078740,
        -0.010563 0.039370 -0.078740,
        -0.005281 0.039370 -0.078740,
        -0.035428 0.003359 -0.078740,
        -0.032470 0.006472 -0.078740,
        -0.025446 0.004321 -0.078740,
        -0.030373 0.010215 -0.078740,
        -0.010563 0.004321 -0.078740,
        -0.036747 0.036100 -0.078740,
        -0.040487 0.038252 -0.078740,
        -0.044876 0.039528 -0.078740,
        -0.029188 0.014383 -0.078740,
        -0.028807 0.018943 -0.078740,
        -0.029374 0.024540 -0.078740,
        -0.048830 0.039850 -0.078740,
        -0.053543 0.039525 -0.078740,
        -0.025446 0.004321 -0.082677,
        -0.025446 0.000000 -0.082677,
        -0.010563 0.004321 -0.082677,
        -0.010563 0.039370 -0.082677,
        -0.005281 0.039370 -0.082677,
        -0.005281 0.000000 -0.082677,
        -0.058095 0.006362 -0.082677,
        -0.058095 0.002041 -0.082677,
        -0.057389 0.005971 -0.082677,
        -0.053216 0.004421 -0.082677,
        -0.047990 0.003841 -0.082677,
        -0.044318 0.004253 -0.082677,
        -0.041449 0.005309 -0.082677,
        -0.039033 0.006937 -0.082677,
        -0.037185 0.008887 -0.082677,
        -0.035557 0.011617 -0.082677,
        -0.034487 0.015003 -0.082677,
        -0.034089 0.019265 -0.082677,
        -0.034276 0.022328 -0.082677,
        -0.035326 0.026543 -0.082677,
        -0.036949 0.029583 -0.082677,
        -0.039326 0.032207 -0.082677,
        -0.042052 0.034030 -0.082677,
        -0.044998 0.035094 -0.082677,
        -0.048875 0.035529 -0.082677,
        -0.053660 0.034907 -0.082677,
        -0.058095 0.033008 -0.082677,
        -0.058095 0.038290 -0.082677,
        -0.053543 0.039525 -0.082677,
        -0.048830 0.039850 -0.082677,
        -0.044876 0.039528 -0.082677,
        -0.040487 0.038252 -0.082677,
        -0.036747 0.036100 -0.082677,
        -0.033193 0.032681 -0.082677,
        -0.030885 0.029000 -0.082677,
        -0.029374 0.024540 -0.082677,
        -0.028807 0.018943 -0.082677,
        -0.029188 0.014383 -0.082677,
        -0.030373 0.010215 -0.082677,
        -0.032470 0.006472 -0.082677,
        -0.035428 0.003359 -0.082677,
        -0.038594 0.001336 -0.082677,
        -0.042410 0.000023 -0.082677,
        -0.047262 -0.000480 -0.082677,
        -0.053898 0.000317 -0.082677,
        -0.048339 -0.000462 -0.082677,
        -0.086902 0.004321 -0.082677,
        -0.086902 0.000000 -0.082677,
        -0.071058 0.004321 -0.082677,
        -0.071058 0.017765 -0.082677,
        -0.084982 0.017765 -0.082677,
        -0.084982 0.022086 -0.082677,
        -0.071058 0.022086 -0.082677,
        -0.071058 0.035049 -0.082677,
        -0.085942 0.035049 -0.082677,
        -0.085942 0.039370 -0.082677,
        -0.065777 0.039370 -0.082677,
        -0.065777 0.000000 -0.082677,
        -0.124929 0.027764 -0.082677,
        -0.123099 0.031150 -0.082677,
        -0.118370 0.029528 -0.082677,
        -0.120315 0.034237 -0.082677,
        -0.116457 0.031559 -0.082677,
        -0.120274 0.034273 -0.082677,
        -0.113581 0.033417 -0.082677,
        -0.115989 0.037144 -0.082677,
        -0.110332 0.034554 -0.082677,
        -0.111382 0.038762 -0.082677,
        -0.105672 0.035049 -0.082677,
        -0.105694 0.039370 -0.082677,
        -0.099866 0.035049 -0.082677,
        -0.094584 0.039370 -0.082677,
        -0.099866 0.004321 -0.082677,
        -0.094584 0.000000 -0.082677,
        -0.105454 0.004321 -0.082677,
        -0.105289 0.000000 -0.082677,
        -0.109608 0.004708 -0.082677,
        -0.110161 0.000425 -0.082677,
        -0.112921 0.005742 -0.082677,
        -0.114697 0.001778 -0.082677,
        -0.115606 0.007336 -0.082677,
        -0.118808 0.004166 -0.082677,
        -0.117814 0.009517 -0.082677,
        -0.122049 0.007269 -0.082677,
        -0.119475 0.012232 -0.082677,
        -0.124306 0.010791 -0.082677,
        -0.120630 0.015933 -0.082677,
        -0.125720 0.014911 -0.082677,
        -0.120991 0.020068 -0.082677,
        -0.126272 0.020180 -0.082677,
        -0.120657 0.023986 -0.082677,
        -0.125986 0.023885 -0.082677,
        -0.119737 0.027100 -0.082677,
        -0.105672 0.035049 -0.078740,
        -0.099866 0.035049 -0.078740,
        -0.099866 0.004321 -0.078740,
        -0.105454 0.004321 -0.078740,
        -0.120991 0.020068 -0.078740,
        -0.120630 0.015933 -0.078740,
        -0.119475 0.012232 -0.078740,
        -0.117814 0.009517 -0.078740,
        -0.115606 0.007336 -0.078740,
        -0.112921 0.005742 -0.078740,
        -0.109608 0.004708 -0.078740,
        -0.110332 0.034554 -0.078740,
        -0.113581 0.033417 -0.078740,
        -0.116457 0.031559 -0.078740,
        -0.118370 0.029528 -0.078740,
        -0.119737 0.027100 -0.078740,
        -0.120657 0.023986 -0.078740,
      ]
    }
    coordIndex [
      78, 79, 67, -1,
      67, 79, 41, -1,
      80, 78, 69, -1,
      69, 78, 67, -1,
      81, 80, 63, -1,
      63, 80, 69, -1,
      82, 81, 64, -1,
      64, 81, 63, -1,
      83, 82, 39, -1,
      39, 82, 64, -1,
      79, 83, 41, -1,
      41, 83, 39, -1,
      81, 82, 80, -1,
      80, 82, 83, -1,
      80, 83, 78, -1,
      78, 83, 79, -1,
      84, 85, 33, -1,
      33, 85, 34, -1,
      84, 33, 32, -1,
      84, 32, 86, -1,
      86, 32, 55, -1,
      86, 55, 87, -1,
      87, 55, 51, -1,
      87, 51, 88, -1,
      88, 51, 50, -1,
      88, 50, 89, -1,
      89, 50, 52, -1,
      89, 52, 90, -1,
      90, 52, 53, -1,
      90, 53, 91, -1,
      91, 53, 54, -1,
      91, 54, 92, -1,
      92, 54, 49, -1,
      92, 49, 93, -1,
      93, 49, 48, -1,
      93, 48, 94, -1,
      94, 48, 47, -1,
      94, 47, 95, -1,
      95, 47, 60, -1,
      95, 60, 96, -1,
      96, 60, 59, -1,
      96, 59, 97, -1,
      97, 59, 46, -1,
      97, 46, 98, -1,
      98, 46, 45, -1,
      98, 45, 99, -1,
      99, 45, 44, -1,
      99, 44, 100, -1,
      100, 44, 31, -1,
      100, 31, 101, -1,
      101, 31, 30, -1,
      101, 30, 102, -1,
      102, 30, 56, -1,
      102, 56, 103, -1,
      103, 56, 57, -1,
      103, 57, 104, -1,
      105, 104, 58, -1,
      58, 104, 57, -1,
      105, 58, 77, -1,
      105, 77, 106, -1,
      106, 77, 76, -1,
      106, 76, 107, -1,
      107, 76, 72, -1,
      107, 72, 108, -1,
      108, 72, 71, -1,
      108, 71, 109, -1,
      109, 71, 70, -1,
      109, 70, 110, -1,
      110, 70, 62, -1,
      110, 62, 111, -1,
      111, 62, 61, -1,
      111, 61, 112, -1,
      112, 61, 75, -1,
      112, 75, 113, -1,
      113, 75, 74, -1,
      113, 74, 114, -1,
      114, 74, 73, -1,
      114, 73, 115, -1,
      115, 73, 68, -1,
      115, 68, 116, -1,
      116, 68, 66, -1,
      116, 66, 117, -1,
      117, 66, 65, -1,
      117, 65, 118, -1,
      118, 65, 43, -1,
      118, 43, 119, -1,
      119, 43, 42, -1,
      119, 42, 120, -1,
      120, 42, 121, -1,
      121, 42, 40, -1,
      121, 40, 38, -1,
      34, 85, 122, -1,
      121, 38, 37, -1,
      121, 37, 123, -1,
      123, 37, 36, -1,
      123, 36, 122, -1,
      122, 36, 35, -1,
      122, 35, 34, -1,
      89, 121, 88, -1,
      88, 121, 123, -1,
      88, 123, 87, -1,
      87, 123, 122, -1,
      87, 122, 86, -1,
      86, 122, 85, -1,
      86, 85, 84, -1,
      104, 105, 103, -1,
      103, 105, 106, -1,
      103, 106, 102, -1,
      102, 106, 107, -1,
      102, 107, 101, -1,
      101, 107, 108, -1,
      101, 108, 100, -1,
      100, 108, 109, -1,
      100, 109, 99, -1,
      99, 109, 110, -1,
      99, 110, 98, -1,
      98, 110, 111, -1,
      98, 111, 97, -1,
      97, 111, 112, -1,
      97, 112, 96, -1,
      96, 112, 113, -1,
      96, 113, 95, -1,
      95, 113, 114, -1,
      95, 114, 94, -1,
      94, 114, 115, -1,
      94, 115, 93, -1,
      93, 115, 116, -1,
      93, 116, 92, -1,
      92, 116, 117, -1,
      92, 117, 91, -1,
      91, 117, 118, -1,
      91, 118, 90, -1,
      90, 118, 119, -1,
      90, 119, 89, -1,
      89, 119, 120, -1,
      89, 120, 121, -1,
      124, 125, 16, -1,
      16, 125, 2, -1,
      126, 124, 15, -1,
      15, 124, 16, -1,
      127, 126, 14, -1,
      14, 126, 15, -1,
      128, 127, 13, -1,
      13, 127, 14, -1,
      129, 128, 12, -1,
      12, 128, 13, -1,
      130, 129, 7, -1,
      7, 129, 12, -1,
      131, 130, 6, -1,
      6, 130, 7, -1,
      132, 131, 5, -1,
      5, 131, 6, -1,
      133, 132, 19, -1,
      19, 132, 5, -1,
      134, 133, 4, -1,
      4, 133, 19, -1,
      135, 134, 3, -1,
      3, 134, 4, -1,
      125, 135, 2, -1,
      2, 135, 3, -1,
      135, 125, 124, -1,
      124, 126, 135, -1,
      135, 126, 127, -1,
      135, 127, 134, -1,
      132, 133, 131, -1,
      131, 133, 134, -1,
      131, 134, 130, -1,
      130, 134, 127, -1,
      130, 127, 129, -1,
      129, 127, 128, -1,
      136, 137, 138, -1,
      138, 137, 139, -1,
      138, 139, 140, -1,
      140, 139, 141, -1,
      140, 141, 142, -1,
      142, 141, 143, -1,
      142, 143, 144, -1,
      144, 143, 145, -1,
      144, 145, 146, -1,
      146, 145, 147, -1,
      146, 147, 148, -1,
      148, 147, 149, -1,
      148, 149, 150, -1,
      150, 149, 151, -1,
      150, 151, 152, -1,
      152, 151, 153, -1,
      152, 153, 154, -1,
      154, 153, 155, -1,
      154, 155, 156, -1,
      156, 155, 157, -1,
      156, 157, 158, -1,
      158, 157, 159, -1,
      158, 159, 160, -1,
      160, 159, 161, -1,
      160, 161, 162, -1,
      162, 161, 163, -1,
      162, 163, 164, -1,
      164, 163, 165, -1,
      164, 165, 166, -1,
      166, 165, 167, -1,
      166, 167, 168, -1,
      168, 167, 169, -1,
      168, 169, 170, -1,
      170, 169, 136, -1,
      170, 136, 138, -1,
      153, 151, 18, -1,
      18, 151, 17, -1,
      153, 18, 10, -1,
      153, 10, 155, -1,
      155, 10, 9, -1,
      155, 9, 157, -1,
      157, 9, 8, -1,
      157, 8, 159, -1,
      159, 8, 1, -1,
      159, 1, 161, -1,
      161, 1, 0, -1,
      161, 0, 163, -1,
      163, 0, 29, -1,
      163, 29, 165, -1,
      165, 29, 28, -1,
      165, 28, 167, -1,
      167, 28, 27, -1,
      167, 27, 169, -1,
      169, 27, 25, -1,
      169, 25, 136, -1,
      136, 25, 24, -1,
      136, 24, 137, -1,
      137, 24, 23, -1,
      137, 23, 139, -1,
      139, 23, 22, -1,
      139, 22, 141, -1,
      141, 22, 21, -1,
      141, 21, 143, -1,
      143, 21, 20, -1,
      143, 20, 145, -1,
      145, 20, 26, -1,
      145, 26, 147, -1,
      149, 147, 11, -1,
      11, 147, 26, -1,
      151, 149, 17, -1,
      17, 149, 11, -1,
      146, 148, 171, -1,
      171, 148, 172, -1,
      148, 150, 172, -1,
      172, 150, 173, -1,
      150, 152, 173, -1,
      173, 152, 174, -1,
      166, 175, 176, -1,
      166, 176, 164, -1,
      164, 176, 177, -1,
      164, 177, 162, -1,
      162, 177, 178, -1,
      162, 178, 160, -1,
      160, 178, 179, -1,
      160, 179, 158, -1,
      158, 179, 180, -1,
      158, 180, 156, -1,
      156, 180, 181, -1,
      156, 181, 154, -1,
      154, 181, 174, -1,
      154, 174, 152, -1,
      146, 171, 182, -1,
      146, 182, 144, -1,
      144, 182, 183, -1,
      144, 183, 142, -1,
      142, 183, 184, -1,
      142, 184, 140, -1,
      140, 184, 185, -1,
      140, 185, 138, -1,
      138, 185, 186, -1,
      138, 186, 170, -1,
      170, 186, 187, -1,
      170, 187, 168, -1,
      168, 187, 175, -1,
      168, 175, 166, -1,
    ]
  }
}

Shape {
  appearance Appearance {
    material Material {
      diffuseColor 0.2510 0.2510 0.2510
      specularColor 0.1255 0.1255 0.1255
      ambientIntensity 0.2
      transparency 0.0000
      shininess 0.5
    }
  }
  geometry IndexedFaceSet {
    ccw TRUE
    solid FALSE
    coord DEF co Coordinate {
      point [
        -0.105672 0.035049 -0.078740,
        -0.099866 0.035049 -0.078740,
        -0.099866 0.004321 -0.078740,
        -0.105454 0.004321 -0.078740,
        -0.120991 0.020068 -0.078740,
        -0.120630 0.015933 -0.078740,
        -0.119475 0.012232 -0.078740,
        -0.117814 0.009517 -0.078740,
        -0.115606 0.007336 -0.078740,
        -0.112921 0.005742 -0.078740,
        -0.109608 0.004708 -0.078740,
        -0.110332 0.034554 -0.078740,
        -0.113581 0.033417 -0.078740,
        -0.116457 0.031559 -0.078740,
        -0.118370 0.029528 -0.078740,
        -0.119737 0.027100 -0.078740,
        -0.120657 0.023986 -0.078740,
      ]
    }
    coordIndex [
      1, 2, 0, -1,
      0, 2, 3, -1,
      0, 3, 10, -1,
      4, 16, 0, -1,
      0, 16, 15, -1,
      0, 15, 11, -1,
      10, 9, 0, -1,
      0, 9, 8, -1,
      0, 8, 7, -1,
      7, 6, 0, -1,
      0, 6, 5, -1,
      0, 5, 4, -1,
      14, 13, 15, -1,
      15, 13, 12, -1,
      15, 12, 11, -1,
    ]
  }
}

Shape {
  appearance Appearance {
    material Material {
      diffuseColor 1.0000 1.0000 1.0000
      specularColor 0.8784 0.8784 0.8784
      ambientIntensity 0.2
      transparency 0.0000
      shininess 0.5
    }
  }
  geometry IndexedFaceSet {
    ccw TRUE
    solid FALSE
    coord DEF co Coordinate {
      point [
        -0.129153 0.000000 -0.078740,
        -0.149318 0.039370 -0.078740,
        -0.164682 0.000000 -0.078740,
        -0.158921 0.000000 -0.078740,
        -0.144037 0.039370 -0.078740,
        -0.154937 0.011043 -0.078740,
        -0.138673 0.011043 -0.078740,
        -0.134915 0.000000 -0.078740,
        -0.140001 0.015364 -0.082677,
        -0.138673 0.011043 -0.082677,
        -0.153167 0.015364 -0.082677,
        -0.154937 0.011043 -0.082677,
        -0.145875 0.031808 -0.082677,
        -0.144037 0.039370 -0.082677,
        -0.129153 0.000000 -0.082677,
        -0.134915 0.000000 -0.082677,
        -0.146254 0.033174 -0.082677,
        -0.146505 0.034569 -0.082677,
        -0.149318 0.039370 -0.082677,
        -0.146633 0.034569 -0.082677,
        -0.146889 0.033178 -0.082677,
        -0.147240 0.031808 -0.082677,
        -0.164682 0.000000 -0.082677,
        -0.158921 0.000000 -0.082677,
        -0.140001 0.015364 -0.078740,
        -0.153167 0.015364 -0.078740,
        -0.147240 0.031808 -0.078740,
        -0.146633 0.034569 -0.078740,
        -0.146889 0.033178 -0.078740,
        -0.146505 0.034569 -0.078740,
        -0.145875 0.031808 -0.078740,
        -0.146254 0.033174 -0.078740,
      ]
    }
    coordIndex [
      8, 9, 10, -1,
      10, 9, 11, -1,
      12, 13, 8, -1,
      8, 13, 14, -1,
      8, 14, 9, -1,
      9, 14, 15, -1,
      12, 16, 13, -1,
      13, 16, 17, -1,
      13, 17, 18, -1,
      18, 17, 19, -1,
      18, 19, 20, -1,
      20, 21, 18, -1,
      18, 21, 10, -1,
      18, 10, 22, -1,
      22, 10, 11, -1,
      22, 11, 23, -1,
      18, 22, 1, -1,
      1, 22, 2, -1,
      13, 18, 4, -1,
      4, 18, 1, -1,
      14, 13, 0, -1,
      0, 13, 4, -1,
      15, 14, 7, -1,
      7, 14, 0, -1,
      9, 15, 6, -1,
      6, 15, 7, -1,
      11, 9, 5, -1,
      5, 9, 6, -1,
      23, 11, 3, -1,
      3, 11, 5, -1,
      22, 23, 2, -1,
      2, 23, 3, -1,
      8, 10, 24, -1,
      24, 10, 25, -1,
      10, 21, 25, -1,
      25, 21, 26, -1,
      19, 27, 28, -1,
      19, 28, 20, -1,
      20, 28, 26, -1,
      20, 26, 21, -1,
      19, 17, 27, -1,
      27, 17, 29, -1,
      12, 30, 31, -1,
      12, 31, 16, -1,
      16, 31, 29, -1,
      16, 29, 17, -1,
      12, 8, 30, -1,
      30, 8, 24, -1,
    ]
  }
}

Shape {
  appearance Appearance {
    material Material {
      diffuseColor 0.2510 0.2510 0.2510
      specularColor 0.1255 0.1255 0.1255
      ambientIntensity 0.2
      transparency 0.0000
      shininess 0.5
    }
  }
  geometry IndexedFaceSet {
    ccw TRUE
    solid FALSE
    coord DEF co Coordinate {
      point [
        -0.140001 0.015364 -0.078740,
        -0.153167 0.015364 -0.078740,
        -0.147240 0.031808 -0.078740,
        -0.146633 0.034569 -0.078740,
        -0.146889 0.033178 -0.078740,
        -0.146505 0.034569 -0.078740,
        -0.145875 0.031808 -0.078740,
        -0.146254 0.033174 -0.078740,
      ]
    }
    coordIndex [
      0, 1, 6, -1,
      6, 1, 2, -1,
      6, 2, 7, -1,
      7, 2, 4, -1,
      7, 4, 5, -1,
      5, 4, 3, -1,
    ]
  }
}
