#VRML V2.0 utf8

Shape {
  appearance Appearance {
    material Material {
      diffuseColor 0.2510 0.2510 0.2510
      specularColor 0.1255 0.1255 0.1255
      ambientIntensity 0.2
      transparency 0.0000
      shininess 0.5
    }
  }
  geometry IndexedFaceSet {
    ccw TRUE
    solid FALSE
    coord DEF co Coordinate {
      point [
        0.378611 -0.050358 0.075044,
        0.378577 -0.049922 0.075530,
        0.378361 -0.049922 0.078606,
        0.378360 -0.058439 0.078634,
        0.378361 -0.058712 0.078606,
        0.378361 -0.054278 0.078606,
        0.383858 -0.226426 -0.000000,
        0.383858 -0.208277 -0.000000,
        0.378878 -0.208277 0.071224,
        0.378202 -0.028291 0.080889,
        0.378350 -0.028291 0.078764,
        0.378361 -0.026526 0.078606,
        0.377197 -0.028715 0.095257,
        0.376676 -0.026526 0.102708,
        0.378361 -0.032429 0.078606,
        0.377763 -0.035927 0.087158,
        0.378202 -0.035927 0.080889,
        0.377763 -0.032429 0.087158,
        0.378202 -0.032429 0.080889,
        0.377763 -0.029246 0.087158,
        0.377614 -0.029246 0.089293,
        0.377614 -0.032429 0.089293,
        0.377197 -0.032429 0.095257,
        0.377614 -0.035927 0.089293,
        0.377197 -0.035927 0.095257,
        0.378350 -0.032429 0.078764,
        0.378350 -0.038339 0.078764,
        0.378361 -0.039600 0.078606,
        0.377047 -0.038339 0.097401,
        0.375927 -0.019670 0.113428,
        0.375927 -0.026526 0.113428,
        0.376283 -0.017765 0.108330,
        0.376283 -0.015100 0.108330,
        0.374980 -0.022216 0.126967,
        0.376676 0.219244 0.102708,
        0.374969 0.217537 0.127125,
        0.374969 -0.026526 0.127125,
        0.374980 -0.024794 0.126967,
        0.375297 -0.026526 0.122433,
        0.378350 -0.019622 0.078764,
        0.378350 -0.024761 0.078764,
        0.377047 -0.024761 0.097401,
        0.377765 -0.009607 0.087131,
        0.377918 -0.010060 0.084949,
        0.378350 -0.008514 0.078764,
        0.378053 -0.010980 0.083022,
        0.378168 -0.012368 0.081374,
        0.377047 -0.001398 0.097401,
        0.377047 0.001181 0.097401,
        0.377682 -0.009550 0.088320,
        0.377504 -0.009859 0.090877,
        0.377220 -0.012368 0.094933,
        0.377265 -0.011702 0.094283,
        0.377379 -0.010548 0.092656,
        0.378361 0.220929 0.078606,
        0.378350 0.008297 0.078764,
        0.378350 0.005632 0.078764,
        0.377047 -0.019431 0.097401,
        0.377069 -0.016579 0.097087,
        0.377127 -0.014324 0.096265,
        0.378878 -0.026526 0.071224,
        0.378878 0.221445 0.071224,
        0.383858 0.226426 0.000000,
        0.383858 -0.026526 -0.000000,
        0.383858 -0.032429 -0.000000,
        0.378878 -0.221445 0.071224,
        0.378361 -0.208277 0.078606,
        0.378361 -0.220929 0.078606,
        0.376676 -0.208277 0.102708,
        0.376676 -0.219244 0.102708,
        0.374969 -0.208277 0.127125,
        0.374969 -0.217537 0.127125,
        0.374378 -0.208277 0.135568,
        0.374378 -0.216946 0.135568,
        0.374969 -0.062817 0.127125,
        0.374969 -0.067896 0.127125,
        0.374971 -0.067456 0.127090,
        0.375011 -0.065475 0.126520,
        0.375187 -0.065475 0.124004,
        0.376676 -0.062817 0.102708,
        0.375110 -0.069878 0.125109,
        0.375112 -0.070689 0.125073,
        0.376143 -0.072001 0.110343,
        0.376155 -0.070298 0.110159,
        0.376151 -0.069092 0.110222,
        0.375179 -0.065683 0.124116,
        0.376119 -0.067031 0.110677,
        0.376068 -0.065475 0.111407,
        0.376229 -0.065475 0.109102,
        0.376240 -0.065794 0.108943,
        0.376050 -0.074615 0.111657,
        0.375699 -0.076907 0.116683,
        0.376018 -0.075098 0.112122,
        0.375828 -0.076598 0.114834,
        0.375933 -0.075985 0.113341,
        0.375129 -0.067578 0.124835,
        0.375135 -0.072302 0.124744,
        0.375184 -0.073763 0.124047,
        0.375254 -0.074969 0.123042,
        0.375265 -0.075103 0.122895,
        0.375355 -0.076004 0.121598,
        0.375468 -0.076628 0.119985,
        0.375646 -0.076932 0.117439,
        0.376109 -0.073363 0.110824,
        0.376286 -0.067800 0.108287,
        0.376305 -0.070647 0.108016,
        0.376676 -0.078627 0.102708,
        0.376299 -0.072054 0.108100,
        0.376267 -0.074032 0.108565,
        0.376205 -0.075764 0.109446,
        0.376127 -0.077066 0.110560,
        0.376115 -0.077228 0.110736,
        0.374958 -0.069902 0.127282,
        0.374378 -0.062817 0.135568,
        0.374969 -0.071204 0.127125,
        0.374378 -0.078627 0.135568,
        0.374969 -0.078627 0.127125,
        0.375273 -0.078119 0.122773,
        0.375150 -0.076765 0.124538,
        0.375122 -0.076354 0.124932,
        0.375033 -0.074547 0.126203,
        0.374981 -0.072593 0.126957,
        0.376004 -0.078340 0.112329,
        0.375952 -0.078627 0.113067,
        0.376676 -0.079747 0.102708,
        0.374969 -0.079747 0.127125,
        0.375418 -0.079006 0.120703,
        0.375356 -0.078627 0.121587,
        0.375867 -0.079098 0.114277,
        0.375656 -0.079463 0.117296,
        0.375588 -0.079430 0.118270,
        0.374980 -0.052112 0.126967,
        0.374969 -0.049922 0.127125,
        0.374969 -0.054278 0.127125,
        0.375696 -0.059324 0.116724,
        0.376135 -0.059324 0.110455,
        0.375696 -0.054278 0.116724,
        0.376135 -0.054278 0.110455,
        0.375696 -0.052642 0.116724,
        0.376135 -0.051687 0.110455,
        0.375547 -0.052642 0.118859,
        0.375130 -0.052112 0.124824,
        0.375547 -0.054278 0.118859,
        0.375130 -0.054278 0.124824,
        0.375547 -0.059324 0.118859,
        0.375130 -0.059324 0.124824,
        0.376676 -0.049922 0.102708,
        0.376283 -0.051687 0.108330,
        0.376676 -0.054278 0.102708,
        0.376283 -0.054278 0.108330,
        0.376283 -0.061735 0.108330,
        0.374980 -0.061735 0.126967,
        0.374980 -0.054278 0.126967,
        0.376283 -0.043019 0.108330,
        0.376283 -0.048158 0.108330,
        0.374980 -0.042828 0.126967,
        0.374969 -0.039600 0.127125,
        0.374980 -0.048158 0.126967,
        0.375850 -0.033456 0.114515,
        0.375985 -0.034377 0.112588,
        0.376676 -0.032429 0.102708,
        0.375698 -0.033003 0.116697,
        0.374969 -0.032429 0.127125,
        0.375436 -0.033255 0.120443,
        0.375615 -0.032947 0.117887,
        0.376100 -0.035765 0.110941,
        0.376198 -0.037728 0.109539,
        0.376676 -0.039600 0.102708,
        0.376249 -0.039600 0.108813,
        0.376256 -0.039861 0.108711,
        0.375152 -0.035765 0.124500,
        0.375198 -0.035099 0.123850,
        0.375312 -0.033944 0.122222,
        0.375002 -0.039975 0.126653,
        0.375011 -0.039600 0.126516,
        0.375059 -0.037720 0.125831,
        0.376283 -0.031911 0.108330,
        0.376283 -0.029246 0.108330,
        0.375927 -0.027450 0.113428,
        0.377953 -0.077312 0.084446,
        0.377907 -0.076843 0.085113,
        0.377644 -0.076488 0.088873,
        0.378339 -0.071400 0.078927,
        0.378361 -0.072285 0.078606,
        0.378350 -0.069410 0.078764,
        0.378302 -0.070587 0.079465,
        0.378338 -0.075857 0.078949,
        0.378361 -0.078627 0.078606,
        0.378361 -0.074960 0.078611,
        0.378361 -0.074917 0.078606,
        0.378231 -0.077393 0.080478,
        0.378176 -0.077676 0.081267,
        0.378102 -0.077792 0.082327,
        0.377428 -0.069508 0.091959,
        0.377560 -0.063513 0.090069,
        0.377516 -0.063079 0.090700,
        0.377863 -0.076124 0.085733,
        0.377828 -0.075122 0.086242,
        0.377579 -0.075046 0.089803,
        0.377798 -0.073365 0.086672,
        0.377537 -0.071320 0.090401,
        0.377531 -0.072113 0.090483,
        0.377543 -0.073586 0.090322,
        0.378299 -0.076645 0.079497,
        0.378281 -0.076906 0.079761,
        0.378207 -0.069410 0.080822,
        0.378207 -0.069472 0.080822,
        0.378246 -0.069847 0.080255,
        0.378081 -0.077785 0.082618,
        0.378011 -0.077634 0.083623,
        0.377419 -0.074254 0.092096,
        0.377398 -0.071893 0.092380,
        0.377407 -0.070498 0.092256,
        0.377485 -0.076488 0.091141,
        0.377465 -0.075996 0.091425,
        0.377459 -0.068729 0.091517,
        0.377500 -0.068103 0.090924,
        0.377613 -0.063792 0.089317,
        0.377553 -0.067623 0.090172,
        0.377627 -0.067255 0.089116,
        0.377759 -0.069410 0.087225,
        0.377687 -0.069491 0.088257,
        0.377629 -0.069733 0.089088,
        0.377595 -0.070008 0.089569,
        0.377846 -0.062838 0.085978,
        0.378149 -0.063899 0.081641,
        0.377847 -0.062817 0.085964,
        0.378187 -0.063020 0.081096,
        0.378193 -0.062817 0.081018,
        0.377818 -0.063220 0.086377,
        0.377784 -0.063526 0.086863,
        0.377752 -0.067070 0.087330,
        0.377734 -0.063784 0.087576,
        0.377671 -0.063885 0.088483,
        0.377569 -0.070362 0.089944,
        0.377550 -0.070778 0.090211,
        0.378372 -0.073560 0.078449,
        0.378878 -0.078627 0.071224,
        0.378363 -0.072348 0.078584,
        0.378878 -0.062817 0.071224,
        0.378318 -0.063899 0.079231,
        0.378350 -0.067070 0.078764,
        0.378345 -0.062817 0.078839,
        0.378361 -0.062817 0.078606,
        0.378356 -0.062404 0.078689,
        0.378361 -0.061672 0.078606,
        0.378372 -0.060279 0.078449,
        0.377440 -0.055527 0.091789,
        0.377598 -0.055527 0.089521,
        0.377472 -0.062385 0.091322,
        0.377443 -0.061681 0.091741,
        0.378163 -0.054998 0.081446,
        0.378215 -0.055285 0.080707,
        0.378258 -0.055722 0.080091,
        0.377500 -0.062817 0.090934,
        0.377411 -0.060394 0.092196,
        0.377398 -0.058689 0.092380,
        0.377408 -0.057114 0.092246,
        0.377943 -0.055670 0.084585,
        0.377989 -0.055233 0.083943,
        0.378037 -0.054983 0.083254,
        0.378097 -0.054887 0.082384,
        0.378298 -0.056391 0.079507,
        0.378329 -0.057141 0.079070,
        0.377531 -0.058918 0.090483,
        0.377535 -0.059610 0.090431,
        0.377656 -0.061473 0.088692,
        0.377546 -0.060236 0.090267,
        0.377566 -0.060761 0.089988,
        0.377678 -0.061451 0.088381,
        0.377704 -0.061359 0.088019,
        0.377725 -0.061190 0.087704,
        0.377743 -0.060962 0.087454,
        0.377779 -0.060137 0.086939,
        0.377544 -0.057354 0.090303,
        0.377823 -0.058689 0.086310,
        0.377578 -0.056036 0.089814,
        0.377848 -0.057782 0.085944,
        0.377909 -0.056228 0.085082,
        0.377587 -0.061114 0.089677,
        0.377608 -0.061315 0.089380,
        0.377630 -0.061430 0.089065,
        0.378227 -0.061555 0.080535,
        0.377941 -0.060341 0.084614,
        0.377897 -0.061736 0.085252,
        0.378239 -0.060050 0.080355,
        0.378239 -0.059946 0.080356,
        0.377986 -0.058804 0.083972,
        0.378230 -0.058746 0.080490,
        0.378113 -0.057289 0.082156,
        0.378093 -0.057312 0.082446,
        0.378215 -0.058143 0.080710,
        0.378206 -0.057929 0.080839,
        0.378189 -0.057661 0.081077,
        0.378168 -0.057457 0.081378,
        0.378144 -0.057337 0.081710,
        0.378068 -0.057419 0.082811,
        0.378046 -0.057599 0.083120,
        0.378025 -0.057891 0.083423,
        0.377420 -0.043287 0.092075,
        0.377420 -0.040860 0.092075,
        0.377047 -0.032429 0.097401,
        0.377047 -0.028715 0.097401,
        0.378119 -0.047566 0.082070,
        0.378196 -0.047279 0.080974,
        0.378196 -0.047217 0.080974,
        0.377646 -0.049922 0.088833,
        0.378121 -0.046930 0.082051,
        0.378164 -0.047109 0.081430,
        0.378085 -0.049922 0.082567,
        0.377420 -0.053669 0.092075,
        0.377420 -0.051052 0.092075,
        0.378348 -0.048435 0.078792,
        0.378361 -0.048514 0.078606,
        0.378518 -0.049461 0.076372,
        0.378878 -0.054278 0.071224,
        0.378776 -0.053187 0.072685,
        0.378630 -0.053187 0.074762,
        0.378641 -0.052708 0.074605,
        0.378649 -0.051859 0.074495,
        0.378760 -0.049922 0.072910,
        0.378781 -0.050732 0.072602,
        0.378878 -0.049922 0.071224,
        0.378789 -0.051678 0.072494,
        0.378788 -0.052194 0.072513,
        0.378644 -0.051286 0.074561,
        0.378631 -0.050774 0.074755,
        0.378491 -0.046916 0.076753,
        0.378635 -0.047976 0.074695,
        0.378878 -0.039600 0.071224,
        0.378361 -0.046183 0.078606,
        0.378707 -0.048832 0.073669,
        0.378717 -0.048991 0.073523,
        0.378757 -0.049809 0.072954,
        0.374851 -0.131153 0.128806,
        0.374969 -0.128696 0.127125,
        0.374969 -0.097730 0.127125,
        0.375112 -0.125704 0.125078,
        0.375472 -0.121261 0.119934,
        0.376676 -0.106443 0.102708,
        0.376676 -0.097730 0.102708,
        0.376472 -0.107613 0.105624,
        0.376209 -0.110324 0.109394,
        0.375996 -0.113927 0.112434,
        0.375844 -0.118531 0.114609,
        0.375859 -0.117880 0.114391,
        0.374841 -0.156190 0.128948,
        0.374681 -0.150046 0.131233,
        0.374630 -0.143769 0.131968,
        0.374378 -0.097730 0.135568,
        0.374678 -0.137771 0.131278,
        0.374969 -0.159178 0.127125,
        0.374992 -0.159709 0.126800,
        0.376793 -0.190091 0.101040,
        0.376676 -0.189792 0.102708,
        0.376444 -0.189199 0.106020,
        0.376111 -0.187079 0.110791,
        0.375826 -0.183885 0.114874,
        0.375426 -0.173842 0.120590,
        0.375381 -0.168609 0.121235,
        0.375178 -0.162831 0.124133,
        0.375387 -0.167082 0.121152,
        0.375399 -0.165554 0.120970,
        0.375766 -0.182988 0.115721,
        0.375559 -0.178763 0.118684,
        0.378337 -0.173923 0.078964,
        0.378302 -0.175602 0.079465,
        0.378139 -0.180402 0.081797,
        0.377892 -0.184549 0.085324,
        0.377590 -0.187583 0.089645,
        0.377245 -0.189486 0.094578,
        0.376882 -0.190128 0.099768,
        0.378842 -0.168014 0.071734,
        0.378706 -0.170613 0.073687,
        0.378535 -0.172589 0.076119,
        0.378361 -0.173755 0.078606,
        0.378878 -0.097730 0.071224,
        0.378878 -0.155804 0.071224,
        0.383858 -0.097730 -0.000000,
        0.378939 -0.158086 0.070349,
        0.378967 -0.161304 0.069954,
        0.378966 -0.161813 0.069963,
        0.378932 -0.164949 0.070450,
        0.378878 -0.166796 0.071224,
        0.378361 -0.097730 0.078606,
        0.378361 -0.148857 0.078606,
        0.378366 -0.148871 0.078549,
        0.378572 -0.150444 0.075597,
        0.378731 -0.152478 0.073322,
        0.378859 -0.155124 0.071485,
        0.377815 -0.131896 0.086424,
        0.377790 -0.130984 0.086783,
        0.377262 -0.129424 0.094335,
        0.377938 -0.110295 0.084662,
        0.378152 -0.113909 0.081610,
        0.377419 -0.151341 0.092083,
        0.376770 -0.133541 0.101358,
        0.377272 -0.153664 0.094192,
        0.377167 -0.156483 0.095699,
        0.377856 -0.132713 0.085846,
        0.377682 -0.107659 0.088327,
        0.376985 -0.113682 0.098285,
        0.376807 -0.114307 0.100830,
        0.376676 -0.115324 0.102708,
        0.376676 -0.181429 0.102708,
        0.376755 -0.105989 0.101577,
        0.377058 -0.105381 0.097250,
        0.377389 -0.105990 0.092522,
        0.377781 -0.129955 0.086915,
        0.377781 -0.129826 0.086905,
        0.377787 -0.129427 0.086817,
        0.377233 -0.180646 0.094743,
        0.377420 -0.179067 0.092063,
        0.377517 -0.172323 0.090689,
        0.377591 -0.176686 0.089622,
        0.377716 -0.173790 0.087842,
        0.377210 -0.167411 0.095078,
        0.377341 -0.170127 0.093194,
        0.376863 -0.181760 0.100033,
        0.377006 -0.181600 0.097986,
        0.377131 -0.164477 0.096198,
        0.377104 -0.161304 0.096588,
        0.377111 -0.159689 0.096493,
        0.378068 -0.134072 0.082807,
        0.378031 -0.134039 0.083330,
        0.377947 -0.148020 0.084530,
        0.377961 -0.133772 0.084338,
        0.377898 -0.133261 0.085243,
        0.377557 -0.116313 0.090108,
        0.377413 -0.114852 0.092175,
        0.377248 -0.113935 0.094536,
        0.377067 -0.113616 0.097118,
        0.378347 -0.130969 0.078819,
        0.378322 -0.131847 0.079164,
        0.378280 -0.132709 0.079775,
        0.378258 -0.133018 0.080089,
        0.378200 -0.133597 0.080921,
        0.378137 -0.133946 0.081820,
        0.378137 -0.148093 0.081820,
        0.378040 -0.148020 0.083204,
        0.378290 -0.117962 0.079631,
        0.378355 -0.122383 0.078699,
        0.378355 -0.130220 0.078699,
        0.377790 -0.129158 0.086782,
        0.377790 -0.123180 0.086782,
        0.377758 -0.120792 0.087239,
        0.377682 -0.118449 0.088323,
        0.377570 -0.116485 0.089924,
        0.375787 -0.127906 0.115419,
        0.375538 -0.130903 0.118988,
        0.376076 -0.161436 0.111296,
        0.375517 -0.131233 0.119288,
        0.375336 -0.134965 0.121872,
        0.375783 -0.159407 0.115489,
        0.376040 -0.162377 0.111810,
        0.375964 -0.165356 0.112898,
        0.376648 -0.115544 0.103115,
        0.376529 -0.117071 0.104815,
        0.376344 -0.123977 0.107454,
        0.376428 -0.119131 0.106251,
        0.376366 -0.121449 0.107142,
        0.376344 -0.125040 0.107454,
        0.376086 -0.125855 0.111150,
        0.375996 -0.173143 0.112435,
        0.376106 -0.176103 0.110867,
        0.375942 -0.169864 0.113212,
        0.376248 -0.178383 0.108837,
        0.376432 -0.180225 0.106198,
        0.375534 -0.156427 0.119039,
        0.375225 -0.139131 0.123465,
        0.375353 -0.152867 0.121634,
        0.375186 -0.143637 0.124017,
        0.375230 -0.148528 0.123389,
        0.375937 -0.168476 0.113284,
        0.376639 -0.181363 0.103243,
        0.378878 -0.032429 0.071224,
        0.383858 -0.039600 -0.000000,
        0.374378 0.216946 0.135568,
        0.374378 -0.026526 0.135568,
        0.374378 -0.032429 0.135568,
        0.374378 -0.039600 0.135568,
        0.374378 -0.049922 0.135568,
        0.374378 -0.054278 0.135568,
        0.383858 -0.049922 -0.000000,
        0.383858 -0.054278 -0.000000,
        0.383858 -0.062817 -0.000000,
        0.383858 -0.078627 -0.000000,
        0.383858 -0.079747 -0.000000,
        0.378878 -0.079747 0.071224,
        0.378361 -0.079747 0.078606,
        0.378202 -0.080031 0.080889,
        0.378350 -0.080031 0.078764,
        0.378350 -0.090080 0.078764,
        0.377197 -0.080456 0.095257,
        0.377047 -0.090080 0.097401,
        0.377047 -0.080456 0.097401,
        0.377763 -0.087668 0.087158,
        0.378202 -0.087668 0.080889,
        0.377763 -0.080987 0.087158,
        0.377614 -0.080987 0.089293,
        0.377614 -0.087668 0.089293,
        0.377197 -0.087668 0.095257,
        0.374980 -0.087668 0.126967,
        0.376135 -0.087668 0.110455,
        0.376135 -0.080227 0.110455,
        0.376283 -0.090080 0.108330,
        0.374980 -0.090080 0.126967,
        0.376283 -0.080227 0.108330,
        0.374378 -0.079747 0.135568,
        0.374127 0.216694 0.139169,
        0.374127 -0.026526 0.139169,
        0.374127 -0.032429 0.139169,
        0.374127 -0.039600 0.139169,
        0.374127 -0.049922 0.139169,
        0.374127 -0.054278 0.139169,
        0.374127 -0.062817 0.139169,
        0.374127 -0.078627 0.139169,
        0.374127 -0.079747 0.139169,
        0.374127 -0.097730 0.139169,
        0.374127 -0.208277 0.139169,
        0.374127 -0.216694 0.139169,
        0.378350 -0.005849 0.078764,
        0.377994 0.003726 0.083861,
        0.377994 -0.004054 0.083861,
        0.378324 -0.016464 0.079145,
        0.378266 -0.014331 0.079972,
        0.364221 -0.246063 0.000000,
        0.314961 -0.246063 -0.000000,
        0.314961 -0.243861 -0.031496,
        0.350360 -0.232202 -0.198224,
        0.196850 -0.243861 -0.031496,
        -0.350360 -0.232202 -0.198224,
        -0.314961 -0.246063 -0.000000,
        -0.364221 -0.246063 -0.000000,
        -0.314961 -0.243861 -0.031496,
        -0.196850 -0.243861 -0.031496,
        -0.196850 -0.246063 0.000000,
        0.196850 -0.246063 -0.000000,
        -0.314961 -0.245237 0.011811,
        -0.354490 -0.236331 0.139169,
        -0.196850 -0.245237 0.011811,
        0.354490 -0.236331 0.139169,
        0.314961 -0.245237 0.011811,
        0.196850 -0.245237 0.011811,
        0.369997 -0.212565 -0.198224,
        0.369997 0.212565 -0.198224,
        -0.369997 0.212565 -0.198224,
        -0.369997 -0.212565 -0.198224,
        -0.383858 0.226426 0.000000,
        -0.383858 -0.226426 -0.000000,
        0.059055 0.246063 0.000000,
        0.364221 0.246063 0.000000,
        0.059055 0.243861 -0.031496,
        0.350360 0.232202 -0.198224,
        -0.059055 0.243861 -0.031496,
        -0.350360 0.232202 -0.198224,
        -0.059055 0.246063 0.000000,
        -0.364221 0.246063 0.000000,
        -0.350360 0.212565 -0.216535,
        0.350360 0.212565 -0.216535,
        -0.350360 -0.212565 -0.216535,
        0.350360 -0.212565 -0.216535,
        -0.059055 0.245237 0.011811,
        -0.354490 0.236331 0.139169,
        0.059055 0.245237 0.011811,
        0.354490 0.236331 0.139169,
        -0.374127 0.216694 0.139169,
        -0.374127 -0.216694 0.139169,
        -0.297008 -0.111748 0.157480,
        -0.354490 0.216694 0.157480,
        -0.305726 -0.115359 0.157480,
        -0.313211 -0.121104 0.157480,
        -0.262094 -0.172221 0.157480,
        0.354490 -0.216694 0.157480,
        -0.256350 -0.164735 0.157480,
        -0.252739 -0.156018 0.157480,
        -0.297008 -0.181576 0.157480,
        -0.305726 -0.177965 0.157480,
        -0.354490 -0.216694 0.157480,
        -0.269580 -0.177965 0.157480,
        -0.278298 -0.181576 0.157480,
        -0.287653 -0.182808 0.157480,
        -0.313211 -0.172221 0.157480,
        -0.318956 -0.164735 0.157480,
        -0.322567 -0.156018 0.157480,
        -0.323798 -0.146663 0.157480,
        -0.322567 -0.137307 0.157480,
        -0.318956 -0.128590 0.157480,
        -0.287653 -0.110517 0.157480,
        -0.278298 -0.111748 0.157480,
        0.354490 0.216694 0.157480,
        -0.269580 -0.115359 0.157480,
        -0.262094 -0.121104 0.157480,
        -0.256350 -0.128590 0.157480,
        -0.252739 -0.137307 0.157480,
        -0.251507 -0.146663 0.157480,
      ]
    }
    coordIndex [
      0, 1, 2, -1,
      3, 4, 5, -1,
      6, 7, 8, -1,
      9, 10, 11, -1,
      12, 9, 13, -1,
      11, 10, 14, -1,
      15, 16, 17, -1,
      17, 16, 18, -1,
      17, 18, 19, -1,
      19, 18, 9, -1,
      19, 9, 20, -1,
      20, 9, 12, -1,
      20, 12, 21, -1,
      21, 12, 22, -1,
      21, 22, 23, -1,
      23, 22, 24, -1,
      10, 25, 14, -1,
      14, 25, 26, -1,
      14, 26, 27, -1,
      27, 26, 28, -1,
      29, 30, 31, -1,
      31, 30, 13, -1,
      31, 13, 32, -1,
      33, 32, 34, -1,
      34, 35, 33, -1,
      33, 35, 36, -1,
      33, 36, 37, -1,
      37, 36, 38, -1,
      39, 40, 11, -1,
      9, 11, 13, -1,
      13, 11, 40, -1,
      13, 40, 41, -1,
      42, 43, 44, -1,
      44, 43, 45, -1,
      44, 45, 46, -1,
      13, 47, 48, -1,
      42, 44, 49, -1,
      49, 44, 47, -1,
      49, 47, 50, -1,
      51, 52, 47, -1,
      47, 52, 53, -1,
      47, 53, 50, -1,
      32, 13, 34, -1,
      34, 13, 48, -1,
      34, 48, 54, -1,
      54, 48, 55, -1,
      54, 55, 56, -1,
      41, 57, 13, -1,
      13, 57, 58, -1,
      13, 58, 47, -1,
      47, 58, 59, -1,
      47, 59, 51, -1,
      60, 61, 54, -1,
      62, 61, 63, -1,
      63, 61, 60, -1,
      63, 60, 64, -1,
      6, 8, 65, -1,
      65, 8, 66, -1,
      65, 66, 67, -1,
      67, 66, 68, -1,
      67, 68, 69, -1,
      69, 68, 70, -1,
      69, 70, 71, -1,
      71, 70, 72, -1,
      71, 72, 73, -1,
      74, 75, 76, -1,
      76, 77, 74, -1,
      74, 77, 78, -1,
      74, 78, 79, -1,
      80, 81, 82, -1,
      83, 84, 85, -1,
      85, 84, 86, -1,
      85, 86, 78, -1,
      78, 86, 87, -1,
      78, 87, 79, -1,
      79, 87, 88, -1,
      79, 88, 89, -1,
      90, 91, 92, -1,
      92, 91, 93, -1,
      92, 93, 94, -1,
      83, 85, 82, -1,
      82, 85, 95, -1,
      82, 95, 80, -1,
      81, 96, 82, -1,
      82, 96, 97, -1,
      82, 97, 98, -1,
      98, 99, 82, -1,
      82, 99, 100, -1,
      82, 100, 101, -1,
      101, 102, 82, -1,
      82, 102, 91, -1,
      82, 91, 103, -1,
      103, 91, 90, -1,
      89, 104, 79, -1,
      79, 104, 105, -1,
      79, 105, 106, -1,
      106, 105, 107, -1,
      106, 107, 108, -1,
      108, 109, 106, -1,
      106, 109, 110, -1,
      106, 110, 111, -1,
      112, 113, 114, -1,
      114, 113, 115, -1,
      116, 117, 118, -1,
      118, 119, 116, -1,
      116, 119, 120, -1,
      116, 120, 121, -1,
      111, 122, 106, -1,
      106, 122, 123, -1,
      106, 123, 124, -1,
      125, 126, 116, -1,
      116, 126, 127, -1,
      116, 127, 117, -1,
      123, 128, 124, -1,
      124, 128, 129, -1,
      124, 129, 125, -1,
      125, 129, 130, -1,
      125, 130, 126, -1,
      131, 132, 133, -1,
      134, 135, 136, -1,
      136, 135, 137, -1,
      136, 137, 138, -1,
      138, 137, 139, -1,
      138, 139, 140, -1,
      140, 139, 141, -1,
      140, 141, 142, -1,
      142, 141, 143, -1,
      142, 143, 144, -1,
      144, 143, 145, -1,
      131, 141, 132, -1,
      132, 141, 139, -1,
      132, 139, 146, -1,
      146, 139, 147, -1,
      146, 147, 148, -1,
      148, 147, 149, -1,
      148, 149, 79, -1,
      79, 149, 150, -1,
      79, 150, 74, -1,
      74, 150, 151, -1,
      74, 151, 133, -1,
      133, 151, 152, -1,
      133, 152, 131, -1,
      153, 154, 146, -1,
      155, 156, 132, -1,
      146, 154, 132, -1,
      132, 154, 157, -1,
      132, 157, 155, -1,
      158, 159, 160, -1,
      158, 160, 161, -1,
      162, 163, 164, -1,
      159, 165, 160, -1,
      160, 165, 166, -1,
      160, 166, 167, -1,
      167, 166, 168, -1,
      167, 168, 169, -1,
      170, 171, 162, -1,
      162, 171, 172, -1,
      162, 172, 163, -1,
      155, 173, 156, -1,
      156, 173, 174, -1,
      156, 174, 162, -1,
      162, 174, 175, -1,
      162, 175, 170, -1,
      176, 160, 177, -1,
      177, 160, 13, -1,
      177, 13, 178, -1,
      178, 13, 30, -1,
      38, 36, 176, -1,
      176, 36, 162, -1,
      176, 162, 160, -1,
      160, 162, 164, -1,
      160, 164, 161, -1,
      179, 180, 181, -1,
      182, 183, 184, -1,
      182, 184, 185, -1,
      186, 187, 188, -1,
      188, 187, 189, -1,
      190, 191, 187, -1,
      187, 191, 192, -1,
      193, 194, 195, -1,
      180, 196, 181, -1,
      181, 196, 197, -1,
      181, 197, 198, -1,
      198, 197, 199, -1,
      200, 201, 199, -1,
      199, 201, 202, -1,
      199, 202, 198, -1,
      186, 203, 187, -1,
      187, 203, 204, -1,
      187, 204, 190, -1,
      205, 206, 184, -1,
      184, 206, 207, -1,
      184, 207, 185, -1,
      106, 208, 209, -1,
      210, 211, 106, -1,
      106, 211, 212, -1,
      179, 181, 209, -1,
      209, 181, 213, -1,
      209, 213, 106, -1,
      106, 213, 214, -1,
      106, 214, 210, -1,
      193, 215, 194, -1,
      194, 215, 216, -1,
      194, 216, 217, -1,
      217, 216, 218, -1,
      217, 218, 219, -1,
      220, 221, 199, -1,
      199, 221, 222, -1,
      199, 222, 223, -1,
      224, 225, 226, -1,
      226, 225, 227, -1,
      226, 227, 228, -1,
      229, 230, 231, -1,
      231, 230, 232, -1,
      231, 232, 219, -1,
      219, 232, 233, -1,
      219, 233, 217, -1,
      223, 234, 199, -1,
      199, 234, 235, -1,
      199, 235, 200, -1,
      236, 237, 238, -1,
      238, 237, 239, -1,
      238, 239, 183, -1,
      224, 229, 225, -1,
      225, 229, 231, -1,
      225, 231, 240, -1,
      240, 231, 241, -1,
      240, 241, 242, -1,
      242, 241, 243, -1,
      242, 243, 244, -1,
      244, 243, 245, -1,
      246, 245, 239, -1,
      239, 245, 243, -1,
      239, 243, 183, -1,
      183, 243, 241, -1,
      183, 241, 184, -1,
      247, 248, 5, -1,
      249, 250, 79, -1,
      251, 252, 5, -1,
      5, 252, 253, -1,
      212, 193, 106, -1,
      106, 193, 195, -1,
      106, 195, 79, -1,
      79, 195, 254, -1,
      79, 254, 249, -1,
      250, 255, 79, -1,
      79, 255, 256, -1,
      79, 256, 148, -1,
      148, 256, 257, -1,
      148, 257, 247, -1,
      258, 259, 248, -1,
      248, 259, 260, -1,
      248, 260, 5, -1,
      5, 260, 261, -1,
      5, 261, 251, -1,
      253, 262, 5, -1,
      5, 262, 263, -1,
      5, 263, 3, -1,
      264, 265, 266, -1,
      266, 265, 267, -1,
      266, 267, 268, -1,
      266, 269, 264, -1,
      264, 269, 270, -1,
      264, 270, 271, -1,
      271, 272, 264, -1,
      264, 272, 273, -1,
      264, 273, 274, -1,
      274, 273, 275, -1,
      274, 275, 276, -1,
      276, 275, 277, -1,
      276, 277, 248, -1,
      248, 277, 278, -1,
      248, 278, 258, -1,
      279, 280, 268, -1,
      268, 280, 281, -1,
      268, 281, 266, -1,
      282, 283, 228, -1,
      228, 283, 284, -1,
      228, 284, 226, -1,
      282, 285, 283, -1,
      283, 285, 286, -1,
      283, 286, 287, -1,
      287, 286, 288, -1,
      287, 289, 290, -1,
      288, 291, 287, -1,
      287, 291, 292, -1,
      287, 292, 293, -1,
      293, 294, 287, -1,
      287, 294, 295, -1,
      287, 295, 289, -1,
      290, 296, 287, -1,
      287, 296, 297, -1,
      287, 297, 298, -1,
      299, 300, 167, -1,
      300, 27, 167, -1,
      167, 27, 28, -1,
      167, 28, 160, -1,
      160, 28, 301, -1,
      160, 301, 13, -1,
      13, 301, 302, -1,
      13, 302, 12, -1,
      303, 304, 305, -1,
      169, 153, 167, -1,
      167, 153, 146, -1,
      167, 146, 299, -1,
      299, 146, 306, -1,
      299, 306, 307, -1,
      307, 306, 303, -1,
      307, 303, 308, -1,
      308, 303, 305, -1,
      2, 309, 5, -1,
      5, 309, 310, -1,
      247, 5, 148, -1,
      148, 5, 310, -1,
      148, 310, 146, -1,
      146, 310, 311, -1,
      146, 311, 306, -1,
      312, 309, 313, -1,
      313, 309, 2, -1,
      313, 2, 314, -1,
      314, 2, 1, -1,
      315, 316, 317, -1,
      246, 239, 4, -1,
      4, 239, 315, -1,
      4, 315, 5, -1,
      5, 315, 317, -1,
      5, 317, 2, -1,
      2, 317, 318, -1,
      2, 318, 319, -1,
      320, 321, 322, -1,
      322, 321, 323, -1,
      322, 323, 315, -1,
      315, 323, 324, -1,
      315, 324, 316, -1,
      319, 325, 2, -1,
      2, 325, 326, -1,
      2, 326, 0, -1,
      327, 328, 329, -1,
      327, 329, 330, -1,
      328, 331, 329, -1,
      329, 331, 332, -1,
      329, 332, 322, -1,
      322, 332, 333, -1,
      322, 333, 320, -1,
      334, 335, 336, -1,
      336, 335, 337, -1,
      336, 337, 338, -1,
      339, 340, 341, -1,
      341, 340, 336, -1,
      341, 336, 342, -1,
      342, 336, 343, -1,
      338, 344, 336, -1,
      336, 344, 345, -1,
      336, 345, 343, -1,
      346, 347, 72, -1,
      72, 347, 348, -1,
      72, 348, 349, -1,
      349, 348, 350, -1,
      346, 72, 351, -1,
      351, 72, 70, -1,
      351, 70, 352, -1,
      353, 354, 68, -1,
      68, 354, 355, -1,
      68, 355, 70, -1,
      70, 355, 356, -1,
      70, 356, 357, -1,
      70, 358, 352, -1,
      352, 358, 359, -1,
      352, 359, 360, -1,
      360, 359, 361, -1,
      360, 361, 362, -1,
      357, 363, 70, -1,
      70, 363, 364, -1,
      70, 364, 358, -1,
      365, 366, 66, -1,
      66, 366, 367, -1,
      66, 367, 368, -1,
      368, 369, 66, -1,
      66, 369, 370, -1,
      66, 370, 68, -1,
      68, 370, 371, -1,
      68, 371, 353, -1,
      372, 373, 8, -1,
      8, 373, 374, -1,
      8, 374, 66, -1,
      66, 374, 375, -1,
      66, 375, 365, -1,
      376, 377, 378, -1,
      378, 377, 379, -1,
      378, 379, 7, -1,
      7, 379, 380, -1,
      380, 381, 7, -1,
      7, 381, 382, -1,
      7, 382, 8, -1,
      8, 382, 383, -1,
      8, 383, 372, -1,
      384, 385, 376, -1,
      376, 385, 386, -1,
      376, 386, 387, -1,
      387, 388, 376, -1,
      376, 388, 389, -1,
      376, 389, 377, -1,
      390, 391, 392, -1,
      393, 394, 384, -1,
      395, 396, 397, -1,
      397, 396, 398, -1,
      390, 392, 399, -1,
      393, 384, 400, -1,
      401, 402, 396, -1,
      396, 402, 403, -1,
      396, 403, 404, -1,
      339, 405, 340, -1,
      340, 405, 406, -1,
      340, 406, 384, -1,
      384, 406, 407, -1,
      384, 407, 400, -1,
      391, 408, 392, -1,
      392, 408, 409, -1,
      392, 409, 410, -1,
      411, 412, 413, -1,
      413, 412, 414, -1,
      413, 414, 415, -1,
      416, 404, 417, -1,
      417, 404, 418, -1,
      417, 418, 413, -1,
      413, 418, 419, -1,
      413, 419, 411, -1,
      416, 420, 404, -1,
      404, 420, 421, -1,
      404, 421, 396, -1,
      396, 421, 422, -1,
      396, 422, 398, -1,
      423, 424, 425, -1,
      425, 424, 426, -1,
      425, 426, 392, -1,
      392, 426, 427, -1,
      392, 427, 399, -1,
      428, 429, 392, -1,
      392, 429, 430, -1,
      392, 430, 396, -1,
      396, 430, 431, -1,
      396, 431, 401, -1,
      432, 433, 385, -1,
      385, 433, 434, -1,
      385, 434, 435, -1,
      435, 436, 385, -1,
      385, 436, 437, -1,
      385, 437, 438, -1,
      438, 437, 423, -1,
      438, 423, 439, -1,
      439, 423, 425, -1,
      394, 440, 384, -1,
      384, 440, 441, -1,
      384, 441, 385, -1,
      385, 441, 442, -1,
      385, 442, 432, -1,
      410, 443, 392, -1,
      392, 443, 444, -1,
      392, 444, 445, -1,
      445, 446, 392, -1,
      392, 446, 447, -1,
      392, 447, 428, -1,
      448, 449, 450, -1,
      449, 451, 450, -1,
      450, 451, 452, -1,
      450, 452, 453, -1,
      403, 450, 404, -1,
      404, 450, 454, -1,
      404, 454, 455, -1,
      456, 457, 458, -1,
      458, 457, 459, -1,
      458, 459, 460, -1,
      456, 458, 403, -1,
      403, 458, 461, -1,
      403, 461, 450, -1,
      450, 461, 462, -1,
      450, 462, 448, -1,
      463, 464, 465, -1,
      465, 464, 466, -1,
      465, 466, 467, -1,
      453, 452, 468, -1,
      468, 452, 469, -1,
      468, 469, 470, -1,
      470, 469, 471, -1,
      470, 471, 472, -1,
      455, 473, 404, -1,
      404, 473, 465, -1,
      404, 465, 474, -1,
      474, 465, 467, -1,
      475, 329, 476, -1,
      300, 330, 27, -1,
      27, 330, 329, -1,
      27, 329, 14, -1,
      14, 329, 475, -1,
      14, 475, 11, -1,
      35, 477, 36, -1,
      36, 477, 478, -1,
      36, 478, 162, -1,
      162, 478, 479, -1,
      162, 479, 156, -1,
      156, 479, 480, -1,
      156, 480, 132, -1,
      132, 480, 481, -1,
      132, 481, 133, -1,
      133, 481, 482, -1,
      133, 482, 74, -1,
      74, 482, 113, -1,
      74, 113, 75, -1,
      75, 113, 112, -1,
      476, 329, 483, -1,
      483, 329, 322, -1,
      483, 322, 484, -1,
      484, 322, 315, -1,
      484, 315, 485, -1,
      485, 315, 239, -1,
      485, 239, 486, -1,
      486, 239, 237, -1,
      486, 237, 487, -1,
      487, 237, 488, -1,
      487, 488, 378, -1,
      236, 189, 237, -1,
      237, 189, 187, -1,
      237, 187, 488, -1,
      488, 187, 489, -1,
      490, 491, 489, -1,
      489, 491, 492, -1,
      192, 208, 187, -1,
      187, 208, 106, -1,
      187, 106, 489, -1,
      489, 106, 124, -1,
      489, 124, 490, -1,
      490, 124, 493, -1,
      378, 488, 376, -1,
      376, 488, 489, -1,
      376, 489, 384, -1,
      384, 489, 492, -1,
      384, 492, 340, -1,
      340, 492, 494, -1,
      340, 494, 124, -1,
      124, 494, 495, -1,
      124, 495, 493, -1,
      496, 497, 498, -1,
      498, 497, 490, -1,
      498, 490, 499, -1,
      499, 490, 493, -1,
      499, 493, 500, -1,
      500, 493, 501, -1,
      502, 503, 504, -1,
      505, 506, 336, -1,
      336, 506, 502, -1,
      336, 502, 125, -1,
      125, 502, 504, -1,
      125, 504, 124, -1,
      124, 504, 507, -1,
      124, 507, 340, -1,
      340, 507, 505, -1,
      340, 505, 336, -1,
      121, 114, 116, -1,
      116, 114, 115, -1,
      116, 115, 125, -1,
      125, 115, 508, -1,
      125, 508, 336, -1,
      336, 508, 349, -1,
      336, 349, 334, -1,
      334, 349, 350, -1,
      477, 509, 478, -1,
      478, 509, 510, -1,
      478, 510, 479, -1,
      479, 510, 511, -1,
      479, 511, 480, -1,
      480, 511, 512, -1,
      480, 512, 481, -1,
      481, 512, 513, -1,
      481, 513, 482, -1,
      482, 513, 514, -1,
      482, 514, 113, -1,
      113, 514, 515, -1,
      113, 515, 115, -1,
      115, 515, 516, -1,
      115, 516, 508, -1,
      508, 516, 517, -1,
      508, 517, 349, -1,
      349, 517, 518, -1,
      349, 518, 72, -1,
      72, 518, 519, -1,
      72, 519, 73, -1,
      73, 519, 520, -1,
      44, 56, 521, -1,
      521, 56, 522, -1,
      521, 522, 523, -1,
      476, 64, 475, -1,
      475, 64, 60, -1,
      475, 60, 11, -1,
      11, 60, 54, -1,
      11, 54, 39, -1,
      39, 54, 56, -1,
      39, 56, 524, -1,
      524, 56, 44, -1,
      524, 44, 525, -1,
      525, 44, 46, -1,
      526, 527, 528, -1,
      526, 528, 529, -1,
      529, 528, 530, -1,
      529, 530, 531, -1,
      532, 533, 534, -1,
      534, 533, 531, -1,
      534, 531, 535, -1,
      535, 531, 530, -1,
      535, 530, 536, -1,
      536, 530, 537, -1,
      533, 532, 538, -1,
      533, 538, 539, -1,
      539, 538, 540, -1,
      539, 540, 541, -1,
      527, 526, 542, -1,
      542, 526, 541, -1,
      542, 541, 543, -1,
      543, 541, 540, -1,
      543, 540, 537, -1,
      537, 540, 536, -1,
      544, 545, 6, -1,
      6, 545, 62, -1,
      546, 547, 548, -1,
      548, 547, 549, -1,
      550, 551, 552, -1,
      552, 551, 553, -1,
      552, 553, 554, -1,
      554, 553, 555, -1,
      554, 555, 556, -1,
      556, 555, 557, -1,
      558, 559, 560, -1,
      560, 559, 561, -1,
      556, 557, 562, -1,
      562, 557, 563, -1,
      562, 563, 564, -1,
      564, 563, 565, -1,
      564, 565, 550, -1,
      550, 565, 551, -1,
      548, 549, 566, -1,
      566, 549, 567, -1,
      568, 569, 570, -1,
      570, 569, 571, -1,
      572, 573, 574, -1,
      574, 573, 575, -1,
      576, 577, 578, -1,
      572, 579, 573, -1,
      573, 579, 580, -1,
      573, 580, 578, -1,
      578, 580, 581, -1,
      578, 581, 576, -1,
      577, 582, 578, -1,
      578, 582, 583, -1,
      578, 583, 584, -1,
      584, 585, 578, -1,
      578, 585, 586, -1,
      578, 586, 569, -1,
      569, 586, 587, -1,
      569, 587, 571, -1,
      568, 588, 569, -1,
      569, 588, 589, -1,
      569, 589, 590, -1,
      590, 589, 591, -1,
      590, 591, 592, -1,
      592, 593, 590, -1,
      590, 593, 594, -1,
      590, 594, 573, -1,
      573, 594, 595, -1,
      573, 595, 575, -1,
    ]
  }
}

Shape {
  appearance Appearance {
    material Material {
      diffuseColor 1.0000 1.0000 1.0000
      specularColor 0.5020 0.5020 0.5020
      ambientIntensity 0.2
      transparency 0.0000
      shininess 0.5
    }
  }
  geometry IndexedFaceSet {
    ccw TRUE
    solid FALSE
    coord DEF co Coordinate {
      point [
        0.314961 -0.246063 -0.000000,
        0.314961 -0.243861 -0.031496,
        0.196850 -0.243861 -0.031496,
        -0.314961 -0.246063 -0.000000,
        -0.314961 -0.243861 -0.031496,
        -0.196850 -0.243861 -0.031496,
        -0.196850 -0.246063 0.000000,
        0.196850 -0.246063 -0.000000,
        -0.314961 -0.245237 0.011811,
        -0.196850 -0.245237 0.011811,
        0.314961 -0.245237 0.011811,
        0.196850 -0.245237 0.011811,
        0.059055 0.246063 0.000000,
        0.059055 0.243861 -0.031496,
        -0.059055 0.243861 -0.031496,
        -0.059055 0.246063 0.000000,
        -0.059055 0.245237 0.011811,
        0.059055 0.245237 0.011811,
        0.059055 0.303052 0.011811,
        -0.059055 0.303052 0.011811,
        0.059055 0.447835 -0.236220,
        0.059055 0.384767 -0.236220,
        -0.059055 0.447835 -0.236220,
        -0.059055 0.384767 -0.236220,
        0.059055 0.447835 -0.192913,
        -0.059055 0.447835 -0.192913,
        0.059055 0.384767 -0.192913,
        -0.059055 0.384767 -0.192913,
        0.059055 0.381810 -0.192537,
        -0.059055 0.381810 -0.192537,
        0.059055 0.379041 -0.191433,
        -0.059055 0.379041 -0.191433,
        0.059055 0.376637 -0.189670,
        -0.059055 0.376637 -0.189670,
        0.059055 0.374751 -0.187361,
        -0.059055 0.374751 -0.187361,
        0.059055 0.373503 -0.184654,
        -0.059055 0.373503 -0.184654,
        0.059055 0.372972 -0.181720,
        -0.059055 0.372972 -0.181720,
        0.059055 0.365958 -0.047884,
        -0.059055 0.365958 -0.047884,
        -0.059055 0.363129 -0.032239,
        0.059055 0.363129 -0.032239,
        -0.059055 0.356473 -0.017800,
        0.059055 0.356473 -0.017800,
        -0.059055 0.346413 -0.005488,
        0.059055 0.346413 -0.005488,
        -0.059055 0.333591 0.003913,
        0.059055 0.333591 0.003913,
        -0.059055 0.318824 0.009805,
        0.059055 0.318824 0.009805,
        -0.059055 0.303052 -0.031496,
        0.059055 0.303052 -0.031496,
        0.059055 0.307981 -0.032123,
        -0.059055 0.307981 -0.032123,
        0.059055 0.312596 -0.033964,
        -0.059055 0.312596 -0.033964,
        0.059055 0.316603 -0.036902,
        -0.059055 0.316603 -0.036902,
        0.059055 0.319746 -0.040750,
        -0.059055 0.319746 -0.040750,
        0.059055 0.321826 -0.045262,
        -0.059055 0.321826 -0.045262,
        0.059055 0.322710 -0.050151,
        -0.059055 0.322710 -0.050151,
        0.059055 0.329724 -0.183987,
        -0.059055 0.329724 -0.183987,
        -0.059055 0.332200 -0.197677,
        0.059055 0.332200 -0.197677,
        -0.059055 0.338024 -0.210311,
        0.059055 0.338024 -0.210311,
        -0.059055 0.346826 -0.221083,
        0.059055 0.346826 -0.221083,
        -0.059055 0.358045 -0.229310,
        0.059055 0.358045 -0.229310,
        -0.059055 0.370967 -0.234465,
        0.059055 0.370967 -0.234465,
        0.314961 -0.322710 -0.050151,
        0.196850 -0.322710 -0.050151,
        0.314961 -0.321826 -0.045262,
        0.196850 -0.321826 -0.045262,
        0.314961 -0.319746 -0.040750,
        0.196850 -0.319746 -0.040750,
        0.314961 -0.316603 -0.036902,
        0.196850 -0.316603 -0.036902,
        0.314961 -0.312596 -0.033964,
        0.196850 -0.312596 -0.033964,
        0.314961 -0.307981 -0.032123,
        0.196850 -0.307981 -0.032123,
        0.314961 -0.303052 -0.031496,
        0.196850 -0.303052 -0.031496,
        0.314961 -0.303052 0.011811,
        0.196850 -0.303052 0.011811,
        0.196850 -0.318824 0.009805,
        0.314961 -0.318824 0.009805,
        0.196850 -0.333591 0.003913,
        0.314961 -0.333591 0.003913,
        0.196850 -0.346413 -0.005488,
        0.314961 -0.346413 -0.005488,
        0.196850 -0.356473 -0.017800,
        0.314961 -0.356473 -0.017800,
        0.196850 -0.363129 -0.032239,
        0.314961 -0.363129 -0.032239,
        0.196850 -0.365958 -0.047884,
        0.314961 -0.365958 -0.047884,
        0.314961 -0.372972 -0.181720,
        0.196850 -0.372972 -0.181720,
        0.314961 -0.373503 -0.184654,
        0.196850 -0.373503 -0.184654,
        0.314961 -0.374751 -0.187361,
        0.196850 -0.374751 -0.187361,
        0.314961 -0.376637 -0.189670,
        0.196850 -0.376637 -0.189670,
        0.314961 -0.379041 -0.191433,
        0.196850 -0.379041 -0.191433,
        0.314961 -0.381810 -0.192537,
        0.196850 -0.381810 -0.192537,
        0.314961 -0.384767 -0.192913,
        0.196850 -0.384767 -0.192913,
        0.314961 -0.447835 -0.192913,
        0.196850 -0.447835 -0.192913,
        0.314961 -0.447835 -0.236220,
        0.196850 -0.447835 -0.236220,
        0.314961 -0.384767 -0.236220,
        0.196850 -0.384767 -0.236220,
        0.196850 -0.370967 -0.234465,
        0.314961 -0.370967 -0.234465,
        0.196850 -0.358045 -0.229310,
        0.314961 -0.358045 -0.229310,
        0.196850 -0.346826 -0.221083,
        0.314961 -0.346826 -0.221083,
        0.196850 -0.338024 -0.210311,
        0.314961 -0.338024 -0.210311,
        0.196850 -0.332200 -0.197677,
        0.314961 -0.332200 -0.197677,
        0.196850 -0.329724 -0.183987,
        0.314961 -0.329724 -0.183987,
        -0.314961 -0.303052 -0.031496,
        -0.196850 -0.303052 -0.031496,
        -0.314961 -0.307981 -0.032123,
        -0.196850 -0.307981 -0.032123,
        -0.314961 -0.312596 -0.033964,
        -0.196850 -0.312596 -0.033964,
        -0.314961 -0.316603 -0.036902,
        -0.196850 -0.316603 -0.036902,
        -0.314961 -0.319746 -0.040750,
        -0.196850 -0.319746 -0.040750,
        -0.314961 -0.321826 -0.045262,
        -0.196850 -0.321826 -0.045262,
        -0.314961 -0.322710 -0.050151,
        -0.196850 -0.322710 -0.050151,
        -0.314961 -0.329724 -0.183987,
        -0.196850 -0.329724 -0.183987,
        -0.196850 -0.332200 -0.197677,
        -0.314961 -0.332200 -0.197677,
        -0.196850 -0.338024 -0.210311,
        -0.314961 -0.338024 -0.210311,
        -0.196850 -0.346826 -0.221083,
        -0.314961 -0.346826 -0.221083,
        -0.196850 -0.358045 -0.229310,
        -0.314961 -0.358045 -0.229310,
        -0.196850 -0.370967 -0.234465,
        -0.314961 -0.370967 -0.234465,
        -0.196850 -0.384767 -0.236220,
        -0.314961 -0.384767 -0.236220,
        -0.314961 -0.447835 -0.236220,
        -0.196850 -0.447835 -0.236220,
        -0.314961 -0.447835 -0.192913,
        -0.196850 -0.447835 -0.192913,
        -0.314961 -0.384767 -0.192913,
        -0.196850 -0.384767 -0.192913,
        -0.314961 -0.381810 -0.192537,
        -0.196850 -0.381810 -0.192537,
        -0.314961 -0.379041 -0.191433,
        -0.196850 -0.379041 -0.191433,
        -0.314961 -0.376637 -0.189670,
        -0.196850 -0.376637 -0.189670,
        -0.314961 -0.374751 -0.187361,
        -0.196850 -0.374751 -0.187361,
        -0.314961 -0.373503 -0.184654,
        -0.196850 -0.373503 -0.184654,
        -0.314961 -0.372972 -0.181720,
        -0.196850 -0.372972 -0.181720,
        -0.314961 -0.365958 -0.047884,
        -0.196850 -0.365958 -0.047884,
        -0.196850 -0.363129 -0.032239,
        -0.314961 -0.363129 -0.032239,
        -0.196850 -0.356473 -0.017800,
        -0.314961 -0.356473 -0.017800,
        -0.196850 -0.346413 -0.005488,
        -0.314961 -0.346413 -0.005488,
        -0.196850 -0.333591 0.003913,
        -0.314961 -0.333591 0.003913,
        -0.196850 -0.318824 0.009805,
        -0.314961 -0.318824 0.009805,
        -0.196850 -0.303052 0.011811,
        -0.314961 -0.303052 0.011811,
      ]
    }
    coordIndex [
      18, 19, 17, -1,
      17, 19, 16, -1,
      20, 21, 22, -1,
      22, 21, 23, -1,
      24, 20, 25, -1,
      25, 20, 22, -1,
      26, 24, 27, -1,
      27, 24, 25, -1,
      26, 27, 28, -1,
      28, 27, 29, -1,
      28, 29, 30, -1,
      30, 29, 31, -1,
      30, 31, 32, -1,
      32, 31, 33, -1,
      32, 33, 34, -1,
      34, 33, 35, -1,
      34, 35, 36, -1,
      36, 35, 37, -1,
      36, 37, 38, -1,
      38, 37, 39, -1,
      40, 38, 41, -1,
      41, 38, 39, -1,
      40, 41, 42, -1,
      40, 42, 43, -1,
      43, 42, 44, -1,
      43, 44, 45, -1,
      45, 44, 46, -1,
      45, 46, 47, -1,
      47, 46, 48, -1,
      47, 48, 49, -1,
      49, 48, 50, -1,
      49, 50, 51, -1,
      51, 50, 19, -1,
      51, 19, 18, -1,
      52, 53, 14, -1,
      14, 53, 13, -1,
      53, 52, 54, -1,
      54, 52, 55, -1,
      54, 55, 56, -1,
      56, 55, 57, -1,
      56, 57, 58, -1,
      58, 57, 59, -1,
      58, 59, 60, -1,
      60, 59, 61, -1,
      60, 61, 62, -1,
      62, 61, 63, -1,
      62, 63, 64, -1,
      64, 63, 65, -1,
      66, 64, 67, -1,
      67, 64, 65, -1,
      66, 67, 68, -1,
      66, 68, 69, -1,
      69, 68, 70, -1,
      69, 70, 71, -1,
      71, 70, 72, -1,
      71, 72, 73, -1,
      73, 72, 74, -1,
      73, 74, 75, -1,
      75, 74, 76, -1,
      75, 76, 77, -1,
      77, 76, 23, -1,
      77, 23, 21, -1,
      13, 51, 12, -1,
      12, 51, 18, -1,
      12, 18, 17, -1,
      20, 24, 21, -1,
      21, 24, 26, -1,
      21, 26, 77, -1,
      77, 26, 28, -1,
      77, 28, 75, -1,
      75, 28, 30, -1,
      75, 30, 73, -1,
      73, 30, 32, -1,
      73, 32, 71, -1,
      71, 32, 34, -1,
      71, 34, 69, -1,
      69, 34, 36, -1,
      69, 36, 66, -1,
      66, 36, 38, -1,
      66, 38, 64, -1,
      64, 38, 40, -1,
      64, 40, 62, -1,
      62, 40, 43, -1,
      62, 43, 60, -1,
      60, 43, 45, -1,
      60, 45, 58, -1,
      58, 45, 47, -1,
      58, 47, 56, -1,
      56, 47, 49, -1,
      56, 49, 54, -1,
      54, 49, 51, -1,
      54, 51, 53, -1,
      53, 51, 13, -1,
      25, 22, 27, -1,
      27, 22, 23, -1,
      27, 23, 29, -1,
      29, 23, 76, -1,
      29, 76, 31, -1,
      31, 76, 74, -1,
      31, 74, 33, -1,
      33, 74, 72, -1,
      33, 72, 35, -1,
      35, 72, 70, -1,
      35, 70, 37, -1,
      37, 70, 68, -1,
      37, 68, 39, -1,
      39, 68, 67, -1,
      39, 67, 41, -1,
      41, 67, 65, -1,
      41, 65, 42, -1,
      42, 65, 63, -1,
      42, 63, 44, -1,
      44, 63, 61, -1,
      44, 61, 46, -1,
      46, 61, 59, -1,
      46, 59, 48, -1,
      48, 59, 57, -1,
      48, 57, 50, -1,
      50, 15, 19, -1,
      19, 15, 16, -1,
      14, 15, 52, -1,
      52, 15, 50, -1,
      52, 50, 55, -1,
      55, 50, 57, -1,
      78, 79, 80, -1,
      80, 79, 81, -1,
      80, 81, 82, -1,
      82, 81, 83, -1,
      82, 83, 84, -1,
      84, 83, 85, -1,
      84, 85, 86, -1,
      86, 85, 87, -1,
      86, 87, 88, -1,
      88, 87, 89, -1,
      88, 89, 90, -1,
      90, 89, 91, -1,
      1, 90, 2, -1,
      2, 90, 91, -1,
      92, 10, 93, -1,
      93, 10, 11, -1,
      92, 93, 94, -1,
      92, 94, 95, -1,
      95, 94, 96, -1,
      95, 96, 97, -1,
      97, 96, 98, -1,
      97, 98, 99, -1,
      99, 98, 100, -1,
      99, 100, 101, -1,
      101, 100, 102, -1,
      101, 102, 103, -1,
      103, 102, 104, -1,
      103, 104, 105, -1,
      106, 105, 107, -1,
      107, 105, 104, -1,
      106, 107, 108, -1,
      108, 107, 109, -1,
      108, 109, 110, -1,
      110, 109, 111, -1,
      110, 111, 112, -1,
      112, 111, 113, -1,
      112, 113, 114, -1,
      114, 113, 115, -1,
      114, 115, 116, -1,
      116, 115, 117, -1,
      116, 117, 118, -1,
      118, 117, 119, -1,
      120, 118, 121, -1,
      121, 118, 119, -1,
      122, 120, 123, -1,
      123, 120, 121, -1,
      124, 122, 125, -1,
      125, 122, 123, -1,
      124, 125, 126, -1,
      124, 126, 127, -1,
      127, 126, 128, -1,
      127, 128, 129, -1,
      129, 128, 130, -1,
      129, 130, 131, -1,
      131, 130, 132, -1,
      131, 132, 133, -1,
      133, 132, 134, -1,
      133, 134, 135, -1,
      135, 134, 136, -1,
      135, 136, 137, -1,
      78, 137, 79, -1,
      79, 137, 136, -1,
      120, 122, 118, -1,
      118, 122, 124, -1,
      118, 124, 116, -1,
      116, 124, 127, -1,
      116, 127, 114, -1,
      114, 127, 129, -1,
      114, 129, 112, -1,
      112, 129, 131, -1,
      112, 131, 110, -1,
      110, 131, 133, -1,
      110, 133, 108, -1,
      108, 133, 135, -1,
      108, 135, 106, -1,
      106, 135, 137, -1,
      106, 137, 105, -1,
      105, 137, 78, -1,
      105, 78, 103, -1,
      103, 78, 80, -1,
      103, 80, 101, -1,
      101, 80, 82, -1,
      101, 82, 99, -1,
      99, 82, 84, -1,
      99, 84, 97, -1,
      97, 84, 86, -1,
      97, 86, 95, -1,
      95, 0, 92, -1,
      92, 0, 10, -1,
      1, 0, 90, -1,
      90, 0, 95, -1,
      90, 95, 88, -1,
      88, 95, 86, -1,
      2, 94, 7, -1,
      7, 94, 93, -1,
      7, 93, 11, -1,
      123, 121, 125, -1,
      125, 121, 119, -1,
      125, 119, 126, -1,
      126, 119, 117, -1,
      126, 117, 128, -1,
      128, 117, 115, -1,
      128, 115, 130, -1,
      130, 115, 113, -1,
      130, 113, 132, -1,
      132, 113, 111, -1,
      132, 111, 134, -1,
      134, 111, 109, -1,
      134, 109, 136, -1,
      136, 109, 107, -1,
      136, 107, 79, -1,
      79, 107, 104, -1,
      79, 104, 81, -1,
      81, 104, 102, -1,
      81, 102, 83, -1,
      83, 102, 100, -1,
      83, 100, 85, -1,
      85, 100, 98, -1,
      85, 98, 87, -1,
      87, 98, 96, -1,
      87, 96, 89, -1,
      89, 96, 94, -1,
      89, 94, 91, -1,
      91, 94, 2, -1,
      138, 139, 140, -1,
      140, 139, 141, -1,
      140, 141, 142, -1,
      142, 141, 143, -1,
      142, 143, 144, -1,
      144, 143, 145, -1,
      144, 145, 146, -1,
      146, 145, 147, -1,
      146, 147, 148, -1,
      148, 147, 149, -1,
      148, 149, 150, -1,
      150, 149, 151, -1,
      152, 150, 153, -1,
      153, 150, 151, -1,
      152, 153, 154, -1,
      152, 154, 155, -1,
      155, 154, 156, -1,
      155, 156, 157, -1,
      157, 156, 158, -1,
      157, 158, 159, -1,
      159, 158, 160, -1,
      159, 160, 161, -1,
      161, 160, 162, -1,
      161, 162, 163, -1,
      163, 162, 164, -1,
      163, 164, 165, -1,
      166, 165, 167, -1,
      167, 165, 164, -1,
      168, 166, 169, -1,
      169, 166, 167, -1,
      170, 168, 171, -1,
      171, 168, 169, -1,
      170, 171, 172, -1,
      172, 171, 173, -1,
      172, 173, 174, -1,
      174, 173, 175, -1,
      174, 175, 176, -1,
      176, 175, 177, -1,
      176, 177, 178, -1,
      178, 177, 179, -1,
      178, 179, 180, -1,
      180, 179, 181, -1,
      180, 181, 182, -1,
      182, 181, 183, -1,
      184, 182, 185, -1,
      185, 182, 183, -1,
      184, 185, 186, -1,
      184, 186, 187, -1,
      187, 186, 188, -1,
      187, 188, 189, -1,
      189, 188, 190, -1,
      189, 190, 191, -1,
      191, 190, 192, -1,
      191, 192, 193, -1,
      193, 192, 194, -1,
      193, 194, 195, -1,
      195, 194, 196, -1,
      195, 196, 197, -1,
      8, 197, 9, -1,
      9, 197, 196, -1,
      138, 4, 139, -1,
      139, 4, 5, -1,
      4, 195, 3, -1,
      3, 195, 197, -1,
      3, 197, 8, -1,
      166, 168, 165, -1,
      165, 168, 170, -1,
      165, 170, 163, -1,
      163, 170, 172, -1,
      163, 172, 161, -1,
      161, 172, 174, -1,
      161, 174, 159, -1,
      159, 174, 176, -1,
      159, 176, 157, -1,
      157, 176, 178, -1,
      157, 178, 155, -1,
      155, 178, 180, -1,
      155, 180, 152, -1,
      152, 180, 182, -1,
      152, 182, 150, -1,
      150, 182, 184, -1,
      150, 184, 148, -1,
      148, 184, 187, -1,
      148, 187, 146, -1,
      146, 187, 189, -1,
      146, 189, 144, -1,
      144, 189, 191, -1,
      144, 191, 142, -1,
      142, 191, 193, -1,
      142, 193, 140, -1,
      140, 193, 195, -1,
      140, 195, 138, -1,
      138, 195, 4, -1,
      194, 6, 196, -1,
      196, 6, 9, -1,
      169, 167, 171, -1,
      171, 167, 164, -1,
      171, 164, 173, -1,
      173, 164, 162, -1,
      173, 162, 175, -1,
      175, 162, 160, -1,
      175, 160, 177, -1,
      177, 160, 158, -1,
      177, 158, 179, -1,
      179, 158, 156, -1,
      179, 156, 181, -1,
      181, 156, 154, -1,
      181, 154, 183, -1,
      183, 154, 153, -1,
      183, 153, 185, -1,
      185, 153, 151, -1,
      185, 151, 186, -1,
      186, 151, 149, -1,
      186, 149, 188, -1,
      188, 149, 147, -1,
      188, 147, 190, -1,
      190, 147, 145, -1,
      190, 145, 192, -1,
      192, 145, 143, -1,
      192, 143, 194, -1,
      5, 6, 139, -1,
      139, 6, 194, -1,
      139, 194, 141, -1,
      141, 194, 143, -1,
    ]
  }
}

Shape {
  appearance Appearance {
    material Material {
      diffuseColor 0.0000 0.0000 0.0000
      specularColor 0.0000 0.0000 0.0000
      ambientIntensity 0.2
      transparency 0.0000
      shininess 0.5
    }
  }
  geometry IndexedFaceSet {
    ccw TRUE
    solid FALSE
    coord DEF co Coordinate {
      point [
        -0.297008 -0.111748 0.157480,
        -0.305726 -0.115359 0.157480,
        -0.313211 -0.121104 0.157480,
        -0.262094 -0.172221 0.157480,
        -0.256350 -0.164735 0.157480,
        -0.252739 -0.156018 0.157480,
        -0.297008 -0.181576 0.157480,
        -0.305726 -0.177965 0.157480,
        -0.269580 -0.177965 0.157480,
        -0.278298 -0.181576 0.157480,
        -0.287653 -0.182808 0.157480,
        -0.313211 -0.172221 0.157480,
        -0.318956 -0.164735 0.157480,
        -0.322567 -0.156018 0.157480,
        -0.323798 -0.146663 0.157480,
        -0.322567 -0.137307 0.157480,
        -0.318956 -0.128590 0.157480,
        -0.287653 -0.110517 0.157480,
        -0.278298 -0.111748 0.157480,
        -0.269580 -0.115359 0.157480,
        -0.262094 -0.121104 0.157480,
        -0.256350 -0.128590 0.157480,
        -0.252739 -0.137307 0.157480,
        -0.251507 -0.146663 0.157480,
        -0.251507 -0.146663 0.157087,
        -0.252739 -0.137307 0.157087,
        -0.256350 -0.128590 0.157087,
        -0.262094 -0.121104 0.157087,
        -0.269580 -0.115359 0.157087,
        -0.278298 -0.111748 0.157087,
        -0.287653 -0.110517 0.157087,
        -0.297008 -0.111748 0.157087,
        -0.305726 -0.115359 0.157087,
        -0.313211 -0.121104 0.157087,
        -0.318956 -0.128590 0.157087,
        -0.322567 -0.137307 0.157087,
        -0.323798 -0.146663 0.157087,
        -0.322567 -0.156018 0.157087,
        -0.318956 -0.164735 0.157087,
        -0.313211 -0.172221 0.157087,
        -0.305726 -0.177965 0.157087,
        -0.297008 -0.181576 0.157087,
        -0.287653 -0.182808 0.157087,
        -0.278298 -0.181576 0.157087,
        -0.269580 -0.177965 0.157087,
        -0.262094 -0.172221 0.157087,
        -0.256350 -0.164735 0.157087,
        -0.252739 -0.156018 0.157087,
        -0.287653 -0.146663 0.157087,
      ]
    }
    coordIndex [
      24, 23, 25, -1,
      25, 23, 22, -1,
      25, 22, 26, -1,
      26, 22, 21, -1,
      26, 21, 27, -1,
      27, 21, 20, -1,
      27, 20, 28, -1,
      28, 20, 19, -1,
      28, 19, 29, -1,
      29, 19, 18, -1,
      29, 18, 30, -1,
      30, 18, 17, -1,
      30, 17, 31, -1,
      31, 17, 0, -1,
      31, 0, 32, -1,
      32, 0, 1, -1,
      32, 1, 33, -1,
      33, 1, 2, -1,
      33, 2, 34, -1,
      34, 2, 16, -1,
      34, 16, 35, -1,
      35, 16, 15, -1,
      35, 15, 36, -1,
      36, 15, 14, -1,
      36, 14, 37, -1,
      37, 14, 13, -1,
      37, 13, 38, -1,
      38, 13, 12, -1,
      38, 12, 39, -1,
      39, 12, 11, -1,
      39, 11, 40, -1,
      40, 11, 7, -1,
      40, 7, 41, -1,
      41, 7, 6, -1,
      41, 6, 42, -1,
      42, 6, 10, -1,
      42, 10, 43, -1,
      43, 10, 9, -1,
      43, 9, 44, -1,
      44, 9, 8, -1,
      44, 8, 45, -1,
      45, 8, 3, -1,
      45, 3, 46, -1,
      46, 3, 4, -1,
      46, 4, 47, -1,
      47, 4, 5, -1,
      47, 5, 24, -1,
      24, 5, 23, -1,
      46, 47, 48, -1,
      48, 47, 24, -1,
      48, 24, 25, -1,
      43, 44, 48, -1,
      48, 44, 45, -1,
      48, 45, 46, -1,
      40, 41, 48, -1,
      48, 41, 42, -1,
      48, 42, 43, -1,
      37, 38, 48, -1,
      48, 38, 39, -1,
      48, 39, 40, -1,
      34, 35, 48, -1,
      48, 35, 36, -1,
      48, 36, 37, -1,
      31, 32, 48, -1,
      48, 32, 33, -1,
      48, 33, 34, -1,
      28, 29, 48, -1,
      48, 29, 30, -1,
      48, 30, 31, -1,
      25, 26, 48, -1,
      48, 26, 27, -1,
      48, 27, 28, -1,
    ]
  }
}

Shape {
  appearance Appearance {
    material Material {
      diffuseColor 0.2510 0.2510 0.2510
      specularColor 0.1255 0.1255 0.1255
      ambientIntensity 0.2
      transparency 0.0000
      shininess 0.5
    }
  }
  geometry IndexedFaceSet {
    ccw TRUE
    solid FALSE
    coord DEF co Coordinate {
      point [
        0.383858 -0.226426 -0.000000,
        0.383858 0.226426 0.000000,
        0.374127 0.216694 0.139169,
        0.374127 -0.216694 0.139169,
        0.364221 -0.246063 0.000000,
        0.350360 -0.232202 -0.198224,
        -0.350360 -0.232202 -0.198224,
        -0.364221 -0.246063 -0.000000,
        -0.354490 -0.236331 0.139169,
        0.354490 -0.236331 0.139169,
        0.369997 -0.212565 -0.198224,
        0.369997 0.212565 -0.198224,
        -0.369997 0.212565 -0.198224,
        -0.369997 -0.212565 -0.198224,
        -0.383858 0.226426 0.000000,
        -0.383858 -0.226426 -0.000000,
        0.364221 0.246063 0.000000,
        0.350360 0.232202 -0.198224,
        -0.350360 0.232202 -0.198224,
        -0.364221 0.246063 0.000000,
        -0.350360 0.212565 -0.216535,
        0.350360 0.212565 -0.216535,
        -0.350360 -0.212565 -0.216535,
        0.350360 -0.212565 -0.216535,
        -0.354490 0.236331 0.139169,
        0.354490 0.236331 0.139169,
        -0.374127 0.216694 0.139169,
        -0.374127 -0.216694 0.139169,
        -0.354490 0.216694 0.157480,
        0.354490 -0.216694 0.157480,
        -0.354490 -0.216694 0.157480,
        0.354490 0.216694 0.157480,
        0.373221 -0.216694 0.143847,
        0.373221 0.216694 0.143847,
        0.373159 -0.216694 0.143980,
        0.373159 0.216694 0.143980,
        0.371124 -0.216694 0.148320,
        0.371124 0.216694 0.148320,
        0.371050 -0.216694 0.148411,
        0.371050 0.216694 0.148411,
        0.367980 -0.216694 0.152131,
        0.367980 0.216694 0.152131,
        0.367908 -0.216694 0.152183,
        0.367908 0.216694 0.152183,
        0.363985 -0.216694 0.155039,
        0.363985 0.216694 0.155039,
        0.363930 -0.216694 0.155061,
        0.363930 0.216694 0.155061,
        0.359391 -0.216694 0.156860,
        0.359391 0.216694 0.156860,
        0.359362 -0.216694 0.156864,
        0.359362 0.216694 0.156864,
        0.354490 0.233254 0.148411,
        0.354490 0.230184 0.152131,
        0.357981 0.229724 0.152131,
        0.356947 0.225866 0.155039,
        0.355758 0.221429 0.156860,
        0.356941 0.220939 0.156860,
        0.358735 0.219145 0.156860,
        0.357956 0.220161 0.156860,
        0.359224 0.217963 0.156860,
        0.354490 0.221567 0.156864,
        0.359338 0.234788 0.143847,
        0.359565 0.235638 0.139475,
        0.359557 0.235642 0.139474,
        0.364281 0.233669 0.139667,
        0.363856 0.232917 0.143847,
        0.364287 0.233664 0.139667,
        0.367735 0.229940 0.143847,
        0.368341 0.230546 0.139733,
        0.370712 0.226060 0.143847,
        0.371459 0.226492 0.139667,
        0.371464 0.226485 0.139667,
        0.372583 0.221543 0.143847,
        0.373433 0.221770 0.139475,
        0.373437 0.221761 0.139474,
        0.354490 0.230113 0.152183,
        0.354490 0.226189 0.155039,
        0.354490 0.226135 0.155061,
        0.354490 0.221596 0.156860,
        0.359237 0.224917 0.155039,
        0.361204 0.223408 0.155039,
        0.362713 0.221442 0.155039,
        0.363661 0.219152 0.155039,
        0.361235 0.228377 0.152131,
        0.364028 0.226233 0.152131,
        0.366172 0.223439 0.152131,
        0.367520 0.220186 0.152131,
        0.354490 0.235364 0.143980,
        0.354490 0.233329 0.148320,
        0.358795 0.232762 0.148320,
        0.362807 0.231100 0.148320,
        0.366252 0.228457 0.148320,
        0.368896 0.225012 0.148320,
        0.370557 0.221000 0.148320,
        0.354490 0.235426 0.143847,
        0.367520 -0.220186 0.152131,
        0.363661 -0.219152 0.155039,
        0.359224 -0.217963 0.156860,
        0.358735 -0.219145 0.156860,
        0.356941 -0.220939 0.156860,
        0.357956 -0.220161 0.156860,
        0.355758 -0.221429 0.156860,
        0.372583 -0.221543 0.143847,
        0.373433 -0.221770 0.139475,
        0.373437 -0.221761 0.139474,
        0.371464 -0.226485 0.139667,
        0.370712 -0.226060 0.143847,
        0.371459 -0.226492 0.139667,
        0.367735 -0.229940 0.143847,
        0.368341 -0.230546 0.139733,
        0.363856 -0.232917 0.143847,
        0.364287 -0.233664 0.139667,
        0.364281 -0.233669 0.139667,
        0.359338 -0.234788 0.143847,
        0.359565 -0.235638 0.139475,
        0.359557 -0.235642 0.139474,
        0.354490 -0.235426 0.143847,
        0.354490 -0.221567 0.156864,
        0.362713 -0.221442 0.155039,
        0.361204 -0.223408 0.155039,
        0.359237 -0.224917 0.155039,
        0.356947 -0.225866 0.155039,
        0.354490 -0.221596 0.156860,
        0.354490 -0.226135 0.155061,
        0.354490 -0.226189 0.155039,
        0.354490 -0.230113 0.152183,
        0.366172 -0.223439 0.152131,
        0.364028 -0.226233 0.152131,
        0.361235 -0.228377 0.152131,
        0.357981 -0.229724 0.152131,
        0.370557 -0.221000 0.148320,
        0.368896 -0.225012 0.148320,
        0.366252 -0.228457 0.148320,
        0.362807 -0.231100 0.148320,
        0.358795 -0.232762 0.148320,
        0.354490 -0.230184 0.152131,
        0.354490 -0.233254 0.148411,
        0.354490 -0.233329 0.148320,
        0.354490 -0.235364 0.143980,
        0.369310 0.245395 -0.000000,
        0.371743 0.244570 -0.000000,
        0.374047 0.243435 -0.000000,
        0.376182 0.242009 -0.000000,
        0.378113 0.240317 -0.000000,
        0.379805 0.238387 -0.000000,
        0.381230 0.236252 -0.000000,
        0.382365 0.233948 -0.000000,
        0.383190 0.231515 -0.000000,
        -0.354490 0.235426 0.143847,
        -0.354490 0.235364 0.143980,
        -0.354490 0.233329 0.148320,
        -0.354490 0.233254 0.148411,
        -0.354490 0.230184 0.152131,
        -0.354490 0.230113 0.152183,
        -0.354490 0.226189 0.155039,
        -0.354490 0.226135 0.155061,
        -0.354490 0.221596 0.156860,
        -0.354490 0.221567 0.156864,
        -0.373221 0.216694 0.143847,
        -0.373221 -0.216694 0.143847,
        -0.373159 0.216694 0.143980,
        -0.373159 -0.216694 0.143980,
        -0.371124 0.216694 0.148320,
        -0.371124 -0.216694 0.148320,
        -0.371050 0.216694 0.148411,
        -0.371050 -0.216694 0.148411,
        -0.367980 0.216694 0.152131,
        -0.367980 -0.216694 0.152131,
        -0.367908 0.216694 0.152183,
        -0.367908 -0.216694 0.152183,
        -0.363985 0.216694 0.155039,
        -0.363985 -0.216694 0.155039,
        -0.363930 0.216694 0.155061,
        -0.363930 -0.216694 0.155061,
        -0.359391 0.216694 0.156860,
        -0.359391 -0.216694 0.156860,
        -0.359362 0.216694 0.156864,
        -0.359362 -0.216694 0.156864,
        -0.354490 -0.235426 0.143847,
        -0.354490 -0.235364 0.143980,
        -0.354490 -0.233329 0.148320,
        -0.354490 -0.233254 0.148411,
        -0.354490 -0.230184 0.152131,
        -0.354490 -0.230113 0.152183,
        -0.354490 -0.226189 0.155039,
        -0.354490 -0.226135 0.155061,
        -0.354490 -0.221596 0.156860,
        -0.354490 -0.221567 0.156864,
        0.383190 -0.231515 -0.000000,
        0.382365 -0.233948 -0.000000,
        0.381230 -0.236252 -0.000000,
        0.379805 -0.238387 -0.000000,
        0.378113 -0.240317 -0.000000,
        0.376182 -0.242009 -0.000000,
        0.374047 -0.243435 -0.000000,
        0.371743 -0.244570 -0.000000,
        0.369310 -0.245395 -0.000000,
        0.369307 0.217632 -0.198530,
        0.369304 0.217641 -0.198530,
        0.367335 0.222356 -0.198722,
        0.367330 0.222362 -0.198722,
        0.364212 0.226417 -0.198788,
        0.360157 0.229534 -0.198722,
        0.360151 0.229539 -0.198722,
        0.355436 0.231509 -0.198530,
        0.355427 0.231512 -0.198530,
        -0.367520 0.220186 0.152131,
        -0.363661 0.219152 0.155039,
        -0.359224 0.217963 0.156860,
        -0.358735 0.219145 0.156860,
        -0.356941 0.220939 0.156860,
        -0.357956 0.220161 0.156860,
        -0.355758 0.221429 0.156860,
        -0.372583 0.221543 0.143847,
        -0.373433 0.221770 0.139475,
        -0.373437 0.221761 0.139474,
        -0.371464 0.226485 0.139667,
        -0.370712 0.226060 0.143847,
        -0.371459 0.226492 0.139667,
        -0.367735 0.229940 0.143847,
        -0.368341 0.230546 0.139733,
        -0.363856 0.232917 0.143847,
        -0.364287 0.233664 0.139667,
        -0.364281 0.233669 0.139667,
        -0.359338 0.234788 0.143847,
        -0.359565 0.235638 0.139475,
        -0.359557 0.235642 0.139474,
        -0.362713 0.221442 0.155039,
        -0.361204 0.223408 0.155039,
        -0.359237 0.224917 0.155039,
        -0.356947 0.225866 0.155039,
        -0.366172 0.223439 0.152131,
        -0.364028 0.226233 0.152131,
        -0.361235 0.228377 0.152131,
        -0.357981 0.229724 0.152131,
        -0.370557 0.221000 0.148320,
        -0.368896 0.225012 0.148320,
        -0.366252 0.228457 0.148320,
        -0.362807 0.231100 0.148320,
        -0.358795 0.232762 0.148320,
        -0.357981 -0.229724 0.152131,
        -0.356947 -0.225866 0.155039,
        -0.355758 -0.221429 0.156860,
        -0.356941 -0.220939 0.156860,
        -0.358735 -0.219145 0.156860,
        -0.357956 -0.220161 0.156860,
        -0.359224 -0.217963 0.156860,
        -0.359338 -0.234788 0.143847,
        -0.359565 -0.235638 0.139475,
        -0.359557 -0.235642 0.139474,
        -0.364281 -0.233669 0.139667,
        -0.363856 -0.232917 0.143847,
        -0.364287 -0.233664 0.139667,
        -0.367735 -0.229940 0.143847,
        -0.368341 -0.230546 0.139733,
        -0.370712 -0.226060 0.143847,
        -0.371459 -0.226492 0.139667,
        -0.371464 -0.226485 0.139667,
        -0.372583 -0.221543 0.143847,
        -0.373433 -0.221770 0.139475,
        -0.373437 -0.221761 0.139474,
        -0.359237 -0.224917 0.155039,
        -0.361204 -0.223408 0.155039,
        -0.362713 -0.221442 0.155039,
        -0.363661 -0.219152 0.155039,
        -0.361235 -0.228377 0.152131,
        -0.364028 -0.226233 0.152131,
        -0.366172 -0.223439 0.152131,
        -0.367520 -0.220186 0.152131,
        -0.358795 -0.232762 0.148320,
        -0.362807 -0.231100 0.148320,
        -0.366252 -0.228457 0.148320,
        -0.368896 -0.225012 0.148320,
        -0.370557 -0.221000 0.148320,
        0.355427 -0.231512 -0.198530,
        0.355436 -0.231509 -0.198530,
        0.360151 -0.229539 -0.198722,
        0.360157 -0.229534 -0.198722,
        0.364212 -0.226417 -0.198788,
        0.367330 -0.222362 -0.198722,
        0.367335 -0.222356 -0.198722,
        0.369304 -0.217641 -0.198530,
        0.369307 -0.217632 -0.198530,
        0.369092 0.212565 -0.202902,
        0.369092 -0.212565 -0.202902,
        0.369030 0.212565 -0.203035,
        0.369030 -0.212565 -0.203035,
        0.366995 0.212565 -0.207376,
        0.366995 -0.212565 -0.207376,
        0.366920 0.212565 -0.207466,
        0.366920 -0.212565 -0.207466,
        0.363850 0.212565 -0.211187,
        0.363850 -0.212565 -0.211187,
        0.363779 0.212565 -0.211238,
        0.363779 -0.212565 -0.211238,
        0.359855 0.212565 -0.214094,
        0.359855 -0.212565 -0.214094,
        0.359800 0.212565 -0.214116,
        0.359800 -0.212565 -0.214116,
        0.355262 0.212565 -0.215915,
        0.355262 -0.212565 -0.215915,
        0.355233 0.212565 -0.215919,
        0.355233 -0.212565 -0.215919,
        0.355095 0.213833 -0.215915,
        0.350360 0.222005 -0.214116,
        0.350360 0.222060 -0.214094,
        0.352817 0.221736 -0.214094,
        0.350360 0.225983 -0.211238,
        0.350360 0.226055 -0.211187,
        0.353852 0.225595 -0.211187,
        0.354665 0.228633 -0.207376,
        0.355208 0.230658 -0.202902,
        0.359726 0.228787 -0.202902,
        0.368454 0.217413 -0.202902,
        0.350360 0.231296 -0.202902,
        0.350360 0.231234 -0.203035,
        0.350360 0.229200 -0.207376,
        0.350360 0.229125 -0.207466,
        0.366428 0.216870 -0.207376,
        0.358678 0.226971 -0.207376,
        0.363606 0.225810 -0.202902,
        0.363390 0.216056 -0.211187,
        0.357105 0.224247 -0.211187,
        0.362123 0.224328 -0.207376,
        0.359531 0.215022 -0.214094,
        0.359899 0.222104 -0.211187,
        0.355107 0.220788 -0.214094,
        0.351629 0.217300 -0.215915,
        0.366582 0.221931 -0.202902,
        0.364766 0.220882 -0.207376,
        0.362043 0.219310 -0.211187,
        0.358583 0.217312 -0.214094,
        0.354605 0.215016 -0.215915,
        0.350360 0.217437 -0.215919,
        0.350360 0.217467 -0.215915,
        0.357074 0.219279 -0.214094,
        0.352811 0.216810 -0.215915,
        0.353826 0.216031 -0.215915,
        -0.383190 0.231515 0.000000,
        -0.382365 0.233948 0.000000,
        -0.381230 0.236252 0.000000,
        -0.379805 0.238387 0.000000,
        -0.378113 0.240317 0.000000,
        -0.376182 0.242009 0.000000,
        -0.374047 0.243435 0.000000,
        -0.371743 0.244570 0.000000,
        -0.369310 0.245395 0.000000,
        -0.369310 -0.245395 -0.000000,
        -0.371743 -0.244570 -0.000000,
        -0.374047 -0.243435 -0.000000,
        -0.376182 -0.242009 -0.000000,
        -0.378113 -0.240317 -0.000000,
        -0.379805 -0.238387 -0.000000,
        -0.381230 -0.236252 -0.000000,
        -0.382365 -0.233948 -0.000000,
        -0.383190 -0.231515 -0.000000,
        0.350360 -0.217437 -0.215919,
        0.351629 -0.217300 -0.215915,
        0.359531 -0.215022 -0.214094,
        0.363390 -0.216056 -0.211187,
        0.366428 -0.216870 -0.207376,
        0.368454 -0.217413 -0.202902,
        0.366582 -0.221931 -0.202902,
        0.350360 -0.231296 -0.202902,
        0.355208 -0.230658 -0.202902,
        0.350360 -0.231234 -0.203035,
        0.354665 -0.228633 -0.207376,
        0.364766 -0.220882 -0.207376,
        0.363606 -0.225810 -0.202902,
        0.350360 -0.229200 -0.207376,
        0.350360 -0.229125 -0.207466,
        0.353852 -0.225595 -0.211187,
        0.362043 -0.219310 -0.211187,
        0.362123 -0.224328 -0.207376,
        0.350360 -0.226055 -0.211187,
        0.350360 -0.225983 -0.211238,
        0.352817 -0.221736 -0.214094,
        0.359899 -0.222104 -0.211187,
        0.358583 -0.217312 -0.214094,
        0.355095 -0.213833 -0.215915,
        0.359726 -0.228787 -0.202902,
        0.358678 -0.226971 -0.207376,
        0.357105 -0.224247 -0.211187,
        0.355107 -0.220788 -0.214094,
        0.352811 -0.216810 -0.215915,
        0.357074 -0.219279 -0.214094,
        0.354605 -0.215016 -0.215915,
        0.353826 -0.216031 -0.215915,
        0.350360 -0.222060 -0.214094,
        0.350360 -0.222005 -0.214116,
        0.350360 -0.217467 -0.215915,
        -0.350360 0.231296 -0.202902,
        -0.350360 0.231234 -0.203035,
        -0.350360 0.229200 -0.207376,
        -0.350360 0.229125 -0.207466,
        -0.350360 0.226055 -0.211187,
        -0.350360 0.225983 -0.211238,
        -0.350360 0.222060 -0.214094,
        -0.350360 0.222005 -0.214116,
        -0.350360 0.217467 -0.215915,
        -0.350360 0.217437 -0.215919,
        -0.355427 0.231512 -0.198530,
        -0.355436 0.231509 -0.198530,
        -0.360151 0.229539 -0.198722,
        -0.360157 0.229534 -0.198722,
        -0.364212 0.226417 -0.198788,
        -0.367330 0.222362 -0.198722,
        -0.367335 0.222356 -0.198722,
        -0.369304 0.217641 -0.198530,
        -0.369307 0.217632 -0.198530,
        -0.369307 -0.217632 -0.198530,
        -0.369304 -0.217641 -0.198530,
        -0.367335 -0.222356 -0.198722,
        -0.367330 -0.222362 -0.198722,
        -0.364212 -0.226417 -0.198788,
        -0.360157 -0.229534 -0.198722,
        -0.360151 -0.229539 -0.198722,
        -0.355436 -0.231509 -0.198530,
        -0.355427 -0.231512 -0.198530,
        -0.350360 -0.231296 -0.202902,
        -0.350360 -0.231234 -0.203035,
        -0.350360 -0.229200 -0.207376,
        -0.350360 -0.229125 -0.207466,
        -0.350360 -0.226055 -0.211187,
        -0.350360 -0.225983 -0.211238,
        -0.350360 -0.222060 -0.214094,
        -0.350360 -0.222005 -0.214116,
        -0.350360 -0.217467 -0.215915,
        -0.350360 -0.217437 -0.215919,
        -0.351629 0.217300 -0.215915,
        -0.359800 0.212565 -0.214116,
        -0.359855 0.212565 -0.214094,
        -0.359531 0.215022 -0.214094,
        -0.363779 0.212565 -0.211238,
        -0.363850 0.212565 -0.211187,
        -0.363390 0.216056 -0.211187,
        -0.366428 0.216870 -0.207376,
        -0.368454 0.217413 -0.202902,
        -0.366582 0.221931 -0.202902,
        -0.355208 0.230658 -0.202902,
        -0.369092 0.212565 -0.202902,
        -0.369030 0.212565 -0.203035,
        -0.366995 0.212565 -0.207376,
        -0.366920 0.212565 -0.207466,
        -0.354665 0.228633 -0.207376,
        -0.364766 0.220882 -0.207376,
        -0.363606 0.225810 -0.202902,
        -0.353852 0.225595 -0.211187,
        -0.362043 0.219310 -0.211187,
        -0.362123 0.224328 -0.207376,
        -0.352817 0.221736 -0.214094,
        -0.359899 0.222104 -0.211187,
        -0.358583 0.217312 -0.214094,
        -0.355095 0.213833 -0.215915,
        -0.359726 0.228787 -0.202902,
        -0.358678 0.226971 -0.207376,
        -0.357105 0.224247 -0.211187,
        -0.355107 0.220788 -0.214094,
        -0.352811 0.216810 -0.215915,
        -0.355233 0.212565 -0.215919,
        -0.355262 0.212565 -0.215915,
        -0.357074 0.219279 -0.214094,
        -0.354605 0.215016 -0.215915,
        -0.353826 0.216031 -0.215915,
        -0.355233 -0.212565 -0.215919,
        -0.355095 -0.213833 -0.215915,
        -0.352817 -0.221736 -0.214094,
        -0.353852 -0.225595 -0.211187,
        -0.354665 -0.228633 -0.207376,
        -0.355208 -0.230658 -0.202902,
        -0.359726 -0.228787 -0.202902,
        -0.369092 -0.212565 -0.202902,
        -0.368454 -0.217413 -0.202902,
        -0.369030 -0.212565 -0.203035,
        -0.366428 -0.216870 -0.207376,
        -0.358678 -0.226971 -0.207376,
        -0.363606 -0.225810 -0.202902,
        -0.366995 -0.212565 -0.207376,
        -0.366920 -0.212565 -0.207466,
        -0.363390 -0.216056 -0.211187,
        -0.357105 -0.224247 -0.211187,
        -0.362123 -0.224328 -0.207376,
        -0.363850 -0.212565 -0.211187,
        -0.363779 -0.212565 -0.211238,
        -0.359531 -0.215022 -0.214094,
        -0.359899 -0.222104 -0.211187,
        -0.355107 -0.220788 -0.214094,
        -0.351629 -0.217300 -0.215915,
        -0.366582 -0.221931 -0.202902,
        -0.364766 -0.220882 -0.207376,
        -0.362043 -0.219310 -0.211187,
        -0.358583 -0.217312 -0.214094,
        -0.354605 -0.215016 -0.215915,
        -0.357074 -0.219279 -0.214094,
        -0.352811 -0.216810 -0.215915,
        -0.353826 -0.216031 -0.215915,
        -0.359855 -0.212565 -0.214094,
        -0.359800 -0.212565 -0.214116,
        -0.355262 -0.212565 -0.215915,
      ]
    }
    coordIndex [
      3, 2, 32, -1,
      32, 2, 33, -1,
      32, 33, 34, -1,
      34, 33, 35, -1,
      34, 35, 36, -1,
      36, 35, 37, -1,
      36, 37, 38, -1,
      38, 37, 39, -1,
      38, 39, 40, -1,
      40, 39, 41, -1,
      40, 41, 42, -1,
      42, 41, 43, -1,
      42, 43, 44, -1,
      44, 43, 45, -1,
      44, 45, 46, -1,
      46, 45, 47, -1,
      46, 47, 48, -1,
      48, 47, 49, -1,
      48, 49, 50, -1,
      49, 51, 50, -1,
      50, 51, 31, -1,
      50, 31, 29, -1,
      52, 53, 54, -1,
      55, 56, 57, -1,
      31, 58, 59, -1,
      60, 58, 31, -1,
      57, 56, 31, -1,
      61, 31, 56, -1,
      62, 63, 64, -1,
      63, 62, 65, -1,
      65, 62, 66, -1,
      65, 66, 67, -1,
      67, 66, 68, -1,
      67, 68, 69, -1,
      69, 68, 70, -1,
      69, 70, 71, -1,
      71, 70, 72, -1,
      72, 70, 73, -1,
      72, 73, 74, -1,
      74, 73, 75, -1,
      75, 73, 33, -1,
      75, 33, 2, -1,
      51, 60, 31, -1,
      76, 77, 55, -1,
      55, 77, 78, -1,
      55, 78, 56, -1,
      56, 78, 79, -1,
      56, 79, 61, -1,
      80, 59, 81, -1,
      81, 59, 58, -1,
      81, 58, 82, -1,
      82, 58, 60, -1,
      82, 60, 83, -1,
      51, 49, 60, -1,
      60, 49, 47, -1,
      60, 47, 83, -1,
      83, 47, 45, -1,
      83, 45, 43, -1,
      54, 80, 84, -1,
      84, 80, 81, -1,
      84, 81, 85, -1,
      85, 81, 82, -1,
      85, 82, 86, -1,
      86, 82, 83, -1,
      86, 83, 87, -1,
      87, 83, 43, -1,
      88, 89, 90, -1,
      90, 89, 52, -1,
      52, 54, 90, -1,
      90, 54, 84, -1,
      90, 84, 91, -1,
      91, 84, 85, -1,
      91, 85, 92, -1,
      92, 85, 86, -1,
      92, 86, 93, -1,
      93, 86, 87, -1,
      93, 87, 94, -1,
      53, 76, 54, -1,
      54, 76, 55, -1,
      54, 55, 80, -1,
      80, 55, 57, -1,
      80, 57, 59, -1,
      59, 57, 31, -1,
      88, 62, 95, -1,
      95, 62, 64, -1,
      95, 64, 25, -1,
      43, 41, 87, -1,
      87, 41, 39, -1,
      87, 39, 94, -1,
      94, 39, 37, -1,
      94, 37, 35, -1,
      88, 90, 62, -1,
      62, 90, 91, -1,
      62, 91, 66, -1,
      66, 91, 92, -1,
      66, 92, 68, -1,
      68, 92, 93, -1,
      68, 93, 70, -1,
      70, 93, 94, -1,
      70, 94, 73, -1,
      73, 94, 35, -1,
      73, 35, 33, -1,
      38, 40, 96, -1,
      97, 98, 99, -1,
      29, 100, 101, -1,
      102, 100, 29, -1,
      99, 98, 29, -1,
      50, 29, 98, -1,
      103, 104, 105, -1,
      104, 103, 106, -1,
      106, 103, 107, -1,
      106, 107, 108, -1,
      108, 107, 109, -1,
      108, 109, 110, -1,
      110, 109, 111, -1,
      110, 111, 112, -1,
      112, 111, 113, -1,
      113, 111, 114, -1,
      113, 114, 115, -1,
      115, 114, 116, -1,
      116, 114, 117, -1,
      116, 117, 9, -1,
      118, 102, 29, -1,
      42, 44, 97, -1,
      97, 44, 46, -1,
      97, 46, 98, -1,
      98, 46, 48, -1,
      98, 48, 50, -1,
      119, 101, 120, -1,
      120, 101, 100, -1,
      120, 100, 121, -1,
      121, 100, 102, -1,
      121, 102, 122, -1,
      118, 123, 102, -1,
      102, 123, 124, -1,
      102, 124, 122, -1,
      122, 124, 125, -1,
      122, 125, 126, -1,
      96, 119, 127, -1,
      127, 119, 120, -1,
      127, 120, 128, -1,
      128, 120, 121, -1,
      128, 121, 129, -1,
      129, 121, 122, -1,
      129, 122, 130, -1,
      130, 122, 126, -1,
      34, 36, 131, -1,
      131, 36, 38, -1,
      38, 96, 131, -1,
      131, 96, 127, -1,
      131, 127, 132, -1,
      132, 127, 128, -1,
      132, 128, 133, -1,
      133, 128, 129, -1,
      133, 129, 134, -1,
      134, 129, 130, -1,
      134, 130, 135, -1,
      40, 42, 96, -1,
      96, 42, 97, -1,
      96, 97, 119, -1,
      119, 97, 99, -1,
      119, 99, 101, -1,
      101, 99, 29, -1,
      34, 103, 32, -1,
      32, 103, 105, -1,
      32, 105, 3, -1,
      126, 136, 130, -1,
      130, 136, 137, -1,
      130, 137, 135, -1,
      135, 137, 138, -1,
      135, 138, 139, -1,
      34, 131, 103, -1,
      103, 131, 132, -1,
      103, 132, 107, -1,
      107, 132, 133, -1,
      107, 133, 109, -1,
      109, 133, 134, -1,
      109, 134, 111, -1,
      111, 134, 135, -1,
      111, 135, 114, -1,
      114, 135, 139, -1,
      114, 139, 117, -1,
      25, 64, 16, -1,
      16, 64, 140, -1,
      140, 64, 141, -1,
      141, 64, 63, -1,
      141, 63, 142, -1,
      142, 63, 65, -1,
      142, 65, 143, -1,
      143, 65, 67, -1,
      143, 67, 144, -1,
      144, 67, 69, -1,
      144, 69, 145, -1,
      145, 69, 71, -1,
      145, 71, 146, -1,
      146, 71, 72, -1,
      146, 72, 147, -1,
      147, 72, 74, -1,
      147, 74, 148, -1,
      74, 75, 148, -1,
      148, 75, 2, -1,
      148, 2, 1, -1,
      25, 24, 95, -1,
      95, 24, 149, -1,
      95, 149, 88, -1,
      88, 149, 150, -1,
      88, 150, 89, -1,
      89, 150, 151, -1,
      89, 151, 52, -1,
      52, 151, 152, -1,
      52, 152, 53, -1,
      53, 152, 153, -1,
      53, 153, 76, -1,
      76, 153, 154, -1,
      76, 154, 77, -1,
      77, 154, 155, -1,
      77, 155, 78, -1,
      78, 155, 156, -1,
      78, 156, 79, -1,
      79, 156, 157, -1,
      79, 157, 61, -1,
      157, 158, 61, -1,
      61, 158, 28, -1,
      61, 28, 31, -1,
      26, 27, 159, -1,
      159, 27, 160, -1,
      159, 160, 161, -1,
      161, 160, 162, -1,
      161, 162, 163, -1,
      163, 162, 164, -1,
      163, 164, 165, -1,
      165, 164, 166, -1,
      165, 166, 167, -1,
      167, 166, 168, -1,
      167, 168, 169, -1,
      169, 168, 170, -1,
      169, 170, 171, -1,
      171, 170, 172, -1,
      171, 172, 173, -1,
      173, 172, 174, -1,
      173, 174, 175, -1,
      175, 174, 176, -1,
      175, 176, 177, -1,
      176, 178, 177, -1,
      177, 178, 30, -1,
      177, 30, 28, -1,
      8, 9, 179, -1,
      179, 9, 117, -1,
      179, 117, 180, -1,
      180, 117, 139, -1,
      180, 139, 181, -1,
      181, 139, 138, -1,
      181, 138, 182, -1,
      182, 138, 137, -1,
      182, 137, 183, -1,
      183, 137, 136, -1,
      183, 136, 184, -1,
      184, 136, 126, -1,
      184, 126, 185, -1,
      185, 126, 125, -1,
      185, 125, 186, -1,
      186, 125, 124, -1,
      186, 124, 187, -1,
      187, 124, 123, -1,
      187, 123, 188, -1,
      123, 118, 188, -1,
      188, 118, 29, -1,
      188, 29, 30, -1,
      3, 105, 0, -1,
      0, 105, 189, -1,
      189, 105, 190, -1,
      190, 105, 104, -1,
      190, 104, 191, -1,
      191, 104, 106, -1,
      191, 106, 192, -1,
      192, 106, 108, -1,
      192, 108, 193, -1,
      193, 108, 110, -1,
      193, 110, 194, -1,
      194, 110, 112, -1,
      194, 112, 195, -1,
      195, 112, 113, -1,
      195, 113, 196, -1,
      196, 113, 115, -1,
      196, 115, 197, -1,
      115, 116, 197, -1,
      197, 116, 9, -1,
      197, 9, 4, -1,
      11, 198, 1, -1,
      1, 198, 148, -1,
      148, 198, 147, -1,
      147, 198, 199, -1,
      147, 199, 146, -1,
      146, 199, 200, -1,
      146, 200, 145, -1,
      145, 200, 201, -1,
      145, 201, 144, -1,
      144, 201, 202, -1,
      144, 202, 143, -1,
      143, 202, 203, -1,
      143, 203, 142, -1,
      142, 203, 204, -1,
      142, 204, 141, -1,
      141, 204, 205, -1,
      141, 205, 140, -1,
      205, 206, 140, -1,
      140, 206, 17, -1,
      140, 17, 16, -1,
      165, 167, 207, -1,
      208, 209, 210, -1,
      28, 211, 212, -1,
      213, 211, 28, -1,
      210, 209, 28, -1,
      177, 28, 209, -1,
      214, 215, 216, -1,
      215, 214, 217, -1,
      217, 214, 218, -1,
      217, 218, 219, -1,
      219, 218, 220, -1,
      219, 220, 221, -1,
      221, 220, 222, -1,
      221, 222, 223, -1,
      223, 222, 224, -1,
      224, 222, 225, -1,
      224, 225, 226, -1,
      226, 225, 227, -1,
      227, 225, 149, -1,
      227, 149, 24, -1,
      158, 213, 28, -1,
      169, 171, 208, -1,
      208, 171, 173, -1,
      208, 173, 209, -1,
      209, 173, 175, -1,
      209, 175, 177, -1,
      228, 212, 229, -1,
      229, 212, 211, -1,
      229, 211, 230, -1,
      230, 211, 213, -1,
      230, 213, 231, -1,
      158, 157, 213, -1,
      213, 157, 156, -1,
      213, 156, 231, -1,
      231, 156, 155, -1,
      231, 155, 154, -1,
      207, 228, 232, -1,
      232, 228, 229, -1,
      232, 229, 233, -1,
      233, 229, 230, -1,
      233, 230, 234, -1,
      234, 230, 231, -1,
      234, 231, 235, -1,
      235, 231, 154, -1,
      161, 163, 236, -1,
      236, 163, 165, -1,
      165, 207, 236, -1,
      236, 207, 232, -1,
      236, 232, 237, -1,
      237, 232, 233, -1,
      237, 233, 238, -1,
      238, 233, 234, -1,
      238, 234, 239, -1,
      239, 234, 235, -1,
      239, 235, 240, -1,
      167, 169, 207, -1,
      207, 169, 208, -1,
      207, 208, 228, -1,
      228, 208, 210, -1,
      228, 210, 212, -1,
      212, 210, 28, -1,
      161, 214, 159, -1,
      159, 214, 216, -1,
      159, 216, 26, -1,
      154, 153, 235, -1,
      235, 153, 152, -1,
      235, 152, 240, -1,
      240, 152, 151, -1,
      240, 151, 150, -1,
      161, 236, 214, -1,
      214, 236, 237, -1,
      214, 237, 218, -1,
      218, 237, 238, -1,
      218, 238, 220, -1,
      220, 238, 239, -1,
      220, 239, 222, -1,
      222, 239, 240, -1,
      222, 240, 225, -1,
      225, 240, 150, -1,
      225, 150, 149, -1,
      182, 183, 241, -1,
      242, 243, 244, -1,
      30, 245, 246, -1,
      247, 245, 30, -1,
      244, 243, 30, -1,
      188, 30, 243, -1,
      248, 249, 250, -1,
      249, 248, 251, -1,
      251, 248, 252, -1,
      251, 252, 253, -1,
      253, 252, 254, -1,
      253, 254, 255, -1,
      255, 254, 256, -1,
      255, 256, 257, -1,
      257, 256, 258, -1,
      258, 256, 259, -1,
      258, 259, 260, -1,
      260, 259, 261, -1,
      261, 259, 160, -1,
      261, 160, 27, -1,
      178, 247, 30, -1,
      184, 185, 242, -1,
      242, 185, 186, -1,
      242, 186, 243, -1,
      243, 186, 187, -1,
      243, 187, 188, -1,
      262, 246, 263, -1,
      263, 246, 245, -1,
      263, 245, 264, -1,
      264, 245, 247, -1,
      264, 247, 265, -1,
      178, 176, 247, -1,
      247, 176, 174, -1,
      247, 174, 265, -1,
      265, 174, 172, -1,
      265, 172, 170, -1,
      241, 262, 266, -1,
      266, 262, 263, -1,
      266, 263, 267, -1,
      267, 263, 264, -1,
      267, 264, 268, -1,
      268, 264, 265, -1,
      268, 265, 269, -1,
      269, 265, 170, -1,
      180, 181, 270, -1,
      270, 181, 182, -1,
      182, 241, 270, -1,
      270, 241, 266, -1,
      270, 266, 271, -1,
      271, 266, 267, -1,
      271, 267, 272, -1,
      272, 267, 268, -1,
      272, 268, 273, -1,
      273, 268, 269, -1,
      273, 269, 274, -1,
      183, 184, 241, -1,
      241, 184, 242, -1,
      241, 242, 262, -1,
      262, 242, 244, -1,
      262, 244, 246, -1,
      246, 244, 30, -1,
      180, 248, 179, -1,
      179, 248, 250, -1,
      179, 250, 8, -1,
      170, 168, 269, -1,
      269, 168, 166, -1,
      269, 166, 274, -1,
      274, 166, 164, -1,
      274, 164, 162, -1,
      180, 270, 248, -1,
      248, 270, 271, -1,
      248, 271, 252, -1,
      252, 271, 272, -1,
      252, 272, 254, -1,
      254, 272, 273, -1,
      254, 273, 256, -1,
      256, 273, 274, -1,
      256, 274, 259, -1,
      259, 274, 162, -1,
      259, 162, 160, -1,
      5, 275, 4, -1,
      4, 275, 197, -1,
      197, 275, 196, -1,
      196, 275, 276, -1,
      196, 276, 195, -1,
      195, 276, 277, -1,
      195, 277, 194, -1,
      194, 277, 278, -1,
      194, 278, 193, -1,
      193, 278, 279, -1,
      193, 279, 192, -1,
      192, 279, 280, -1,
      192, 280, 191, -1,
      191, 280, 281, -1,
      191, 281, 190, -1,
      190, 281, 282, -1,
      190, 282, 189, -1,
      282, 283, 189, -1,
      189, 283, 10, -1,
      189, 10, 0, -1,
      11, 10, 284, -1,
      284, 10, 285, -1,
      284, 285, 286, -1,
      286, 285, 287, -1,
      286, 287, 288, -1,
      288, 287, 289, -1,
      288, 289, 290, -1,
      290, 289, 291, -1,
      290, 291, 292, -1,
      292, 291, 293, -1,
      292, 293, 294, -1,
      294, 293, 295, -1,
      294, 295, 296, -1,
      296, 295, 297, -1,
      296, 297, 298, -1,
      298, 297, 299, -1,
      298, 299, 300, -1,
      300, 299, 301, -1,
      300, 301, 302, -1,
      301, 303, 302, -1,
      302, 303, 23, -1,
      302, 23, 21, -1,
      302, 21, 304, -1,
      305, 306, 307, -1,
      308, 309, 310, -1,
      311, 312, 313, -1,
      198, 11, 284, -1,
      200, 199, 314, -1,
      314, 199, 198, -1,
      206, 205, 312, -1,
      312, 205, 204, -1,
      312, 204, 313, -1,
      313, 204, 203, -1,
      313, 203, 202, -1,
      17, 206, 315, -1,
      315, 206, 312, -1,
      315, 312, 316, -1,
      316, 312, 311, -1,
      316, 311, 317, -1,
      317, 311, 318, -1,
      198, 284, 314, -1,
      314, 284, 286, -1,
      314, 286, 319, -1,
      309, 318, 310, -1,
      310, 318, 311, -1,
      310, 311, 320, -1,
      320, 311, 313, -1,
      320, 313, 321, -1,
      321, 313, 202, -1,
      286, 288, 319, -1,
      319, 288, 290, -1,
      319, 290, 322, -1,
      306, 308, 307, -1,
      307, 308, 310, -1,
      307, 310, 323, -1,
      323, 310, 320, -1,
      323, 320, 324, -1,
      324, 320, 321, -1,
      290, 292, 322, -1,
      322, 292, 294, -1,
      322, 294, 325, -1,
      324, 326, 323, -1,
      323, 326, 327, -1,
      323, 327, 307, -1,
      307, 327, 328, -1,
      307, 328, 305, -1,
      201, 200, 329, -1,
      329, 200, 314, -1,
      329, 314, 330, -1,
      330, 314, 319, -1,
      330, 319, 331, -1,
      331, 319, 322, -1,
      331, 322, 332, -1,
      332, 322, 325, -1,
      332, 325, 333, -1,
      333, 325, 304, -1,
      333, 304, 21, -1,
      21, 334, 328, -1,
      328, 334, 335, -1,
      328, 335, 305, -1,
      326, 336, 327, -1,
      327, 336, 337, -1,
      327, 337, 328, -1,
      328, 337, 21, -1,
      336, 338, 337, -1,
      337, 338, 21, -1,
      294, 296, 325, -1,
      325, 296, 298, -1,
      325, 298, 304, -1,
      304, 298, 300, -1,
      304, 300, 302, -1,
      202, 201, 321, -1,
      321, 201, 329, -1,
      321, 329, 324, -1,
      324, 329, 330, -1,
      324, 330, 326, -1,
      326, 330, 331, -1,
      326, 331, 336, -1,
      336, 331, 332, -1,
      336, 332, 338, -1,
      338, 332, 333, -1,
      338, 333, 21, -1,
      26, 216, 14, -1,
      14, 216, 339, -1,
      339, 216, 340, -1,
      340, 216, 215, -1,
      340, 215, 341, -1,
      341, 215, 217, -1,
      341, 217, 342, -1,
      342, 217, 219, -1,
      342, 219, 343, -1,
      343, 219, 221, -1,
      343, 221, 344, -1,
      344, 221, 223, -1,
      344, 223, 345, -1,
      345, 223, 224, -1,
      345, 224, 346, -1,
      346, 224, 226, -1,
      346, 226, 347, -1,
      226, 227, 347, -1,
      347, 227, 24, -1,
      347, 24, 19, -1,
      8, 250, 7, -1,
      7, 250, 348, -1,
      348, 250, 349, -1,
      349, 250, 249, -1,
      349, 249, 350, -1,
      350, 249, 251, -1,
      350, 251, 351, -1,
      351, 251, 253, -1,
      351, 253, 352, -1,
      352, 253, 255, -1,
      352, 255, 353, -1,
      353, 255, 257, -1,
      353, 257, 354, -1,
      354, 257, 258, -1,
      354, 258, 355, -1,
      355, 258, 260, -1,
      355, 260, 356, -1,
      260, 261, 356, -1,
      356, 261, 27, -1,
      356, 27, 15, -1,
      357, 23, 358, -1,
      299, 297, 359, -1,
      295, 293, 360, -1,
      361, 362, 363, -1,
      275, 5, 364, -1,
      277, 276, 365, -1,
      365, 276, 275, -1,
      283, 282, 362, -1,
      362, 282, 281, -1,
      362, 281, 363, -1,
      363, 281, 280, -1,
      363, 280, 279, -1,
      10, 283, 285, -1,
      285, 283, 362, -1,
      285, 362, 287, -1,
      287, 362, 361, -1,
      287, 361, 289, -1,
      289, 361, 291, -1,
      275, 364, 365, -1,
      365, 364, 366, -1,
      365, 366, 367, -1,
      293, 291, 360, -1,
      360, 291, 361, -1,
      360, 361, 368, -1,
      368, 361, 363, -1,
      368, 363, 369, -1,
      369, 363, 279, -1,
      366, 370, 367, -1,
      367, 370, 371, -1,
      367, 371, 372, -1,
      297, 295, 359, -1,
      359, 295, 360, -1,
      359, 360, 373, -1,
      373, 360, 368, -1,
      373, 368, 374, -1,
      374, 368, 369, -1,
      371, 375, 372, -1,
      372, 375, 376, -1,
      372, 376, 377, -1,
      374, 378, 373, -1,
      373, 378, 379, -1,
      373, 379, 359, -1,
      359, 379, 380, -1,
      359, 380, 299, -1,
      278, 277, 381, -1,
      381, 277, 365, -1,
      381, 365, 382, -1,
      382, 365, 367, -1,
      382, 367, 383, -1,
      383, 367, 372, -1,
      383, 372, 384, -1,
      384, 372, 377, -1,
      384, 377, 385, -1,
      385, 377, 358, -1,
      385, 358, 23, -1,
      23, 303, 380, -1,
      380, 303, 301, -1,
      380, 301, 299, -1,
      378, 386, 379, -1,
      379, 386, 387, -1,
      379, 387, 380, -1,
      380, 387, 23, -1,
      386, 388, 387, -1,
      387, 388, 23, -1,
      376, 389, 377, -1,
      377, 389, 390, -1,
      377, 390, 358, -1,
      358, 390, 391, -1,
      358, 391, 357, -1,
      279, 278, 369, -1,
      369, 278, 381, -1,
      369, 381, 374, -1,
      374, 381, 382, -1,
      374, 382, 378, -1,
      378, 382, 383, -1,
      378, 383, 386, -1,
      386, 383, 384, -1,
      386, 384, 388, -1,
      388, 384, 385, -1,
      388, 385, 23, -1,
      18, 17, 392, -1,
      392, 17, 315, -1,
      392, 315, 393, -1,
      393, 315, 316, -1,
      393, 316, 394, -1,
      394, 316, 317, -1,
      394, 317, 395, -1,
      395, 317, 318, -1,
      395, 318, 396, -1,
      396, 318, 309, -1,
      396, 309, 397, -1,
      397, 309, 308, -1,
      397, 308, 398, -1,
      398, 308, 306, -1,
      398, 306, 399, -1,
      399, 306, 305, -1,
      399, 305, 400, -1,
      400, 305, 335, -1,
      400, 335, 401, -1,
      335, 334, 401, -1,
      401, 334, 21, -1,
      401, 21, 20, -1,
      18, 402, 19, -1,
      19, 402, 347, -1,
      347, 402, 346, -1,
      346, 402, 403, -1,
      346, 403, 345, -1,
      345, 403, 404, -1,
      345, 404, 344, -1,
      344, 404, 405, -1,
      344, 405, 343, -1,
      343, 405, 406, -1,
      343, 406, 342, -1,
      342, 406, 407, -1,
      342, 407, 341, -1,
      341, 407, 408, -1,
      341, 408, 340, -1,
      340, 408, 409, -1,
      340, 409, 339, -1,
      409, 410, 339, -1,
      339, 410, 12, -1,
      339, 12, 14, -1,
      13, 411, 15, -1,
      15, 411, 356, -1,
      356, 411, 355, -1,
      355, 411, 412, -1,
      355, 412, 354, -1,
      354, 412, 413, -1,
      354, 413, 353, -1,
      353, 413, 414, -1,
      353, 414, 352, -1,
      352, 414, 415, -1,
      352, 415, 351, -1,
      351, 415, 416, -1,
      351, 416, 350, -1,
      350, 416, 417, -1,
      350, 417, 349, -1,
      349, 417, 418, -1,
      349, 418, 348, -1,
      418, 419, 348, -1,
      348, 419, 6, -1,
      348, 6, 7, -1,
      5, 6, 364, -1,
      364, 6, 420, -1,
      364, 420, 366, -1,
      366, 420, 421, -1,
      366, 421, 370, -1,
      370, 421, 422, -1,
      370, 422, 371, -1,
      371, 422, 423, -1,
      371, 423, 375, -1,
      375, 423, 424, -1,
      375, 424, 376, -1,
      376, 424, 425, -1,
      376, 425, 389, -1,
      389, 425, 426, -1,
      389, 426, 390, -1,
      390, 426, 427, -1,
      390, 427, 391, -1,
      391, 427, 428, -1,
      391, 428, 357, -1,
      428, 429, 357, -1,
      357, 429, 22, -1,
      357, 22, 23, -1,
      401, 20, 430, -1,
      431, 432, 433, -1,
      434, 435, 436, -1,
      437, 438, 439, -1,
      402, 18, 392, -1,
      404, 403, 440, -1,
      440, 403, 402, -1,
      410, 409, 438, -1,
      438, 409, 408, -1,
      438, 408, 439, -1,
      439, 408, 407, -1,
      439, 407, 406, -1,
      12, 410, 441, -1,
      441, 410, 438, -1,
      441, 438, 442, -1,
      442, 438, 437, -1,
      442, 437, 443, -1,
      443, 437, 444, -1,
      402, 392, 440, -1,
      440, 392, 393, -1,
      440, 393, 445, -1,
      435, 444, 436, -1,
      436, 444, 437, -1,
      436, 437, 446, -1,
      446, 437, 439, -1,
      446, 439, 447, -1,
      447, 439, 406, -1,
      393, 394, 445, -1,
      445, 394, 395, -1,
      445, 395, 448, -1,
      432, 434, 433, -1,
      433, 434, 436, -1,
      433, 436, 449, -1,
      449, 436, 446, -1,
      449, 446, 450, -1,
      450, 446, 447, -1,
      395, 396, 448, -1,
      448, 396, 397, -1,
      448, 397, 451, -1,
      450, 452, 449, -1,
      449, 452, 453, -1,
      449, 453, 433, -1,
      433, 453, 454, -1,
      433, 454, 431, -1,
      405, 404, 455, -1,
      455, 404, 440, -1,
      455, 440, 456, -1,
      456, 440, 445, -1,
      456, 445, 457, -1,
      457, 445, 448, -1,
      457, 448, 458, -1,
      458, 448, 451, -1,
      458, 451, 459, -1,
      459, 451, 430, -1,
      459, 430, 20, -1,
      20, 460, 454, -1,
      454, 460, 461, -1,
      454, 461, 431, -1,
      452, 462, 453, -1,
      453, 462, 463, -1,
      453, 463, 454, -1,
      454, 463, 20, -1,
      462, 464, 463, -1,
      463, 464, 20, -1,
      397, 398, 451, -1,
      451, 398, 399, -1,
      451, 399, 430, -1,
      430, 399, 400, -1,
      430, 400, 401, -1,
      406, 405, 447, -1,
      447, 405, 455, -1,
      447, 455, 450, -1,
      450, 455, 456, -1,
      450, 456, 452, -1,
      452, 456, 457, -1,
      452, 457, 462, -1,
      462, 457, 458, -1,
      462, 458, 464, -1,
      464, 458, 459, -1,
      464, 459, 20, -1,
      465, 22, 466, -1,
      427, 426, 467, -1,
      425, 424, 468, -1,
      469, 470, 471, -1,
      411, 13, 472, -1,
      413, 412, 473, -1,
      473, 412, 411, -1,
      419, 418, 470, -1,
      470, 418, 417, -1,
      470, 417, 471, -1,
      471, 417, 416, -1,
      471, 416, 415, -1,
      6, 419, 420, -1,
      420, 419, 470, -1,
      420, 470, 421, -1,
      421, 470, 469, -1,
      421, 469, 422, -1,
      422, 469, 423, -1,
      411, 472, 473, -1,
      473, 472, 474, -1,
      473, 474, 475, -1,
      424, 423, 468, -1,
      468, 423, 469, -1,
      468, 469, 476, -1,
      476, 469, 471, -1,
      476, 471, 477, -1,
      477, 471, 415, -1,
      474, 478, 475, -1,
      475, 478, 479, -1,
      475, 479, 480, -1,
      426, 425, 467, -1,
      467, 425, 468, -1,
      467, 468, 481, -1,
      481, 468, 476, -1,
      481, 476, 482, -1,
      482, 476, 477, -1,
      479, 483, 480, -1,
      480, 483, 484, -1,
      480, 484, 485, -1,
      482, 486, 481, -1,
      481, 486, 487, -1,
      481, 487, 467, -1,
      467, 487, 488, -1,
      467, 488, 427, -1,
      414, 413, 489, -1,
      489, 413, 473, -1,
      489, 473, 490, -1,
      490, 473, 475, -1,
      490, 475, 491, -1,
      491, 475, 480, -1,
      491, 480, 492, -1,
      492, 480, 485, -1,
      492, 485, 493, -1,
      493, 485, 466, -1,
      493, 466, 22, -1,
      22, 429, 488, -1,
      488, 429, 428, -1,
      488, 428, 427, -1,
      486, 494, 487, -1,
      487, 494, 495, -1,
      487, 495, 488, -1,
      488, 495, 22, -1,
      494, 496, 495, -1,
      495, 496, 22, -1,
      484, 497, 485, -1,
      485, 497, 498, -1,
      485, 498, 466, -1,
      466, 498, 499, -1,
      466, 499, 465, -1,
      415, 414, 477, -1,
      477, 414, 489, -1,
      477, 489, 482, -1,
      482, 489, 490, -1,
      482, 490, 486, -1,
      486, 490, 491, -1,
      486, 491, 494, -1,
      494, 491, 492, -1,
      494, 492, 496, -1,
      496, 492, 493, -1,
      496, 493, 22, -1,
      13, 12, 472, -1,
      472, 12, 441, -1,
      472, 441, 474, -1,
      474, 441, 442, -1,
      474, 442, 478, -1,
      478, 442, 443, -1,
      478, 443, 479, -1,
      479, 443, 444, -1,
      479, 444, 483, -1,
      483, 444, 435, -1,
      483, 435, 484, -1,
      484, 435, 434, -1,
      484, 434, 497, -1,
      497, 434, 432, -1,
      497, 432, 498, -1,
      498, 432, 431, -1,
      498, 431, 499, -1,
      499, 431, 461, -1,
      499, 461, 465, -1,
      461, 460, 465, -1,
      465, 460, 20, -1,
      465, 20, 22, -1,
    ]
  }
}

Shape {
  appearance Appearance {
    material Material {
      diffuseColor 1.0000 1.0000 1.0000
      specularColor 0.5020 0.5020 0.5020
      ambientIntensity 0.2
      transparency 0.0000
      shininess 0.5
    }
  }
  geometry IndexedFaceSet {
    ccw TRUE
    solid FALSE
    coord DEF co Coordinate {
      point [
        0.374969 -0.067896 0.127125,
        0.374971 -0.067456 0.127090,
        0.375011 -0.065475 0.126520,
        0.375187 -0.065475 0.124004,
        0.375110 -0.069878 0.125109,
        0.375112 -0.070689 0.125073,
        0.376143 -0.072001 0.110343,
        0.376155 -0.070298 0.110159,
        0.376151 -0.069092 0.110222,
        0.375179 -0.065683 0.124116,
        0.376119 -0.067031 0.110677,
        0.376068 -0.065475 0.111407,
        0.376229 -0.065475 0.109102,
        0.376240 -0.065794 0.108943,
        0.376050 -0.074615 0.111657,
        0.375699 -0.076907 0.116683,
        0.376018 -0.075098 0.112122,
        0.375828 -0.076598 0.114834,
        0.375933 -0.075985 0.113341,
        0.375129 -0.067578 0.124835,
        0.375135 -0.072302 0.124744,
        0.375184 -0.073763 0.124047,
        0.375254 -0.074969 0.123042,
        0.375265 -0.075103 0.122895,
        0.375355 -0.076004 0.121598,
        0.375468 -0.076628 0.119985,
        0.375646 -0.076932 0.117439,
        0.376109 -0.073363 0.110824,
        0.376286 -0.067800 0.108287,
        0.376305 -0.070647 0.108016,
        0.376299 -0.072054 0.108100,
        0.376267 -0.074032 0.108565,
        0.376205 -0.075764 0.109446,
        0.376127 -0.077066 0.110560,
        0.376115 -0.077228 0.110736,
        0.374958 -0.069902 0.127282,
        0.374969 -0.071204 0.127125,
        0.375273 -0.078119 0.122773,
        0.375150 -0.076765 0.124538,
        0.375122 -0.076354 0.124932,
        0.375033 -0.074547 0.126203,
        0.374981 -0.072593 0.126957,
        0.376004 -0.078340 0.112329,
        0.375952 -0.078627 0.113067,
        0.375418 -0.079006 0.120703,
        0.375356 -0.078627 0.121587,
        0.375867 -0.079098 0.114277,
        0.375656 -0.079463 0.117296,
        0.375588 -0.079430 0.118270,
        0.374980 -0.052112 0.126967,
        0.375696 -0.059324 0.116724,
        0.376135 -0.059324 0.110455,
        0.375696 -0.054278 0.116724,
        0.376135 -0.054278 0.110455,
        0.375696 -0.052642 0.116724,
        0.376135 -0.051687 0.110455,
        0.375547 -0.052642 0.118859,
        0.375130 -0.052112 0.124824,
        0.375547 -0.054278 0.118859,
        0.375130 -0.054278 0.124824,
        0.375547 -0.059324 0.118859,
        0.375130 -0.059324 0.124824,
        0.376283 -0.051687 0.108330,
        0.376283 -0.054278 0.108330,
        0.376283 -0.061735 0.108330,
        0.374980 -0.061735 0.126967,
        0.374980 -0.054278 0.126967,
        0.376283 -0.043019 0.108330,
        0.376283 -0.048158 0.108330,
        0.374980 -0.042828 0.126967,
        0.374980 -0.048158 0.126967,
        0.375850 -0.033456 0.114515,
        0.375985 -0.034377 0.112588,
        0.375698 -0.033003 0.116697,
        0.375436 -0.033255 0.120443,
        0.375615 -0.032947 0.117887,
        0.376100 -0.035765 0.110941,
        0.376198 -0.037728 0.109539,
        0.376249 -0.039600 0.108813,
        0.376256 -0.039861 0.108711,
        0.375152 -0.035765 0.124500,
        0.375198 -0.035099 0.123850,
        0.375312 -0.033944 0.122222,
        0.375002 -0.039975 0.126653,
        0.375011 -0.039600 0.126516,
        0.375059 -0.037720 0.125831,
        0.374980 -0.087668 0.126967,
        0.376135 -0.087668 0.110455,
        0.376135 -0.080227 0.110455,
        0.376283 -0.090080 0.108330,
        0.374980 -0.090080 0.126967,
        0.376283 -0.080227 0.108330,
        0.380062 -0.080227 0.110730,
        0.380211 -0.080227 0.108605,
        0.380062 -0.087668 0.110730,
        0.378907 -0.087668 0.127242,
        0.378907 -0.090080 0.127242,
        0.380211 -0.090080 0.108605,
        0.380233 -0.070647 0.108290,
        0.380213 -0.067800 0.108562,
        0.380168 -0.065794 0.109218,
        0.380157 -0.065475 0.109376,
        0.379995 -0.065475 0.111682,
        0.380046 -0.067031 0.110951,
        0.380078 -0.069092 0.110497,
        0.380083 -0.070298 0.110434,
        0.380070 -0.072001 0.110617,
        0.380036 -0.073363 0.111098,
        0.379978 -0.074615 0.111932,
        0.379945 -0.075098 0.112397,
        0.379860 -0.075985 0.113615,
        0.379756 -0.076598 0.115109,
        0.379626 -0.076907 0.116958,
        0.379574 -0.076932 0.117714,
        0.379396 -0.076628 0.120260,
        0.379283 -0.076004 0.121873,
        0.379192 -0.075103 0.123170,
        0.379182 -0.074969 0.123317,
        0.379111 -0.073763 0.124322,
        0.379063 -0.072302 0.125019,
        0.379040 -0.070689 0.125348,
        0.379037 -0.069878 0.125384,
        0.379056 -0.067578 0.125110,
        0.379107 -0.065683 0.124391,
        0.379115 -0.065475 0.124279,
        0.378939 -0.065475 0.126794,
        0.378885 -0.069902 0.127556,
        0.378899 -0.067456 0.127365,
        0.378908 -0.072593 0.127231,
        0.378961 -0.074547 0.126478,
        0.379050 -0.076354 0.125207,
        0.379077 -0.076765 0.124812,
        0.379200 -0.078119 0.123048,
        0.379345 -0.079006 0.120977,
        0.379515 -0.079430 0.118544,
        0.379583 -0.079463 0.117571,
        0.379794 -0.079098 0.114552,
        0.379931 -0.078340 0.112604,
        0.380042 -0.077228 0.111011,
        0.380055 -0.077066 0.110834,
        0.380132 -0.075764 0.109721,
        0.380194 -0.074032 0.108839,
        0.380227 -0.072054 0.108374,
        0.380062 -0.051687 0.110730,
        0.380211 -0.051687 0.108605,
        0.380062 -0.059324 0.110730,
        0.379624 -0.059324 0.116999,
        0.379624 -0.052642 0.116999,
        0.379474 -0.052642 0.119133,
        0.379474 -0.059324 0.119133,
        0.379057 -0.059324 0.125098,
        0.379057 -0.052112 0.125098,
        0.378907 -0.052112 0.127242,
        0.378907 -0.061735 0.127242,
        0.380211 -0.061735 0.108605,
        0.379846 -0.036556 0.113815,
        0.379926 -0.037479 0.112673,
        0.380028 -0.035765 0.111215,
        0.379941 -0.037707 0.112462,
        0.380126 -0.037728 0.109813,
        0.379999 -0.038914 0.111629,
        0.380184 -0.039861 0.108986,
        0.380041 -0.040461 0.111034,
        0.380211 -0.043019 0.108605,
        0.380062 -0.043033 0.110730,
        0.380211 -0.048158 0.108605,
        0.380062 -0.045746 0.110730,
        0.378907 -0.048158 0.127242,
        0.379057 -0.045746 0.125098,
        0.378907 -0.042828 0.127242,
        0.379057 -0.042924 0.125098,
        0.378929 -0.039975 0.126928,
        0.379078 -0.040417 0.124809,
        0.378987 -0.037720 0.126106,
        0.379119 -0.038814 0.124208,
        0.379080 -0.035765 0.124774,
        0.379180 -0.037531 0.123345,
        0.379125 -0.035099 0.124124,
        0.379216 -0.037002 0.122823,
        0.379239 -0.033944 0.122497,
        0.379289 -0.036280 0.121776,
        0.379363 -0.033255 0.120718,
        0.379385 -0.035756 0.120411,
        0.379542 -0.032947 0.118161,
        0.379547 -0.035483 0.118095,
        0.379626 -0.033003 0.116972,
        0.379630 -0.035546 0.116901,
        0.379778 -0.033456 0.114790,
        0.379750 -0.035911 0.115197,
        0.379913 -0.034377 0.112863,
        0.375130 -0.042924 0.124824,
        0.375130 -0.045746 0.124824,
        0.376135 -0.045746 0.110455,
        0.376135 -0.043033 0.110455,
        0.375998 -0.037479 0.112398,
        0.376013 -0.037707 0.112187,
        0.376072 -0.038914 0.111354,
        0.376113 -0.040461 0.110759,
        0.375619 -0.035483 0.117820,
        0.375703 -0.035546 0.116626,
        0.375822 -0.035911 0.114922,
        0.375919 -0.036556 0.113540,
        0.375252 -0.037531 0.123070,
        0.375289 -0.037002 0.122548,
        0.375362 -0.036280 0.121502,
        0.375457 -0.035756 0.120136,
        0.375150 -0.040417 0.124534,
        0.375192 -0.038814 0.123933,
      ]
    }
    coordIndex [
      92, 93, 88, -1,
      88, 93, 91, -1,
      94, 92, 87, -1,
      87, 92, 88, -1,
      95, 94, 86, -1,
      86, 94, 87, -1,
      96, 95, 90, -1,
      90, 95, 86, -1,
      97, 96, 89, -1,
      89, 96, 90, -1,
      93, 97, 91, -1,
      91, 97, 89, -1,
      95, 96, 94, -1,
      94, 96, 97, -1,
      94, 97, 92, -1,
      92, 97, 93, -1,
      98, 29, 28, -1,
      98, 28, 99, -1,
      99, 28, 13, -1,
      99, 13, 100, -1,
      100, 13, 12, -1,
      100, 12, 101, -1,
      102, 101, 11, -1,
      11, 101, 12, -1,
      102, 11, 10, -1,
      102, 10, 103, -1,
      103, 10, 8, -1,
      103, 8, 104, -1,
      104, 8, 7, -1,
      104, 7, 105, -1,
      105, 7, 6, -1,
      105, 6, 106, -1,
      106, 6, 27, -1,
      106, 27, 107, -1,
      107, 27, 14, -1,
      107, 14, 108, -1,
      108, 14, 16, -1,
      108, 16, 109, -1,
      109, 16, 18, -1,
      109, 18, 110, -1,
      110, 18, 17, -1,
      110, 17, 111, -1,
      111, 17, 15, -1,
      111, 15, 112, -1,
      112, 15, 26, -1,
      112, 26, 113, -1,
      113, 26, 25, -1,
      113, 25, 114, -1,
      114, 25, 24, -1,
      114, 24, 115, -1,
      115, 24, 23, -1,
      115, 23, 116, -1,
      116, 23, 22, -1,
      116, 22, 117, -1,
      117, 22, 21, -1,
      117, 21, 118, -1,
      118, 21, 20, -1,
      118, 20, 119, -1,
      119, 20, 5, -1,
      119, 5, 120, -1,
      120, 5, 4, -1,
      120, 4, 121, -1,
      121, 4, 19, -1,
      121, 19, 122, -1,
      122, 19, 9, -1,
      122, 9, 123, -1,
      123, 9, 3, -1,
      123, 3, 124, -1,
      125, 124, 2, -1,
      2, 124, 3, -1,
      35, 126, 0, -1,
      0, 126, 127, -1,
      0, 127, 1, -1,
      1, 127, 125, -1,
      1, 125, 2, -1,
      126, 35, 36, -1,
      126, 36, 128, -1,
      36, 41, 128, -1,
      128, 41, 40, -1,
      128, 40, 129, -1,
      129, 40, 39, -1,
      129, 39, 130, -1,
      130, 39, 38, -1,
      130, 38, 131, -1,
      131, 38, 37, -1,
      131, 37, 132, -1,
      132, 37, 45, -1,
      132, 45, 133, -1,
      45, 44, 133, -1,
      133, 44, 48, -1,
      133, 48, 134, -1,
      134, 48, 47, -1,
      134, 47, 135, -1,
      135, 47, 46, -1,
      135, 46, 136, -1,
      136, 46, 43, -1,
      136, 43, 137, -1,
      43, 42, 137, -1,
      137, 42, 34, -1,
      137, 34, 138, -1,
      138, 34, 33, -1,
      138, 33, 139, -1,
      139, 33, 32, -1,
      139, 32, 140, -1,
      140, 32, 31, -1,
      140, 31, 141, -1,
      141, 31, 30, -1,
      141, 30, 142, -1,
      142, 30, 29, -1,
      142, 29, 98, -1,
      114, 115, 132, -1,
      118, 119, 128, -1,
      132, 115, 131, -1,
      128, 119, 126, -1,
      128, 129, 118, -1,
      118, 129, 130, -1,
      118, 130, 117, -1,
      117, 130, 131, -1,
      117, 131, 116, -1,
      116, 131, 115, -1,
      119, 120, 126, -1,
      126, 120, 121, -1,
      126, 121, 127, -1,
      127, 121, 122, -1,
      127, 122, 125, -1,
      125, 122, 123, -1,
      125, 123, 124, -1,
      135, 113, 134, -1,
      134, 113, 114, -1,
      134, 114, 133, -1,
      133, 114, 132, -1,
      101, 102, 100, -1,
      100, 102, 103, -1,
      100, 103, 99, -1,
      99, 103, 104, -1,
      99, 104, 98, -1,
      98, 104, 105, -1,
      98, 105, 142, -1,
      142, 105, 106, -1,
      142, 106, 141, -1,
      141, 106, 107, -1,
      141, 107, 140, -1,
      140, 107, 108, -1,
      140, 108, 139, -1,
      139, 108, 109, -1,
      139, 109, 138, -1,
      138, 109, 110, -1,
      138, 110, 137, -1,
      137, 110, 136, -1,
      136, 110, 111, -1,
      136, 111, 135, -1,
      135, 111, 112, -1,
      135, 112, 113, -1,
      143, 144, 55, -1,
      55, 144, 62, -1,
      51, 145, 53, -1,
      53, 145, 143, -1,
      53, 143, 55, -1,
      146, 145, 50, -1,
      50, 145, 51, -1,
      54, 147, 52, -1,
      52, 147, 146, -1,
      52, 146, 50, -1,
      148, 147, 56, -1,
      56, 147, 54, -1,
      60, 149, 58, -1,
      58, 149, 148, -1,
      58, 148, 56, -1,
      150, 149, 61, -1,
      61, 149, 60, -1,
      57, 151, 59, -1,
      59, 151, 150, -1,
      59, 150, 61, -1,
      152, 151, 49, -1,
      49, 151, 57, -1,
      65, 153, 66, -1,
      66, 153, 152, -1,
      66, 152, 49, -1,
      154, 153, 64, -1,
      64, 153, 65, -1,
      154, 64, 144, -1,
      144, 64, 63, -1,
      144, 63, 62, -1,
      154, 144, 143, -1,
      143, 145, 154, -1,
      154, 145, 146, -1,
      154, 146, 153, -1,
      151, 152, 150, -1,
      150, 152, 153, -1,
      150, 153, 149, -1,
      149, 153, 146, -1,
      149, 146, 148, -1,
      148, 146, 147, -1,
      155, 156, 157, -1,
      157, 156, 158, -1,
      157, 158, 159, -1,
      159, 158, 160, -1,
      159, 160, 161, -1,
      161, 160, 162, -1,
      161, 162, 163, -1,
      163, 162, 164, -1,
      163, 164, 165, -1,
      165, 164, 166, -1,
      165, 166, 167, -1,
      167, 166, 168, -1,
      167, 168, 169, -1,
      169, 168, 170, -1,
      169, 170, 171, -1,
      171, 170, 172, -1,
      171, 172, 173, -1,
      173, 172, 174, -1,
      173, 174, 175, -1,
      175, 174, 176, -1,
      175, 176, 177, -1,
      177, 176, 178, -1,
      177, 178, 179, -1,
      179, 178, 180, -1,
      179, 180, 181, -1,
      181, 180, 182, -1,
      181, 182, 183, -1,
      183, 182, 184, -1,
      183, 184, 185, -1,
      185, 184, 186, -1,
      185, 186, 187, -1,
      187, 186, 188, -1,
      187, 188, 189, -1,
      189, 188, 155, -1,
      189, 155, 157, -1,
      163, 165, 67, -1,
      67, 165, 68, -1,
      76, 157, 159, -1,
      163, 67, 79, -1,
      163, 79, 161, -1,
      161, 79, 78, -1,
      161, 78, 159, -1,
      159, 78, 77, -1,
      159, 77, 76, -1,
      157, 76, 72, -1,
      157, 72, 189, -1,
      189, 72, 71, -1,
      189, 71, 187, -1,
      187, 71, 73, -1,
      187, 73, 185, -1,
      185, 73, 75, -1,
      185, 75, 183, -1,
      183, 75, 74, -1,
      183, 74, 181, -1,
      181, 74, 82, -1,
      181, 82, 179, -1,
      179, 82, 81, -1,
      179, 81, 177, -1,
      177, 81, 80, -1,
      177, 80, 175, -1,
      69, 169, 171, -1,
      175, 80, 85, -1,
      175, 85, 173, -1,
      173, 85, 84, -1,
      173, 84, 171, -1,
      171, 84, 83, -1,
      171, 83, 69, -1,
      167, 169, 70, -1,
      70, 169, 69, -1,
      165, 167, 68, -1,
      68, 167, 70, -1,
      170, 168, 190, -1,
      190, 168, 191, -1,
      168, 166, 191, -1,
      191, 166, 192, -1,
      166, 164, 192, -1,
      192, 164, 193, -1,
      156, 194, 195, -1,
      156, 195, 158, -1,
      158, 195, 196, -1,
      158, 196, 160, -1,
      160, 196, 197, -1,
      160, 197, 162, -1,
      162, 197, 193, -1,
      162, 193, 164, -1,
      184, 198, 199, -1,
      184, 199, 186, -1,
      186, 199, 200, -1,
      186, 200, 188, -1,
      188, 200, 201, -1,
      188, 201, 155, -1,
      155, 201, 194, -1,
      155, 194, 156, -1,
      176, 202, 203, -1,
      176, 203, 178, -1,
      178, 203, 204, -1,
      178, 204, 180, -1,
      180, 204, 205, -1,
      180, 205, 182, -1,
      182, 205, 198, -1,
      182, 198, 184, -1,
      170, 190, 206, -1,
      170, 206, 172, -1,
      172, 206, 207, -1,
      172, 207, 174, -1,
      174, 207, 202, -1,
      174, 202, 176, -1,
    ]
  }
}

Shape {
  appearance Appearance {
    material Material {
      diffuseColor 0.2510 0.2510 0.2510
      specularColor 0.1255 0.1255 0.1255
      ambientIntensity 0.2
      transparency 0.0000
      shininess 0.5
    }
  }
  geometry IndexedFaceSet {
    ccw TRUE
    solid FALSE
    coord DEF co Coordinate {
      point [
        0.375130 -0.042924 0.124824,
        0.375130 -0.045746 0.124824,
        0.376135 -0.045746 0.110455,
        0.376135 -0.043033 0.110455,
        0.375998 -0.037479 0.112398,
        0.376013 -0.037707 0.112187,
        0.376072 -0.038914 0.111354,
        0.376113 -0.040461 0.110759,
        0.375619 -0.035483 0.117820,
        0.375703 -0.035546 0.116626,
        0.375822 -0.035911 0.114922,
        0.375919 -0.036556 0.113540,
        0.375252 -0.037531 0.123070,
        0.375289 -0.037002 0.122548,
        0.375362 -0.036280 0.121502,
        0.375457 -0.035756 0.120136,
        0.375150 -0.040417 0.124534,
        0.375192 -0.038814 0.123933,
      ]
    }
    coordIndex [
      1, 2, 0, -1,
      0, 2, 3, -1,
      3, 7, 0, -1,
      0, 7, 6, -1,
      0, 6, 5, -1,
      5, 4, 0, -1,
      0, 4, 11, -1,
      0, 11, 10, -1,
      8, 12, 17, -1,
      15, 14, 8, -1,
      8, 14, 13, -1,
      8, 13, 12, -1,
      10, 9, 0, -1,
      0, 9, 8, -1,
      0, 8, 16, -1,
      16, 8, 17, -1,
    ]
  }
}

Shape {
  appearance Appearance {
    material Material {
      diffuseColor 1.0000 1.0000 1.0000
      specularColor 0.5020 0.5020 0.5020
      ambientIntensity 0.2
      transparency 0.0000
      shininess 0.5
    }
  }
  geometry IndexedFaceSet {
    ccw TRUE
    solid FALSE
    coord DEF co Coordinate {
      point [
        0.375927 -0.019670 0.113428,
        0.375927 -0.026526 0.113428,
        0.376283 -0.017765 0.108330,
        0.376283 -0.015100 0.108330,
        0.374980 -0.022216 0.126967,
        0.374980 -0.024794 0.126967,
        0.375297 -0.026526 0.122433,
        0.376283 -0.031911 0.108330,
        0.376283 -0.029246 0.108330,
        0.375927 -0.027450 0.113428,
        0.379707 -0.026686 0.115808,
        0.379854 -0.027450 0.113702,
        0.379707 -0.020415 0.115808,
        0.379854 -0.019670 0.113702,
        0.379165 -0.023892 0.123555,
        0.378907 -0.024794 0.127242,
        0.380211 -0.031911 0.108605,
        0.380211 -0.029246 0.108605,
        0.379126 -0.023730 0.124111,
        0.379074 -0.023586 0.124860,
        0.378907 -0.022216 0.127242,
        0.379074 -0.023529 0.124860,
        0.379129 -0.023378 0.124072,
        0.379165 -0.023238 0.123555,
        0.380211 -0.015100 0.108605,
        0.380211 -0.017765 0.108605,
        0.375780 -0.026686 0.115533,
        0.375780 -0.020415 0.115533,
        0.375238 -0.023238 0.123280,
        0.375146 -0.023529 0.124585,
        0.375202 -0.023378 0.123797,
        0.375146 -0.023586 0.124585,
        0.375238 -0.023892 0.123280,
        0.375199 -0.023730 0.123836,
      ]
    }
    coordIndex [
      10, 11, 12, -1,
      12, 11, 13, -1,
      14, 15, 10, -1,
      10, 15, 16, -1,
      10, 16, 11, -1,
      11, 16, 17, -1,
      14, 18, 15, -1,
      15, 18, 19, -1,
      15, 19, 20, -1,
      20, 19, 21, -1,
      20, 21, 22, -1,
      22, 23, 20, -1,
      20, 23, 12, -1,
      20, 12, 24, -1,
      24, 12, 13, -1,
      24, 13, 25, -1,
      20, 24, 4, -1,
      4, 24, 3, -1,
      15, 20, 5, -1,
      5, 20, 4, -1,
      7, 16, 6, -1,
      6, 16, 15, -1,
      6, 15, 5, -1,
      17, 16, 8, -1,
      8, 16, 7, -1,
      11, 17, 9, -1,
      9, 17, 8, -1,
      0, 13, 1, -1,
      1, 13, 11, -1,
      1, 11, 9, -1,
      25, 13, 2, -1,
      2, 13, 0, -1,
      24, 25, 3, -1,
      3, 25, 2, -1,
      10, 12, 26, -1,
      26, 12, 27, -1,
      12, 23, 27, -1,
      27, 23, 28, -1,
      21, 29, 30, -1,
      21, 30, 22, -1,
      22, 30, 28, -1,
      22, 28, 23, -1,
      21, 19, 29, -1,
      29, 19, 31, -1,
      14, 32, 33, -1,
      14, 33, 18, -1,
      18, 33, 31, -1,
      18, 31, 19, -1,
      14, 10, 32, -1,
      32, 10, 26, -1,
    ]
  }
}

Shape {
  appearance Appearance {
    material Material {
      diffuseColor 0.2510 0.2510 0.2510
      specularColor 0.1255 0.1255 0.1255
      ambientIntensity 0.2
      transparency 0.0000
      shininess 0.5
    }
  }
  geometry IndexedFaceSet {
    ccw TRUE
    solid FALSE
    coord DEF co Coordinate {
      point [
        0.375780 -0.026686 0.115533,
        0.375780 -0.020415 0.115533,
        0.375238 -0.023238 0.123280,
        0.375146 -0.023529 0.124585,
        0.375202 -0.023378 0.123797,
        0.375146 -0.023586 0.124585,
        0.375238 -0.023892 0.123280,
        0.375199 -0.023730 0.123836,
      ]
    }
    coordIndex [
      3, 5, 4, -1,
      4, 5, 7, -1,
      4, 7, 2, -1,
      2, 7, 6, -1,
      2, 6, 1, -1,
      1, 6, 0, -1,
    ]
  }
}

Shape {
  appearance Appearance {
    material Material {
      diffuseColor 1.0000 1.0000 1.0000
      specularColor 0.5020 0.5020 0.5020
      ambientIntensity 0.2
      transparency 0.0000
      shininess 0.5
    }
  }
  geometry IndexedFaceSet {
    ccw TRUE
    solid FALSE
    coord DEF co Coordinate {
      point [
        0.377953 -0.077312 0.084446,
        0.377907 -0.076843 0.085113,
        0.377644 -0.076488 0.088873,
        0.378339 -0.071400 0.078927,
        0.378361 -0.072285 0.078606,
        0.378350 -0.069410 0.078764,
        0.378302 -0.070587 0.079465,
        0.378338 -0.075857 0.078949,
        0.378361 -0.074960 0.078611,
        0.378361 -0.074917 0.078606,
        0.378231 -0.077393 0.080478,
        0.378176 -0.077676 0.081267,
        0.378102 -0.077792 0.082327,
        0.377428 -0.069508 0.091959,
        0.377863 -0.076124 0.085733,
        0.377828 -0.075122 0.086242,
        0.377579 -0.075046 0.089803,
        0.377798 -0.073365 0.086672,
        0.377537 -0.071320 0.090401,
        0.377531 -0.072113 0.090483,
        0.377543 -0.073586 0.090322,
        0.378299 -0.076645 0.079497,
        0.378281 -0.076906 0.079761,
        0.378207 -0.069410 0.080822,
        0.378207 -0.069472 0.080822,
        0.378246 -0.069847 0.080255,
        0.378081 -0.077785 0.082618,
        0.378011 -0.077634 0.083623,
        0.377419 -0.074254 0.092096,
        0.377398 -0.071893 0.092380,
        0.377407 -0.070498 0.092256,
        0.377485 -0.076488 0.091141,
        0.377465 -0.075996 0.091425,
        0.377459 -0.068729 0.091517,
        0.377500 -0.068103 0.090924,
        0.377553 -0.067623 0.090172,
        0.377627 -0.067255 0.089116,
        0.377759 -0.069410 0.087225,
        0.377687 -0.069491 0.088257,
        0.377629 -0.069733 0.089088,
        0.377595 -0.070008 0.089569,
        0.377752 -0.067070 0.087330,
        0.377569 -0.070362 0.089944,
        0.377550 -0.070778 0.090211,
        0.378372 -0.073560 0.078449,
        0.378363 -0.072348 0.078584,
        0.378350 -0.067070 0.078764,
        0.378202 -0.080031 0.080889,
        0.378350 -0.080031 0.078764,
        0.378350 -0.090080 0.078764,
        0.377197 -0.080456 0.095257,
        0.377047 -0.090080 0.097401,
        0.377047 -0.080456 0.097401,
        0.377763 -0.087668 0.087158,
        0.378202 -0.087668 0.080889,
        0.377763 -0.080987 0.087158,
        0.377614 -0.080987 0.089293,
        0.377614 -0.087668 0.089293,
        0.377197 -0.087668 0.095257,
        0.382130 -0.080031 0.081163,
        0.382278 -0.080031 0.079038,
        0.382130 -0.087668 0.081163,
        0.381691 -0.087668 0.087433,
        0.381691 -0.080987 0.087433,
        0.381542 -0.080987 0.089567,
        0.381542 -0.087668 0.089567,
        0.381125 -0.087668 0.095532,
        0.381125 -0.080456 0.095532,
        0.380975 -0.080456 0.097676,
        0.380975 -0.090080 0.097676,
        0.382278 -0.090080 0.079038,
        0.382134 -0.069472 0.081096,
        0.382134 -0.069410 0.081096,
        0.381984 -0.069563 0.083244,
        0.381911 -0.069412 0.084286,
        0.381679 -0.067070 0.087604,
        0.381900 -0.069410 0.084441,
        0.381811 -0.069410 0.085718,
        0.382278 -0.069410 0.079038,
        0.382278 -0.067070 0.079038,
        0.381989 -0.075398 0.083163,
        0.381952 -0.075283 0.083698,
        0.381881 -0.077312 0.084720,
        0.382042 -0.069906 0.082411,
        0.382090 -0.070413 0.081725,
        0.382174 -0.069847 0.080529,
        0.382110 -0.070706 0.081439,
        0.382229 -0.070587 0.079739,
        0.382141 -0.071368 0.080994,
        0.382267 -0.071400 0.079201,
        0.382159 -0.072078 0.080737,
        0.382291 -0.072348 0.078858,
        0.382166 -0.072954 0.080639,
        0.382300 -0.073560 0.078724,
        0.382160 -0.073744 0.080728,
        0.382289 -0.074960 0.078886,
        0.382146 -0.074274 0.080922,
        0.382265 -0.075857 0.079224,
        0.382124 -0.074740 0.081239,
        0.382227 -0.076645 0.079772,
        0.382110 -0.074939 0.081439,
        0.381834 -0.076843 0.085388,
        0.381922 -0.075077 0.084133,
        0.381791 -0.076124 0.086007,
        0.381898 -0.074797 0.084479,
        0.381755 -0.075122 0.086516,
        0.381882 -0.074504 0.084706,
        0.381863 -0.073957 0.084968,
        0.381725 -0.073365 0.086947,
        0.381840 -0.072533 0.085298,
        0.381686 -0.069410 0.087500,
        0.381938 -0.077634 0.083898,
        0.382009 -0.077785 0.082893,
        0.382015 -0.075418 0.082793,
        0.382029 -0.077792 0.082602,
        0.382053 -0.075359 0.082257,
        0.382103 -0.077676 0.081541,
        0.382083 -0.075205 0.081832,
        0.382158 -0.077393 0.080752,
        0.382208 -0.076906 0.080035,
        0.381413 -0.076488 0.091416,
        0.381571 -0.076488 0.089148,
        0.381393 -0.075996 0.091700,
        0.381506 -0.075046 0.090078,
        0.381346 -0.074254 0.092370,
        0.381470 -0.073586 0.090596,
        0.381326 -0.071893 0.092654,
        0.381458 -0.072113 0.090758,
        0.381335 -0.070498 0.092530,
        0.381464 -0.071320 0.090675,
        0.381356 -0.069508 0.092233,
        0.381478 -0.070778 0.090486,
        0.381386 -0.068729 0.091792,
        0.381496 -0.070362 0.090219,
        0.381428 -0.068103 0.091199,
        0.381522 -0.070008 0.089844,
        0.381480 -0.067623 0.090447,
        0.381556 -0.069733 0.089363,
        0.381554 -0.067255 0.089390,
        0.381614 -0.069491 0.088531,
        0.377970 -0.074797 0.084204,
        0.377954 -0.074504 0.084431,
        0.377936 -0.073957 0.084693,
        0.377913 -0.072533 0.085024,
        0.378088 -0.075418 0.082518,
        0.378062 -0.075398 0.082888,
        0.378025 -0.075283 0.083423,
        0.377994 -0.075077 0.083858,
        0.378197 -0.074740 0.080965,
        0.378183 -0.074939 0.081164,
        0.378155 -0.075205 0.081558,
        0.378126 -0.075359 0.081982,
        0.378239 -0.072954 0.080365,
        0.378232 -0.073744 0.080453,
        0.378219 -0.074274 0.080647,
        0.378163 -0.070413 0.081451,
        0.378183 -0.070706 0.081165,
        0.378214 -0.071368 0.080719,
        0.378232 -0.072078 0.080462,
        0.377973 -0.069410 0.084166,
        0.377983 -0.069412 0.084011,
        0.378056 -0.069563 0.082970,
        0.378115 -0.069906 0.082137,
        0.377883 -0.069410 0.085443,
      ]
    }
    coordIndex [
      59, 60, 47, -1,
      47, 60, 48, -1,
      61, 59, 54, -1,
      54, 59, 47, -1,
      62, 61, 53, -1,
      53, 61, 54, -1,
      63, 62, 55, -1,
      55, 62, 53, -1,
      64, 63, 56, -1,
      56, 63, 55, -1,
      65, 64, 57, -1,
      57, 64, 56, -1,
      66, 65, 58, -1,
      58, 65, 57, -1,
      67, 66, 50, -1,
      50, 66, 58, -1,
      68, 67, 52, -1,
      52, 67, 50, -1,
      69, 68, 51, -1,
      51, 68, 52, -1,
      70, 69, 49, -1,
      49, 69, 51, -1,
      60, 70, 48, -1,
      48, 70, 49, -1,
      63, 64, 62, -1,
      62, 64, 65, -1,
      60, 59, 70, -1,
      70, 59, 61, -1,
      67, 68, 66, -1,
      66, 68, 69, -1,
      66, 69, 65, -1,
      65, 69, 70, -1,
      65, 70, 62, -1,
      62, 70, 61, -1,
      71, 72, 73, -1,
      74, 75, 76, -1,
      76, 75, 77, -1,
      78, 79, 72, -1,
      72, 79, 75, -1,
      72, 75, 73, -1,
      73, 75, 74, -1,
      80, 81, 82, -1,
      73, 83, 71, -1,
      71, 83, 84, -1,
      71, 84, 85, -1,
      85, 84, 86, -1,
      85, 86, 87, -1,
      87, 86, 88, -1,
      87, 88, 89, -1,
      89, 88, 90, -1,
      89, 90, 91, -1,
      91, 90, 92, -1,
      91, 92, 93, -1,
      93, 92, 94, -1,
      93, 94, 95, -1,
      95, 94, 96, -1,
      95, 96, 97, -1,
      97, 96, 98, -1,
      97, 98, 99, -1,
      99, 98, 100, -1,
      82, 81, 101, -1,
      101, 81, 102, -1,
      101, 102, 103, -1,
      103, 102, 104, -1,
      103, 104, 105, -1,
      104, 106, 105, -1,
      105, 106, 107, -1,
      105, 107, 108, -1,
      108, 107, 109, -1,
      108, 109, 110, -1,
      82, 111, 80, -1,
      80, 111, 112, -1,
      80, 112, 113, -1,
      113, 112, 114, -1,
      113, 114, 115, -1,
      115, 114, 116, -1,
      115, 116, 117, -1,
      117, 116, 118, -1,
      117, 118, 100, -1,
      100, 118, 119, -1,
      100, 119, 99, -1,
      120, 121, 122, -1,
      122, 121, 123, -1,
      122, 123, 124, -1,
      124, 123, 125, -1,
      124, 125, 126, -1,
      126, 125, 127, -1,
      126, 127, 128, -1,
      128, 127, 129, -1,
      128, 129, 130, -1,
      130, 129, 131, -1,
      130, 131, 132, -1,
      132, 131, 133, -1,
      132, 133, 134, -1,
      134, 133, 135, -1,
      134, 135, 136, -1,
      136, 135, 137, -1,
      136, 137, 138, -1,
      138, 137, 139, -1,
      138, 139, 75, -1,
      75, 139, 110, -1,
      75, 110, 77, -1,
      77, 110, 109, -1,
      126, 29, 28, -1,
      126, 28, 124, -1,
      124, 28, 32, -1,
      124, 32, 122, -1,
      122, 32, 31, -1,
      122, 31, 120, -1,
      121, 120, 2, -1,
      2, 120, 31, -1,
      121, 2, 16, -1,
      121, 16, 123, -1,
      123, 16, 20, -1,
      123, 20, 125, -1,
      125, 20, 19, -1,
      125, 19, 127, -1,
      127, 19, 18, -1,
      127, 18, 129, -1,
      129, 18, 43, -1,
      129, 43, 131, -1,
      131, 43, 42, -1,
      131, 42, 133, -1,
      133, 42, 40, -1,
      133, 40, 135, -1,
      135, 40, 39, -1,
      135, 39, 137, -1,
      137, 39, 38, -1,
      137, 38, 139, -1,
      139, 38, 37, -1,
      139, 37, 110, -1,
      108, 110, 17, -1,
      17, 110, 37, -1,
      108, 17, 15, -1,
      108, 15, 105, -1,
      105, 15, 14, -1,
      105, 14, 103, -1,
      103, 14, 1, -1,
      103, 1, 101, -1,
      101, 1, 0, -1,
      101, 0, 82, -1,
      82, 0, 27, -1,
      82, 27, 111, -1,
      111, 27, 26, -1,
      111, 26, 112, -1,
      112, 26, 12, -1,
      112, 12, 114, -1,
      114, 12, 11, -1,
      114, 11, 116, -1,
      116, 11, 10, -1,
      116, 10, 118, -1,
      118, 10, 22, -1,
      118, 22, 119, -1,
      119, 22, 21, -1,
      119, 21, 99, -1,
      44, 93, 9, -1,
      9, 93, 95, -1,
      9, 95, 8, -1,
      8, 95, 97, -1,
      8, 97, 7, -1,
      7, 97, 99, -1,
      7, 99, 21, -1,
      93, 44, 45, -1,
      93, 45, 91, -1,
      91, 45, 4, -1,
      91, 4, 89, -1,
      4, 3, 89, -1,
      89, 3, 6, -1,
      89, 6, 87, -1,
      87, 6, 25, -1,
      87, 25, 85, -1,
      85, 25, 24, -1,
      85, 24, 71, -1,
      72, 71, 23, -1,
      23, 71, 24, -1,
      78, 72, 5, -1,
      5, 72, 23, -1,
      79, 78, 46, -1,
      46, 78, 5, -1,
      75, 79, 41, -1,
      41, 79, 46, -1,
      75, 41, 36, -1,
      75, 36, 138, -1,
      138, 36, 35, -1,
      138, 35, 136, -1,
      136, 35, 34, -1,
      136, 34, 134, -1,
      134, 34, 33, -1,
      134, 33, 132, -1,
      132, 33, 13, -1,
      132, 13, 130, -1,
      130, 13, 30, -1,
      130, 30, 128, -1,
      128, 30, 29, -1,
      128, 29, 126, -1,
      104, 140, 141, -1,
      104, 141, 106, -1,
      106, 141, 142, -1,
      106, 142, 107, -1,
      107, 142, 143, -1,
      107, 143, 109, -1,
      113, 144, 145, -1,
      113, 145, 80, -1,
      80, 145, 146, -1,
      80, 146, 81, -1,
      81, 146, 147, -1,
      81, 147, 102, -1,
      102, 147, 140, -1,
      102, 140, 104, -1,
      98, 148, 149, -1,
      98, 149, 100, -1,
      100, 149, 150, -1,
      100, 150, 117, -1,
      117, 150, 151, -1,
      117, 151, 115, -1,
      115, 151, 144, -1,
      115, 144, 113, -1,
      92, 152, 153, -1,
      92, 153, 94, -1,
      94, 153, 154, -1,
      94, 154, 96, -1,
      96, 154, 148, -1,
      96, 148, 98, -1,
      84, 155, 156, -1,
      84, 156, 86, -1,
      86, 156, 157, -1,
      86, 157, 88, -1,
      88, 157, 158, -1,
      88, 158, 90, -1,
      90, 158, 152, -1,
      90, 152, 92, -1,
      76, 159, 160, -1,
      76, 160, 74, -1,
      74, 160, 161, -1,
      74, 161, 73, -1,
      73, 161, 162, -1,
      73, 162, 83, -1,
      83, 162, 155, -1,
      83, 155, 84, -1,
      76, 77, 159, -1,
      159, 77, 163, -1,
      77, 109, 163, -1,
      163, 109, 143, -1,
    ]
  }
}

Shape {
  appearance Appearance {
    material Material {
      diffuseColor 0.2510 0.2510 0.2510
      specularColor 0.1255 0.1255 0.1255
      ambientIntensity 0.2
      transparency 0.0000
      shininess 0.5
    }
  }
  geometry IndexedFaceSet {
    ccw TRUE
    solid FALSE
    coord DEF co Coordinate {
      point [
        0.377970 -0.074797 0.084204,
        0.377954 -0.074504 0.084431,
        0.377936 -0.073957 0.084693,
        0.377913 -0.072533 0.085024,
        0.378088 -0.075418 0.082518,
        0.378062 -0.075398 0.082888,
        0.378025 -0.075283 0.083423,
        0.377994 -0.075077 0.083858,
        0.378197 -0.074740 0.080965,
        0.378183 -0.074939 0.081164,
        0.378155 -0.075205 0.081558,
        0.378126 -0.075359 0.081982,
        0.378239 -0.072954 0.080365,
        0.378232 -0.073744 0.080453,
        0.378219 -0.074274 0.080647,
        0.378163 -0.070413 0.081451,
        0.378183 -0.070706 0.081165,
        0.378214 -0.071368 0.080719,
        0.378232 -0.072078 0.080462,
        0.377973 -0.069410 0.084166,
        0.377983 -0.069412 0.084011,
        0.378056 -0.069563 0.082970,
        0.378115 -0.069906 0.082137,
        0.377883 -0.069410 0.085443,
      ]
    }
    coordIndex [
      20, 19, 0, -1,
      19, 23, 3, -1,
      3, 2, 19, -1,
      19, 2, 1, -1,
      19, 1, 0, -1,
      20, 0, 21, -1,
      21, 0, 7, -1,
      21, 7, 22, -1,
      9, 8, 16, -1,
      9, 16, 10, -1,
      17, 16, 18, -1,
      18, 16, 12, -1,
      7, 6, 22, -1,
      22, 6, 5, -1,
      22, 5, 15, -1,
      15, 5, 4, -1,
      15, 4, 16, -1,
      16, 4, 11, -1,
      16, 11, 10, -1,
      8, 14, 16, -1,
      16, 14, 13, -1,
      16, 13, 12, -1,
    ]
  }
}

Shape {
  appearance Appearance {
    material Material {
      diffuseColor 1.0000 1.0000 1.0000
      specularColor 0.5020 0.5020 0.5020
      ambientIntensity 0.2
      transparency 0.0000
      shininess 0.5
    }
  }
  geometry IndexedFaceSet {
    ccw TRUE
    solid FALSE
    coord DEF co Coordinate {
      point [
        0.378611 -0.050358 0.075044,
        0.378577 -0.049922 0.075530,
        0.378360 -0.058439 0.078634,
        0.378361 -0.058712 0.078606,
        0.378202 -0.028291 0.080889,
        0.378350 -0.028291 0.078764,
        0.377197 -0.028715 0.095257,
        0.377763 -0.035927 0.087158,
        0.378202 -0.035927 0.080889,
        0.377763 -0.032429 0.087158,
        0.378202 -0.032429 0.080889,
        0.377763 -0.029246 0.087158,
        0.377614 -0.029246 0.089293,
        0.377614 -0.032429 0.089293,
        0.377197 -0.032429 0.095257,
        0.377614 -0.035927 0.089293,
        0.377197 -0.035927 0.095257,
        0.378350 -0.032429 0.078764,
        0.378350 -0.038339 0.078764,
        0.377047 -0.038339 0.097401,
        0.378350 -0.019622 0.078764,
        0.378350 -0.024761 0.078764,
        0.377047 -0.024761 0.097401,
        0.377765 -0.009607 0.087131,
        0.377918 -0.010060 0.084949,
        0.378053 -0.010980 0.083022,
        0.378168 -0.012368 0.081374,
        0.377682 -0.009550 0.088320,
        0.377504 -0.009859 0.090877,
        0.377220 -0.012368 0.094933,
        0.377265 -0.011702 0.094283,
        0.377379 -0.010548 0.092656,
        0.377047 -0.019431 0.097401,
        0.377069 -0.016579 0.097087,
        0.377127 -0.014324 0.096265,
        0.377560 -0.063513 0.090069,
        0.377516 -0.063079 0.090700,
        0.377613 -0.063792 0.089317,
        0.377846 -0.062838 0.085978,
        0.378149 -0.063899 0.081641,
        0.377847 -0.062817 0.085964,
        0.378187 -0.063020 0.081096,
        0.378193 -0.062817 0.081018,
        0.377818 -0.063220 0.086377,
        0.377784 -0.063526 0.086863,
        0.377734 -0.063784 0.087576,
        0.377671 -0.063885 0.088483,
        0.378318 -0.063899 0.079231,
        0.378345 -0.062817 0.078839,
        0.378356 -0.062404 0.078689,
        0.378361 -0.061672 0.078606,
        0.378372 -0.060279 0.078449,
        0.377440 -0.055527 0.091789,
        0.377598 -0.055527 0.089521,
        0.377472 -0.062385 0.091322,
        0.377443 -0.061681 0.091741,
        0.378163 -0.054998 0.081446,
        0.378215 -0.055285 0.080707,
        0.378258 -0.055722 0.080091,
        0.377500 -0.062817 0.090934,
        0.377411 -0.060394 0.092196,
        0.377398 -0.058689 0.092380,
        0.377408 -0.057114 0.092246,
        0.377943 -0.055670 0.084585,
        0.377989 -0.055233 0.083943,
        0.378037 -0.054983 0.083254,
        0.378097 -0.054887 0.082384,
        0.378298 -0.056391 0.079507,
        0.378329 -0.057141 0.079070,
        0.377531 -0.058918 0.090483,
        0.377535 -0.059610 0.090431,
        0.377656 -0.061473 0.088692,
        0.377546 -0.060236 0.090267,
        0.377566 -0.060761 0.089988,
        0.377678 -0.061451 0.088381,
        0.377704 -0.061359 0.088019,
        0.377725 -0.061190 0.087704,
        0.377743 -0.060962 0.087454,
        0.377779 -0.060137 0.086939,
        0.377544 -0.057354 0.090303,
        0.377823 -0.058689 0.086310,
        0.377578 -0.056036 0.089814,
        0.377848 -0.057782 0.085944,
        0.377909 -0.056228 0.085082,
        0.377587 -0.061114 0.089677,
        0.377608 -0.061315 0.089380,
        0.377630 -0.061430 0.089065,
        0.378227 -0.061555 0.080535,
        0.377941 -0.060341 0.084614,
        0.377897 -0.061736 0.085252,
        0.378239 -0.060050 0.080355,
        0.378239 -0.059946 0.080356,
        0.377986 -0.058804 0.083972,
        0.378230 -0.058746 0.080490,
        0.378113 -0.057289 0.082156,
        0.378093 -0.057312 0.082446,
        0.378215 -0.058143 0.080710,
        0.378206 -0.057929 0.080839,
        0.378189 -0.057661 0.081077,
        0.378168 -0.057457 0.081378,
        0.378144 -0.057337 0.081710,
        0.378068 -0.057419 0.082811,
        0.378046 -0.057599 0.083120,
        0.378025 -0.057891 0.083423,
        0.377420 -0.043287 0.092075,
        0.377420 -0.040860 0.092075,
        0.377047 -0.032429 0.097401,
        0.377047 -0.028715 0.097401,
        0.378119 -0.047566 0.082070,
        0.378196 -0.047279 0.080974,
        0.378196 -0.047217 0.080974,
        0.377646 -0.049922 0.088833,
        0.378121 -0.046930 0.082051,
        0.378164 -0.047109 0.081430,
        0.378085 -0.049922 0.082567,
        0.377420 -0.053669 0.092075,
        0.377420 -0.051052 0.092075,
        0.378348 -0.048435 0.078792,
        0.378361 -0.048514 0.078606,
        0.378518 -0.049461 0.076372,
        0.378776 -0.053187 0.072685,
        0.378630 -0.053187 0.074762,
        0.378641 -0.052708 0.074605,
        0.378649 -0.051859 0.074495,
        0.378760 -0.049922 0.072910,
        0.378781 -0.050732 0.072602,
        0.378789 -0.051678 0.072494,
        0.378788 -0.052194 0.072513,
        0.378644 -0.051286 0.074561,
        0.378631 -0.050774 0.074755,
        0.378491 -0.046916 0.076753,
        0.378635 -0.047976 0.074695,
        0.378361 -0.046183 0.078606,
        0.378707 -0.048832 0.073669,
        0.378717 -0.048991 0.073523,
        0.378757 -0.049809 0.072954,
        0.378324 -0.016464 0.079145,
        0.378266 -0.014331 0.079972,
        0.382077 -0.063899 0.081916,
        0.382115 -0.063020 0.081370,
        0.382167 -0.060050 0.080630,
        0.382154 -0.061555 0.080810,
        0.382245 -0.063899 0.079505,
        0.382283 -0.062404 0.078964,
        0.382300 -0.060279 0.078724,
        0.382287 -0.058439 0.078909,
        0.382257 -0.057141 0.079344,
        0.382226 -0.056391 0.079781,
        0.382185 -0.055722 0.080366,
        0.382142 -0.055285 0.080981,
        0.382091 -0.054998 0.081721,
        0.382025 -0.054887 0.082659,
        0.381964 -0.054983 0.083529,
        0.381916 -0.055233 0.084217,
        0.381871 -0.055670 0.084860,
        0.381836 -0.056228 0.085357,
        0.381776 -0.057782 0.086219,
        0.381750 -0.058689 0.086585,
        0.381706 -0.060137 0.087214,
        0.381670 -0.060962 0.087728,
        0.381653 -0.061190 0.087979,
        0.381631 -0.061359 0.088294,
        0.381606 -0.061451 0.088656,
        0.381584 -0.061473 0.088967,
        0.381558 -0.061430 0.089339,
        0.381536 -0.061315 0.089654,
        0.381515 -0.061114 0.089952,
        0.381493 -0.060761 0.090263,
        0.381474 -0.060236 0.090541,
        0.381462 -0.059610 0.090706,
        0.381458 -0.058918 0.090758,
        0.381471 -0.057354 0.090578,
        0.381505 -0.056036 0.090089,
        0.381526 -0.055527 0.089796,
        0.381367 -0.055527 0.092063,
        0.381335 -0.057114 0.092521,
        0.381326 -0.058689 0.092654,
        0.381339 -0.060394 0.092471,
        0.381370 -0.061681 0.092015,
        0.381400 -0.062385 0.091596,
        0.381443 -0.063079 0.090974,
        0.381487 -0.063513 0.090343,
        0.381540 -0.063792 0.089592,
        0.381598 -0.063885 0.088757,
        0.381662 -0.063784 0.087851,
        0.381712 -0.063526 0.087138,
        0.381746 -0.063220 0.086652,
        0.381869 -0.060341 0.084889,
        0.381824 -0.061736 0.085526,
        0.381774 -0.062838 0.086252,
        0.381914 -0.058804 0.084247,
        0.381952 -0.057891 0.083698,
        0.381973 -0.057599 0.083395,
        0.381995 -0.057419 0.083085,
        0.382020 -0.057312 0.082721,
        0.382041 -0.057289 0.082430,
        0.382072 -0.057337 0.081985,
        0.382095 -0.057457 0.081653,
        0.382116 -0.057661 0.081352,
        0.382133 -0.057929 0.081114,
        0.382142 -0.058143 0.080985,
        0.382157 -0.058746 0.080764,
        0.382167 -0.059946 0.080630,
        0.381347 -0.043287 0.092349,
        0.381347 -0.040860 0.092349,
        0.382048 -0.046930 0.082326,
        0.382091 -0.047109 0.081705,
        0.382123 -0.047217 0.081249,
        0.382123 -0.047279 0.081249,
        0.382047 -0.047566 0.082344,
        0.381347 -0.051052 0.092349,
        0.381347 -0.053669 0.092349,
        0.382276 -0.048435 0.079067,
        0.382445 -0.049461 0.076647,
        0.382504 -0.049922 0.075805,
        0.382538 -0.050358 0.075319,
        0.382558 -0.050774 0.075030,
        0.382572 -0.051286 0.074835,
        0.382576 -0.051859 0.074770,
        0.382569 -0.052708 0.074880,
        0.382558 -0.053187 0.075036,
        0.382703 -0.053187 0.072959,
        0.382715 -0.052194 0.072787,
        0.382717 -0.051678 0.072769,
        0.382709 -0.050732 0.072877,
        0.382684 -0.049809 0.073228,
        0.382644 -0.048991 0.073798,
        0.382634 -0.048832 0.073944,
        0.382563 -0.047976 0.074970,
        0.382419 -0.046916 0.077028,
        0.382130 -0.028291 0.081163,
        0.382278 -0.028291 0.079038,
        0.382130 -0.035927 0.081163,
        0.381691 -0.035927 0.087433,
        0.381691 -0.029246 0.087433,
        0.381542 -0.029246 0.089567,
        0.381542 -0.035927 0.089567,
        0.381125 -0.035927 0.095532,
        0.381125 -0.028715 0.095532,
        0.380975 -0.028715 0.097676,
        0.380975 -0.038339 0.097676,
        0.382278 -0.038339 0.079038,
        0.381914 -0.013159 0.084248,
        0.381993 -0.014083 0.083107,
        0.382095 -0.012368 0.081649,
        0.382008 -0.014310 0.082896,
        0.382193 -0.014331 0.080247,
        0.382067 -0.015517 0.082062,
        0.382251 -0.016464 0.079420,
        0.382108 -0.017064 0.081467,
        0.382278 -0.019622 0.079038,
        0.382130 -0.019637 0.081163,
        0.382278 -0.024761 0.079038,
        0.382130 -0.022349 0.081163,
        0.380975 -0.024761 0.097676,
        0.381125 -0.022349 0.095532,
        0.380975 -0.019431 0.097676,
        0.381125 -0.019527 0.095532,
        0.380997 -0.016579 0.097361,
        0.381145 -0.017021 0.095242,
        0.381054 -0.014324 0.096540,
        0.381187 -0.015418 0.094642,
        0.381147 -0.012368 0.095208,
        0.381247 -0.014135 0.093779,
        0.381193 -0.011702 0.094558,
        0.381284 -0.013606 0.093257,
        0.381307 -0.010548 0.092931,
        0.381357 -0.012883 0.092210,
        0.381431 -0.009859 0.091151,
        0.381452 -0.012359 0.090844,
        0.381610 -0.009550 0.088595,
        0.381615 -0.012086 0.088528,
        0.381693 -0.009607 0.087405,
        0.381698 -0.012150 0.087335,
        0.381845 -0.010060 0.085224,
        0.381817 -0.012514 0.085630,
        0.381980 -0.010980 0.083296,
        0.377197 -0.019527 0.095257,
        0.377197 -0.022349 0.095257,
        0.378202 -0.022349 0.080889,
        0.378202 -0.019637 0.080889,
        0.378066 -0.014083 0.082832,
        0.378081 -0.014310 0.082621,
        0.378139 -0.015517 0.081788,
        0.378181 -0.017064 0.081193,
        0.377687 -0.012086 0.088254,
        0.377770 -0.012150 0.087060,
        0.377890 -0.012514 0.085356,
        0.377986 -0.013159 0.083974,
        0.377320 -0.014135 0.093504,
        0.377356 -0.013606 0.092982,
        0.377430 -0.012883 0.091935,
        0.377525 -0.012359 0.090570,
        0.377217 -0.017021 0.094968,
        0.377259 -0.015418 0.094367,
      ]
    }
    coordIndex [
      39, 138, 139, -1,
      140, 90, 87, -1,
      140, 87, 141, -1,
      141, 87, 42, -1,
      141, 42, 139, -1,
      139, 42, 41, -1,
      139, 41, 39, -1,
      142, 138, 47, -1,
      47, 138, 39, -1,
      47, 48, 142, -1,
      142, 48, 143, -1,
      51, 144, 50, -1,
      50, 144, 143, -1,
      50, 143, 49, -1,
      49, 143, 48, -1,
      51, 3, 144, -1,
      144, 3, 145, -1,
      3, 2, 145, -1,
      145, 2, 68, -1,
      145, 68, 146, -1,
      146, 68, 67, -1,
      146, 67, 147, -1,
      147, 67, 58, -1,
      147, 58, 148, -1,
      148, 58, 57, -1,
      148, 57, 149, -1,
      149, 57, 56, -1,
      149, 56, 150, -1,
      150, 56, 66, -1,
      150, 66, 151, -1,
      151, 66, 65, -1,
      151, 65, 152, -1,
      152, 65, 64, -1,
      152, 64, 153, -1,
      153, 64, 63, -1,
      153, 63, 154, -1,
      154, 63, 83, -1,
      154, 83, 155, -1,
      155, 83, 82, -1,
      155, 82, 156, -1,
      156, 82, 80, -1,
      156, 80, 157, -1,
      157, 80, 78, -1,
      157, 78, 158, -1,
      158, 78, 77, -1,
      158, 77, 159, -1,
      159, 77, 76, -1,
      159, 76, 160, -1,
      160, 76, 75, -1,
      160, 75, 161, -1,
      161, 75, 74, -1,
      161, 74, 162, -1,
      162, 74, 71, -1,
      162, 71, 163, -1,
      163, 71, 86, -1,
      163, 86, 164, -1,
      164, 86, 85, -1,
      164, 85, 165, -1,
      165, 85, 84, -1,
      165, 84, 166, -1,
      166, 84, 73, -1,
      166, 73, 167, -1,
      167, 73, 72, -1,
      167, 72, 168, -1,
      168, 72, 70, -1,
      168, 70, 169, -1,
      169, 70, 69, -1,
      169, 69, 170, -1,
      170, 69, 79, -1,
      170, 79, 171, -1,
      171, 79, 81, -1,
      171, 81, 172, -1,
      172, 81, 53, -1,
      172, 53, 173, -1,
      174, 173, 52, -1,
      52, 173, 53, -1,
      174, 52, 62, -1,
      174, 62, 175, -1,
      175, 62, 61, -1,
      175, 61, 176, -1,
      176, 61, 60, -1,
      176, 60, 177, -1,
      177, 60, 55, -1,
      177, 55, 178, -1,
      178, 55, 54, -1,
      178, 54, 179, -1,
      54, 59, 179, -1,
      179, 59, 180, -1,
      59, 36, 180, -1,
      180, 36, 35, -1,
      180, 35, 181, -1,
      181, 35, 37, -1,
      181, 37, 182, -1,
      182, 37, 46, -1,
      182, 46, 183, -1,
      183, 46, 45, -1,
      183, 45, 184, -1,
      184, 45, 44, -1,
      184, 44, 185, -1,
      185, 44, 43, -1,
      185, 43, 186, -1,
      88, 187, 188, -1,
      186, 43, 38, -1,
      186, 38, 189, -1,
      189, 38, 40, -1,
      189, 40, 188, -1,
      188, 40, 89, -1,
      188, 89, 88, -1,
      187, 88, 92, -1,
      187, 92, 190, -1,
      190, 92, 103, -1,
      190, 103, 191, -1,
      191, 103, 102, -1,
      191, 102, 192, -1,
      192, 102, 101, -1,
      192, 101, 193, -1,
      193, 101, 95, -1,
      193, 95, 194, -1,
      194, 95, 94, -1,
      194, 94, 195, -1,
      195, 94, 100, -1,
      195, 100, 196, -1,
      196, 100, 99, -1,
      196, 99, 197, -1,
      197, 99, 98, -1,
      197, 98, 198, -1,
      198, 98, 97, -1,
      198, 97, 199, -1,
      199, 97, 96, -1,
      199, 96, 200, -1,
      200, 96, 93, -1,
      200, 93, 201, -1,
      201, 93, 91, -1,
      201, 91, 202, -1,
      202, 91, 90, -1,
      202, 90, 140, -1,
      166, 167, 178, -1,
      178, 167, 177, -1,
      190, 157, 187, -1,
      187, 157, 158, -1,
      146, 147, 198, -1,
      198, 147, 148, -1,
      198, 148, 197, -1,
      197, 148, 149, -1,
      197, 149, 196, -1,
      196, 149, 150, -1,
      196, 150, 195, -1,
      195, 150, 151, -1,
      195, 151, 194, -1,
      194, 151, 152, -1,
      194, 152, 193, -1,
      193, 152, 153, -1,
      193, 153, 192, -1,
      192, 153, 154, -1,
      192, 154, 191, -1,
      191, 154, 155, -1,
      191, 155, 190, -1,
      190, 155, 156, -1,
      190, 156, 157, -1,
      144, 140, 143, -1,
      143, 140, 141, -1,
      143, 141, 142, -1,
      142, 141, 139, -1,
      142, 139, 138, -1,
      167, 168, 177, -1,
      177, 168, 169, -1,
      177, 169, 176, -1,
      176, 169, 170, -1,
      176, 170, 175, -1,
      175, 170, 171, -1,
      175, 171, 174, -1,
      174, 171, 172, -1,
      174, 172, 173, -1,
      198, 199, 146, -1,
      146, 199, 200, -1,
      146, 200, 145, -1,
      145, 200, 201, -1,
      145, 201, 144, -1,
      144, 201, 202, -1,
      144, 202, 140, -1,
      178, 179, 166, -1,
      166, 179, 180, -1,
      166, 180, 165, -1,
      165, 180, 181, -1,
      165, 181, 164, -1,
      164, 181, 182, -1,
      164, 182, 163, -1,
      163, 182, 183, -1,
      163, 183, 162, -1,
      162, 183, 184, -1,
      162, 184, 161, -1,
      161, 184, 185, -1,
      161, 185, 160, -1,
      160, 185, 186, -1,
      160, 186, 159, -1,
      159, 186, 189, -1,
      159, 189, 158, -1,
      158, 189, 188, -1,
      158, 188, 187, -1,
      203, 204, 104, -1,
      104, 204, 105, -1,
      205, 203, 112, -1,
      112, 203, 104, -1,
      205, 112, 113, -1,
      205, 113, 206, -1,
      206, 113, 110, -1,
      206, 110, 207, -1,
      208, 207, 109, -1,
      109, 207, 110, -1,
      209, 208, 108, -1,
      108, 208, 109, -1,
      209, 108, 210, -1,
      210, 108, 111, -1,
      210, 111, 116, -1,
      211, 210, 115, -1,
      115, 210, 116, -1,
      211, 115, 212, -1,
      212, 115, 114, -1,
      212, 114, 117, -1,
      119, 213, 118, -1,
      118, 213, 212, -1,
      118, 212, 117, -1,
      213, 119, 1, -1,
      213, 1, 214, -1,
      214, 1, 0, -1,
      214, 0, 215, -1,
      215, 0, 129, -1,
      215, 129, 216, -1,
      216, 129, 128, -1,
      216, 128, 217, -1,
      217, 128, 123, -1,
      217, 123, 218, -1,
      218, 123, 122, -1,
      218, 122, 219, -1,
      219, 122, 121, -1,
      219, 121, 220, -1,
      221, 220, 120, -1,
      120, 220, 121, -1,
      221, 120, 127, -1,
      221, 127, 222, -1,
      222, 127, 126, -1,
      222, 126, 223, -1,
      223, 126, 125, -1,
      223, 125, 224, -1,
      224, 125, 124, -1,
      224, 124, 225, -1,
      124, 135, 225, -1,
      225, 135, 134, -1,
      225, 134, 226, -1,
      226, 134, 133, -1,
      226, 133, 227, -1,
      227, 133, 131, -1,
      227, 131, 228, -1,
      228, 131, 130, -1,
      228, 130, 229, -1,
      105, 204, 132, -1,
      132, 204, 229, -1,
      132, 229, 130, -1,
      206, 207, 229, -1,
      204, 203, 229, -1,
      229, 203, 205, -1,
      229, 205, 206, -1,
      210, 211, 209, -1,
      209, 211, 212, -1,
      209, 212, 208, -1,
      220, 221, 219, -1,
      219, 221, 222, -1,
      219, 222, 218, -1,
      218, 222, 223, -1,
      218, 223, 217, -1,
      217, 223, 224, -1,
      217, 224, 216, -1,
      216, 224, 225, -1,
      216, 225, 215, -1,
      228, 214, 227, -1,
      227, 214, 215, -1,
      227, 215, 226, -1,
      226, 215, 225, -1,
      207, 208, 229, -1,
      229, 208, 212, -1,
      229, 212, 228, -1,
      228, 212, 213, -1,
      228, 213, 214, -1,
      230, 231, 4, -1,
      4, 231, 5, -1,
      230, 4, 232, -1,
      232, 4, 10, -1,
      232, 10, 8, -1,
      233, 232, 7, -1,
      7, 232, 8, -1,
      233, 7, 234, -1,
      234, 7, 9, -1,
      234, 9, 11, -1,
      235, 234, 12, -1,
      12, 234, 11, -1,
      15, 236, 13, -1,
      13, 236, 235, -1,
      13, 235, 12, -1,
      237, 236, 16, -1,
      16, 236, 15, -1,
      6, 238, 14, -1,
      14, 238, 237, -1,
      14, 237, 16, -1,
      239, 238, 107, -1,
      107, 238, 6, -1,
      19, 240, 106, -1,
      106, 240, 239, -1,
      106, 239, 107, -1,
      241, 240, 18, -1,
      18, 240, 19, -1,
      241, 18, 231, -1,
      231, 18, 17, -1,
      231, 17, 5, -1,
      241, 231, 230, -1,
      230, 232, 241, -1,
      241, 232, 233, -1,
      241, 233, 240, -1,
      238, 239, 237, -1,
      237, 239, 240, -1,
      237, 240, 236, -1,
      236, 240, 233, -1,
      236, 233, 235, -1,
      235, 233, 234, -1,
      242, 243, 244, -1,
      244, 243, 245, -1,
      244, 245, 246, -1,
      246, 245, 247, -1,
      246, 247, 248, -1,
      248, 247, 249, -1,
      248, 249, 250, -1,
      250, 249, 251, -1,
      250, 251, 252, -1,
      252, 251, 253, -1,
      252, 253, 254, -1,
      254, 253, 255, -1,
      254, 255, 256, -1,
      256, 255, 257, -1,
      256, 257, 258, -1,
      258, 257, 259, -1,
      258, 259, 260, -1,
      260, 259, 261, -1,
      260, 261, 262, -1,
      262, 261, 263, -1,
      262, 263, 264, -1,
      264, 263, 265, -1,
      264, 265, 266, -1,
      266, 265, 267, -1,
      266, 267, 268, -1,
      268, 267, 269, -1,
      268, 269, 270, -1,
      270, 269, 271, -1,
      270, 271, 272, -1,
      272, 271, 273, -1,
      272, 273, 274, -1,
      274, 273, 275, -1,
      274, 275, 276, -1,
      276, 275, 242, -1,
      276, 242, 244, -1,
      250, 252, 20, -1,
      20, 252, 21, -1,
      250, 20, 136, -1,
      250, 136, 248, -1,
      248, 136, 137, -1,
      248, 137, 246, -1,
      246, 137, 26, -1,
      246, 26, 244, -1,
      244, 26, 25, -1,
      244, 25, 276, -1,
      276, 25, 24, -1,
      276, 24, 274, -1,
      274, 24, 23, -1,
      274, 23, 272, -1,
      272, 23, 27, -1,
      272, 27, 270, -1,
      270, 27, 28, -1,
      270, 28, 268, -1,
      268, 28, 31, -1,
      268, 31, 266, -1,
      266, 31, 30, -1,
      266, 30, 264, -1,
      264, 30, 29, -1,
      264, 29, 262, -1,
      262, 29, 34, -1,
      262, 34, 260, -1,
      260, 34, 33, -1,
      260, 33, 258, -1,
      258, 33, 32, -1,
      258, 32, 256, -1,
      254, 256, 22, -1,
      22, 256, 32, -1,
      252, 254, 21, -1,
      21, 254, 22, -1,
      257, 255, 277, -1,
      277, 255, 278, -1,
      255, 253, 278, -1,
      278, 253, 279, -1,
      253, 251, 279, -1,
      279, 251, 280, -1,
      243, 281, 282, -1,
      243, 282, 245, -1,
      245, 282, 283, -1,
      245, 283, 247, -1,
      247, 283, 284, -1,
      247, 284, 249, -1,
      249, 284, 280, -1,
      249, 280, 251, -1,
      271, 285, 286, -1,
      271, 286, 273, -1,
      273, 286, 287, -1,
      273, 287, 275, -1,
      275, 287, 288, -1,
      275, 288, 242, -1,
      242, 288, 281, -1,
      242, 281, 243, -1,
      263, 289, 290, -1,
      263, 290, 265, -1,
      265, 290, 291, -1,
      265, 291, 267, -1,
      267, 291, 292, -1,
      267, 292, 269, -1,
      269, 292, 285, -1,
      269, 285, 271, -1,
      257, 277, 293, -1,
      257, 293, 259, -1,
      259, 293, 294, -1,
      259, 294, 261, -1,
      261, 294, 289, -1,
      261, 289, 263, -1,
    ]
  }
}

Shape {
  appearance Appearance {
    material Material {
      diffuseColor 0.2510 0.2510 0.2510
      specularColor 0.1255 0.1255 0.1255
      ambientIntensity 0.2
      transparency 0.0000
      shininess 0.5
    }
  }
  geometry IndexedFaceSet {
    ccw TRUE
    solid FALSE
    coord DEF co Coordinate {
      point [
        0.377197 -0.019527 0.095257,
        0.377197 -0.022349 0.095257,
        0.378202 -0.022349 0.080889,
        0.378202 -0.019637 0.080889,
        0.378066 -0.014083 0.082832,
        0.378081 -0.014310 0.082621,
        0.378139 -0.015517 0.081788,
        0.378181 -0.017064 0.081193,
        0.377687 -0.012086 0.088254,
        0.377770 -0.012150 0.087060,
        0.377890 -0.012514 0.085356,
        0.377986 -0.013159 0.083974,
        0.377320 -0.014135 0.093504,
        0.377356 -0.013606 0.092982,
        0.377430 -0.012883 0.091935,
        0.377525 -0.012359 0.090570,
        0.377217 -0.017021 0.094968,
        0.377259 -0.015418 0.094367,
      ]
    }
    coordIndex [
      1, 2, 0, -1,
      0, 2, 3, -1,
      3, 7, 0, -1,
      0, 7, 6, -1,
      0, 6, 5, -1,
      5, 4, 0, -1,
      0, 4, 11, -1,
      0, 11, 10, -1,
      8, 12, 17, -1,
      15, 14, 8, -1,
      8, 14, 13, -1,
      8, 13, 12, -1,
      10, 9, 0, -1,
      0, 9, 8, -1,
      0, 8, 16, -1,
      16, 8, 17, -1,
    ]
  }
}

Shape {
  appearance Appearance {
    material Material {
      diffuseColor 1.0000 1.0000 1.0000
      specularColor 0.5020 0.5020 0.5020
      ambientIntensity 0.2
      transparency 0.0000
      shininess 0.5
    }
  }
  geometry IndexedFaceSet {
    ccw TRUE
    solid FALSE
    coord DEF co Coordinate {
      point [
        0.378350 -0.008514 0.078764,
        0.377047 -0.001398 0.097401,
        0.377047 0.001181 0.097401,
        0.378350 0.008297 0.078764,
        0.378350 0.005632 0.078764,
        0.378350 -0.005849 0.078764,
        0.377994 0.003726 0.083861,
        0.377994 -0.004054 0.083861,
        0.381774 -0.003289 0.086242,
        0.381922 -0.004054 0.084136,
        0.381774 0.002981 0.086242,
        0.381922 0.003726 0.084136,
        0.381233 -0.000495 0.093988,
        0.380975 -0.001398 0.097676,
        0.382278 -0.008514 0.079038,
        0.382278 -0.005849 0.079038,
        0.381194 -0.000333 0.094544,
        0.381141 -0.000190 0.095294,
        0.380975 0.001181 0.097676,
        0.381141 -0.000132 0.095294,
        0.381196 0.000019 0.094505,
        0.381233 0.000159 0.093988,
        0.382278 0.008297 0.079038,
        0.382278 0.005632 0.079038,
        0.377847 -0.003289 0.085967,
        0.377847 0.002981 0.085967,
        0.377305 0.000159 0.093714,
        0.377214 -0.000132 0.095019,
        0.377269 0.000019 0.094230,
        0.377214 -0.000190 0.095019,
        0.377305 -0.000495 0.093714,
        0.377266 -0.000333 0.094270,
      ]
    }
    coordIndex [
      8, 9, 10, -1,
      10, 9, 11, -1,
      12, 13, 8, -1,
      8, 13, 14, -1,
      8, 14, 9, -1,
      9, 14, 15, -1,
      12, 16, 13, -1,
      13, 16, 17, -1,
      13, 17, 18, -1,
      18, 17, 19, -1,
      18, 19, 20, -1,
      20, 21, 18, -1,
      18, 21, 10, -1,
      18, 10, 22, -1,
      22, 10, 11, -1,
      22, 11, 23, -1,
      18, 22, 2, -1,
      2, 22, 3, -1,
      13, 18, 1, -1,
      1, 18, 2, -1,
      14, 13, 0, -1,
      0, 13, 1, -1,
      15, 14, 5, -1,
      5, 14, 0, -1,
      9, 15, 7, -1,
      7, 15, 5, -1,
      11, 9, 6, -1,
      6, 9, 7, -1,
      23, 11, 4, -1,
      4, 11, 6, -1,
      22, 23, 3, -1,
      3, 23, 4, -1,
      8, 10, 24, -1,
      24, 10, 25, -1,
      10, 21, 25, -1,
      25, 21, 26, -1,
      19, 27, 28, -1,
      19, 28, 20, -1,
      20, 28, 26, -1,
      20, 26, 21, -1,
      19, 17, 27, -1,
      27, 17, 29, -1,
      12, 30, 31, -1,
      12, 31, 16, -1,
      16, 31, 29, -1,
      16, 29, 17, -1,
      12, 8, 30, -1,
      30, 8, 24, -1,
    ]
  }
}

Shape {
  appearance Appearance {
    material Material {
      diffuseColor 0.2510 0.2510 0.2510
      specularColor 0.1255 0.1255 0.1255
      ambientIntensity 0.2
      transparency 0.0000
      shininess 0.5
    }
  }
  geometry IndexedFaceSet {
    ccw TRUE
    solid FALSE
    coord DEF co Coordinate {
      point [
        0.377847 -0.003289 0.085967,
        0.377847 0.002981 0.085967,
        0.377305 0.000159 0.093714,
        0.377214 -0.000132 0.095019,
        0.377269 0.000019 0.094230,
        0.377214 -0.000190 0.095019,
        0.377305 -0.000495 0.093714,
        0.377266 -0.000333 0.094270,
      ]
    }
    coordIndex [
      3, 5, 4, -1,
      4, 5, 7, -1,
      4, 7, 2, -1,
      2, 7, 6, -1,
      2, 6, 1, -1,
      1, 6, 0, -1,
    ]
  }
}

Shape {
  appearance Appearance {
    material Material {
      diffuseColor 1.0000 1.0000 1.0000
      specularColor 0.5020 0.5020 0.5020
      ambientIntensity 0.2
      transparency 0.0000
      shininess 0.5
    }
  }
  geometry IndexedFaceSet {
    ccw TRUE
    solid FALSE
    coord DEF co Coordinate {
      point [
        0.374851 -0.131153 0.128806,
        0.374969 -0.128696 0.127125,
        0.375112 -0.125704 0.125078,
        0.375472 -0.121261 0.119934,
        0.376676 -0.106443 0.102708,
        0.376472 -0.107613 0.105624,
        0.376209 -0.110324 0.109394,
        0.375996 -0.113927 0.112434,
        0.375844 -0.118531 0.114609,
        0.375859 -0.117880 0.114391,
        0.374841 -0.156190 0.128948,
        0.374681 -0.150046 0.131233,
        0.374630 -0.143769 0.131968,
        0.374678 -0.137771 0.131278,
        0.374969 -0.159178 0.127125,
        0.374992 -0.159709 0.126800,
        0.376793 -0.190091 0.101040,
        0.376676 -0.189792 0.102708,
        0.376444 -0.189199 0.106020,
        0.376111 -0.187079 0.110791,
        0.375826 -0.183885 0.114874,
        0.375426 -0.173842 0.120590,
        0.375381 -0.168609 0.121235,
        0.375178 -0.162831 0.124133,
        0.375387 -0.167082 0.121152,
        0.375399 -0.165554 0.120970,
        0.375766 -0.182988 0.115721,
        0.375559 -0.178763 0.118684,
        0.378337 -0.173923 0.078964,
        0.378302 -0.175602 0.079465,
        0.378139 -0.180402 0.081797,
        0.377892 -0.184549 0.085324,
        0.377590 -0.187583 0.089645,
        0.377245 -0.189486 0.094578,
        0.376882 -0.190128 0.099768,
        0.378842 -0.168014 0.071734,
        0.378706 -0.170613 0.073687,
        0.378535 -0.172589 0.076119,
        0.378361 -0.173755 0.078606,
        0.378878 -0.155804 0.071224,
        0.378939 -0.158086 0.070349,
        0.378967 -0.161304 0.069954,
        0.378966 -0.161813 0.069963,
        0.378932 -0.164949 0.070450,
        0.378878 -0.166796 0.071224,
        0.378361 -0.148857 0.078606,
        0.378366 -0.148871 0.078549,
        0.378572 -0.150444 0.075597,
        0.378731 -0.152478 0.073322,
        0.378859 -0.155124 0.071485,
        0.377815 -0.131896 0.086424,
        0.377790 -0.130984 0.086783,
        0.377262 -0.129424 0.094335,
        0.377938 -0.110295 0.084662,
        0.378152 -0.113909 0.081610,
        0.377419 -0.151341 0.092083,
        0.376770 -0.133541 0.101358,
        0.377272 -0.153664 0.094192,
        0.377167 -0.156483 0.095699,
        0.377856 -0.132713 0.085846,
        0.377682 -0.107659 0.088327,
        0.376985 -0.113682 0.098285,
        0.376807 -0.114307 0.100830,
        0.376676 -0.115324 0.102708,
        0.376676 -0.181429 0.102708,
        0.376755 -0.105989 0.101577,
        0.377058 -0.105381 0.097250,
        0.377389 -0.105990 0.092522,
        0.377781 -0.129955 0.086915,
        0.377781 -0.129826 0.086905,
        0.377787 -0.129427 0.086817,
        0.377233 -0.180646 0.094743,
        0.377420 -0.179067 0.092063,
        0.377517 -0.172323 0.090689,
        0.377591 -0.176686 0.089622,
        0.377716 -0.173790 0.087842,
        0.377210 -0.167411 0.095078,
        0.377341 -0.170127 0.093194,
        0.376863 -0.181760 0.100033,
        0.377006 -0.181600 0.097986,
        0.377131 -0.164477 0.096198,
        0.377104 -0.161304 0.096588,
        0.377111 -0.159689 0.096493,
        0.378068 -0.134072 0.082807,
        0.378031 -0.134039 0.083330,
        0.377947 -0.148020 0.084530,
        0.377961 -0.133772 0.084338,
        0.377898 -0.133261 0.085243,
        0.377557 -0.116313 0.090108,
        0.377413 -0.114852 0.092175,
        0.377248 -0.113935 0.094536,
        0.377067 -0.113616 0.097118,
        0.378347 -0.130969 0.078819,
        0.378322 -0.131847 0.079164,
        0.378280 -0.132709 0.079775,
        0.378258 -0.133018 0.080089,
        0.378200 -0.133597 0.080921,
        0.378137 -0.133946 0.081820,
        0.378137 -0.148093 0.081820,
        0.378040 -0.148020 0.083204,
        0.378290 -0.117962 0.079631,
        0.378355 -0.122383 0.078699,
        0.378355 -0.130220 0.078699,
        0.377790 -0.129158 0.086782,
        0.377790 -0.123180 0.086782,
        0.377758 -0.120792 0.087239,
        0.377682 -0.118449 0.088323,
        0.377570 -0.116485 0.089924,
        0.375787 -0.127906 0.115419,
        0.375538 -0.130903 0.118988,
        0.376076 -0.161436 0.111296,
        0.375517 -0.131233 0.119288,
        0.375336 -0.134965 0.121872,
        0.375783 -0.159407 0.115489,
        0.376040 -0.162377 0.111810,
        0.375964 -0.165356 0.112898,
        0.376648 -0.115544 0.103115,
        0.376529 -0.117071 0.104815,
        0.376344 -0.123977 0.107454,
        0.376428 -0.119131 0.106251,
        0.376366 -0.121449 0.107142,
        0.376344 -0.125040 0.107454,
        0.376086 -0.125855 0.111150,
        0.375996 -0.173143 0.112435,
        0.376106 -0.176103 0.110867,
        0.375942 -0.169864 0.113212,
        0.376248 -0.178383 0.108837,
        0.376432 -0.180225 0.106198,
        0.375534 -0.156427 0.119039,
        0.375225 -0.139131 0.123465,
        0.375353 -0.152867 0.121634,
        0.375186 -0.143637 0.124017,
        0.375230 -0.148528 0.123389,
        0.375937 -0.168476 0.113284,
        0.376639 -0.181363 0.103243,
        0.380033 -0.176103 0.111141,
        0.379924 -0.173143 0.112710,
        0.379353 -0.173842 0.120865,
        0.382500 -0.150444 0.075871,
        0.382293 -0.148871 0.078824,
        0.382064 -0.148093 0.082095,
        0.379327 -0.165554 0.121244,
        0.380003 -0.161436 0.111571,
        0.379710 -0.159407 0.115763,
        0.382090 -0.166357 0.081724,
        0.382003 -0.166603 0.082966,
        0.381643 -0.173790 0.088117,
        0.382264 -0.173923 0.079239,
        0.382229 -0.175602 0.079740,
        0.381519 -0.176686 0.089896,
        0.379308 -0.168609 0.121509,
        0.381189 -0.129424 0.094610,
        0.380698 -0.133541 0.101633,
        0.381875 -0.148020 0.084804,
        0.381346 -0.151341 0.092357,
        0.381967 -0.148020 0.083479,
        0.382787 -0.155124 0.071759,
        0.382659 -0.152478 0.073596,
        0.382168 -0.165831 0.080609,
        0.382633 -0.170613 0.073961,
        0.382463 -0.172589 0.076393,
        0.380272 -0.125040 0.107728,
        0.380272 -0.123977 0.107728,
        0.379771 -0.118531 0.114884,
        0.380294 -0.121449 0.107417,
        0.379787 -0.117880 0.114665,
        0.380356 -0.119131 0.106526,
        0.379924 -0.113927 0.112709,
        0.380136 -0.110324 0.109669,
        0.379106 -0.162831 0.124408,
        0.379462 -0.156427 0.119314,
        0.378919 -0.159709 0.127075,
        0.379280 -0.152867 0.121909,
        0.378769 -0.156190 0.129223,
        0.379869 -0.169864 0.113487,
        0.379864 -0.168476 0.113559,
        0.379314 -0.167082 0.121426,
        0.379891 -0.165356 0.113172,
        0.379967 -0.162377 0.112085,
        0.382186 -0.157217 0.080354,
        0.382244 -0.157950 0.079527,
        0.382294 -0.158959 0.078806,
        0.382867 -0.158086 0.070624,
        0.382326 -0.160110 0.078348,
        0.382894 -0.161304 0.070228,
        0.382338 -0.161436 0.078179,
        0.382893 -0.161813 0.070237,
        0.382338 -0.161663 0.078183,
        0.382859 -0.164949 0.070724,
        0.382324 -0.162855 0.078378,
        0.382770 -0.168014 0.072008,
        0.382288 -0.164056 0.078892,
        0.382234 -0.165073 0.079669,
        0.381848 -0.156590 0.085180,
        0.381935 -0.156291 0.083950,
        0.382017 -0.156289 0.082767,
        0.382106 -0.156602 0.081494,
        0.381865 -0.110295 0.084937,
        0.381498 -0.116485 0.090199,
        0.382079 -0.113909 0.081885,
        0.381609 -0.118449 0.088598,
        0.382217 -0.117962 0.079906,
        0.381685 -0.120792 0.087514,
        0.382283 -0.122383 0.078974,
        0.381717 -0.123180 0.087057,
        0.382283 -0.130220 0.078974,
        0.381717 -0.129158 0.087057,
        0.382274 -0.130969 0.079094,
        0.381913 -0.166537 0.084257,
        0.381826 -0.166146 0.085505,
        0.381444 -0.172323 0.090964,
        0.381749 -0.165459 0.086601,
        0.381269 -0.170127 0.093469,
        0.381711 -0.164934 0.087155,
        0.381137 -0.167411 0.095352,
        0.381659 -0.163895 0.087891,
        0.381059 -0.164477 0.096472,
        0.381627 -0.162735 0.088348,
        0.381031 -0.161304 0.096863,
        0.381615 -0.161436 0.088515,
        0.381038 -0.159689 0.096767,
        0.381624 -0.160315 0.088391,
        0.381094 -0.156483 0.095973,
        0.381655 -0.159083 0.087947,
        0.381199 -0.153664 0.094467,
        0.381706 -0.158017 0.087224,
        0.381772 -0.157164 0.086269,
        0.380456 -0.117071 0.105090,
        0.380575 -0.115544 0.103389,
        0.380400 -0.107613 0.105899,
        0.380735 -0.114307 0.101104,
        0.380683 -0.105989 0.101852,
        0.380913 -0.113682 0.098559,
        0.380985 -0.105381 0.097525,
        0.380994 -0.113616 0.097393,
        0.381316 -0.105990 0.092796,
        0.381175 -0.113935 0.094811,
        0.381609 -0.107659 0.088601,
        0.381340 -0.114852 0.092449,
        0.381485 -0.116313 0.090383,
        0.379039 -0.125704 0.125352,
        0.379465 -0.130903 0.119263,
        0.379399 -0.121261 0.120209,
        0.379715 -0.127906 0.115693,
        0.380013 -0.125855 0.111424,
        0.380566 -0.181363 0.103517,
        0.380720 -0.190091 0.101315,
        0.380791 -0.181760 0.100308,
        0.380809 -0.190128 0.100043,
        0.380934 -0.181600 0.098260,
        0.381172 -0.189486 0.094852,
        0.381161 -0.180646 0.095018,
        0.381517 -0.187583 0.089919,
        0.381348 -0.179067 0.092337,
        0.381819 -0.184549 0.085599,
        0.382066 -0.180402 0.082072,
        0.378609 -0.150046 0.131507,
        0.379157 -0.148528 0.123663,
        0.378557 -0.143769 0.132243,
        0.379113 -0.143637 0.124292,
        0.378606 -0.137771 0.131553,
        0.379152 -0.139131 0.123739,
        0.378779 -0.131153 0.129081,
        0.379263 -0.134965 0.122147,
        0.379444 -0.131233 0.119563,
        0.379487 -0.178763 0.118959,
        0.379694 -0.182988 0.115996,
        0.380175 -0.178383 0.109111,
        0.379753 -0.183885 0.115149,
        0.380359 -0.180225 0.106472,
        0.380039 -0.187079 0.111065,
        0.380372 -0.189199 0.106294,
        0.381709 -0.129826 0.087180,
        0.382185 -0.133018 0.080363,
        0.382207 -0.132709 0.080050,
        0.381715 -0.129427 0.087092,
        0.382250 -0.131847 0.079439,
        0.381995 -0.134072 0.083081,
        0.382064 -0.133946 0.082094,
        0.382127 -0.133597 0.081196,
        0.381717 -0.130984 0.087057,
        0.381743 -0.131896 0.086698,
        0.381959 -0.134039 0.083604,
        0.381783 -0.132713 0.086121,
        0.381825 -0.133261 0.085517,
        0.381888 -0.133772 0.084613,
        0.381708 -0.129955 0.087189,
        0.377688 -0.161436 0.088240,
        0.377696 -0.160315 0.088117,
        0.377728 -0.159083 0.087672,
        0.377778 -0.158017 0.086950,
        0.377845 -0.157164 0.085994,
        0.377921 -0.156590 0.084905,
        0.378007 -0.156291 0.083675,
        0.378090 -0.156289 0.082493,
        0.378179 -0.156602 0.081220,
        0.378259 -0.157217 0.080080,
        0.378317 -0.157950 0.079252,
        0.378367 -0.158959 0.078531,
        0.378399 -0.160110 0.078074,
        0.378411 -0.161436 0.077904,
        0.378410 -0.161663 0.077909,
        0.378397 -0.162855 0.078103,
        0.378361 -0.164056 0.078617,
        0.378306 -0.165073 0.079395,
        0.378241 -0.165831 0.080335,
        0.378163 -0.166357 0.081449,
        0.378076 -0.166603 0.082692,
        0.377985 -0.166537 0.083983,
        0.377898 -0.166146 0.085230,
        0.377822 -0.165459 0.086326,
        0.377783 -0.164934 0.086880,
        0.377731 -0.163895 0.087617,
        0.377700 -0.162735 0.088074,
      ]
    }
    coordIndex [
      135, 136, 137, -1,
      138, 139, 140, -1,
      141, 142, 143, -1,
      144, 145, 146, -1,
      147, 146, 148, -1,
      148, 146, 149, -1,
      137, 136, 150, -1,
      151, 152, 153, -1,
      153, 152, 154, -1,
      153, 154, 155, -1,
      155, 154, 156, -1,
      155, 156, 140, -1,
      140, 156, 157, -1,
      140, 157, 138, -1,
      158, 144, 159, -1,
      159, 144, 146, -1,
      159, 146, 160, -1,
      160, 146, 147, -1,
      161, 162, 163, -1,
      163, 162, 164, -1,
      163, 164, 165, -1,
      165, 164, 166, -1,
      165, 166, 167, -1,
      167, 166, 168, -1,
      141, 143, 169, -1,
      169, 143, 170, -1,
      169, 170, 171, -1,
      171, 170, 172, -1,
      171, 172, 173, -1,
      136, 174, 150, -1,
      150, 174, 175, -1,
      150, 175, 176, -1,
      176, 175, 177, -1,
      176, 177, 141, -1,
      141, 177, 178, -1,
      141, 178, 142, -1,
      179, 180, 156, -1,
      156, 180, 181, -1,
      156, 181, 182, -1,
      182, 181, 183, -1,
      182, 183, 184, -1,
      184, 183, 185, -1,
      184, 185, 186, -1,
      186, 185, 187, -1,
      186, 187, 188, -1,
      188, 187, 189, -1,
      188, 189, 190, -1,
      190, 189, 191, -1,
      190, 191, 159, -1,
      159, 191, 192, -1,
      159, 192, 158, -1,
      193, 194, 154, -1,
      154, 194, 195, -1,
      154, 195, 156, -1,
      156, 195, 196, -1,
      156, 196, 179, -1,
      197, 198, 199, -1,
      199, 198, 200, -1,
      199, 200, 201, -1,
      201, 200, 202, -1,
      201, 202, 203, -1,
      203, 202, 204, -1,
      203, 204, 205, -1,
      205, 204, 206, -1,
      205, 206, 207, -1,
      145, 208, 146, -1,
      146, 208, 209, -1,
      146, 209, 210, -1,
      210, 209, 211, -1,
      210, 211, 212, -1,
      212, 211, 213, -1,
      212, 213, 214, -1,
      214, 213, 215, -1,
      214, 215, 216, -1,
      216, 215, 217, -1,
      216, 217, 218, -1,
      218, 217, 219, -1,
      218, 219, 220, -1,
      220, 219, 221, -1,
      220, 221, 222, -1,
      222, 221, 223, -1,
      222, 223, 224, -1,
      224, 223, 225, -1,
      224, 225, 154, -1,
      154, 225, 226, -1,
      154, 226, 193, -1,
      166, 227, 168, -1,
      168, 227, 228, -1,
      168, 228, 229, -1,
      229, 228, 230, -1,
      229, 230, 231, -1,
      231, 230, 232, -1,
      231, 232, 233, -1,
      233, 232, 234, -1,
      233, 234, 235, -1,
      235, 234, 236, -1,
      235, 236, 237, -1,
      237, 236, 238, -1,
      237, 238, 197, -1,
      197, 238, 239, -1,
      197, 239, 198, -1,
      240, 241, 242, -1,
      242, 241, 243, -1,
      242, 243, 163, -1,
      163, 243, 244, -1,
      163, 244, 161, -1,
      245, 246, 247, -1,
      247, 246, 248, -1,
      247, 248, 249, -1,
      249, 248, 250, -1,
      249, 250, 251, -1,
      251, 250, 252, -1,
      251, 252, 253, -1,
      253, 252, 254, -1,
      253, 254, 149, -1,
      149, 254, 255, -1,
      149, 255, 148, -1,
      173, 172, 256, -1,
      256, 172, 257, -1,
      256, 257, 258, -1,
      258, 257, 259, -1,
      258, 259, 260, -1,
      260, 259, 261, -1,
      260, 261, 262, -1,
      262, 261, 263, -1,
      262, 263, 240, -1,
      240, 263, 264, -1,
      240, 264, 241, -1,
      137, 265, 135, -1,
      135, 265, 266, -1,
      135, 266, 267, -1,
      267, 266, 268, -1,
      267, 268, 269, -1,
      269, 268, 270, -1,
      269, 270, 245, -1,
      245, 270, 271, -1,
      245, 271, 246, -1,
      272, 273, 274, -1,
      206, 275, 207, -1,
      207, 275, 272, -1,
      207, 272, 276, -1,
      276, 272, 274, -1,
      277, 278, 272, -1,
      272, 278, 279, -1,
      272, 279, 273, -1,
      280, 281, 282, -1,
      281, 283, 282, -1,
      282, 283, 284, -1,
      282, 284, 285, -1,
      277, 272, 282, -1,
      282, 272, 286, -1,
      282, 286, 280, -1,
      233, 66, 65, -1,
      233, 65, 231, -1,
      231, 65, 4, -1,
      231, 4, 229, -1,
      4, 5, 229, -1,
      229, 5, 6, -1,
      229, 6, 168, -1,
      168, 6, 7, -1,
      168, 7, 167, -1,
      167, 7, 9, -1,
      167, 9, 165, -1,
      165, 9, 8, -1,
      165, 8, 163, -1,
      163, 8, 3, -1,
      163, 3, 242, -1,
      242, 3, 2, -1,
      242, 2, 240, -1,
      240, 2, 262, -1,
      262, 2, 1, -1,
      1, 0, 262, -1,
      262, 0, 13, -1,
      262, 13, 260, -1,
      260, 13, 12, -1,
      260, 12, 258, -1,
      15, 171, 14, -1,
      14, 171, 173, -1,
      14, 173, 10, -1,
      10, 173, 256, -1,
      10, 256, 11, -1,
      11, 256, 258, -1,
      11, 258, 12, -1,
      171, 15, 23, -1,
      171, 23, 169, -1,
      169, 23, 25, -1,
      169, 25, 141, -1,
      141, 25, 24, -1,
      141, 24, 176, -1,
      176, 24, 22, -1,
      176, 22, 150, -1,
      150, 22, 21, -1,
      150, 21, 137, -1,
      137, 21, 27, -1,
      137, 27, 265, -1,
      265, 27, 26, -1,
      265, 26, 266, -1,
      266, 26, 20, -1,
      266, 20, 268, -1,
      34, 248, 246, -1,
      268, 20, 19, -1,
      268, 19, 270, -1,
      270, 19, 18, -1,
      270, 18, 271, -1,
      271, 18, 17, -1,
      271, 17, 246, -1,
      246, 17, 16, -1,
      246, 16, 34, -1,
      248, 34, 33, -1,
      248, 33, 250, -1,
      250, 33, 32, -1,
      250, 32, 252, -1,
      252, 32, 31, -1,
      252, 31, 254, -1,
      254, 31, 30, -1,
      254, 30, 255, -1,
      255, 30, 29, -1,
      255, 29, 148, -1,
      148, 29, 28, -1,
      148, 28, 147, -1,
      147, 28, 38, -1,
      147, 38, 160, -1,
      38, 37, 160, -1,
      160, 37, 36, -1,
      160, 36, 159, -1,
      159, 36, 35, -1,
      159, 35, 190, -1,
      190, 35, 44, -1,
      190, 44, 188, -1,
      44, 43, 188, -1,
      188, 43, 42, -1,
      188, 42, 186, -1,
      186, 42, 41, -1,
      186, 41, 184, -1,
      99, 155, 140, -1,
      184, 41, 40, -1,
      184, 40, 182, -1,
      182, 40, 39, -1,
      182, 39, 156, -1,
      39, 49, 156, -1,
      156, 49, 48, -1,
      156, 48, 157, -1,
      157, 48, 47, -1,
      157, 47, 138, -1,
      138, 47, 46, -1,
      138, 46, 139, -1,
      139, 46, 45, -1,
      139, 45, 140, -1,
      140, 45, 98, -1,
      140, 98, 99, -1,
      153, 155, 85, -1,
      85, 155, 99, -1,
      151, 153, 52, -1,
      52, 153, 85, -1,
      152, 151, 56, -1,
      56, 151, 52, -1,
      154, 152, 55, -1,
      55, 152, 56, -1,
      154, 55, 57, -1,
      154, 57, 224, -1,
      224, 57, 58, -1,
      224, 58, 222, -1,
      222, 58, 82, -1,
      222, 82, 220, -1,
      220, 82, 81, -1,
      220, 81, 218, -1,
      218, 81, 80, -1,
      218, 80, 216, -1,
      216, 80, 76, -1,
      216, 76, 214, -1,
      214, 76, 77, -1,
      214, 77, 212, -1,
      212, 77, 73, -1,
      212, 73, 210, -1,
      210, 73, 75, -1,
      210, 75, 146, -1,
      146, 75, 74, -1,
      146, 74, 149, -1,
      149, 74, 72, -1,
      149, 72, 253, -1,
      253, 72, 71, -1,
      253, 71, 251, -1,
      251, 71, 79, -1,
      251, 79, 249, -1,
      249, 79, 78, -1,
      249, 78, 247, -1,
      78, 64, 247, -1,
      247, 64, 245, -1,
      64, 134, 245, -1,
      245, 134, 127, -1,
      245, 127, 269, -1,
      269, 127, 126, -1,
      269, 126, 267, -1,
      267, 126, 124, -1,
      267, 124, 135, -1,
      135, 124, 123, -1,
      135, 123, 136, -1,
      136, 123, 125, -1,
      136, 125, 174, -1,
      174, 125, 133, -1,
      174, 133, 175, -1,
      175, 133, 115, -1,
      175, 115, 177, -1,
      177, 115, 114, -1,
      177, 114, 178, -1,
      178, 114, 110, -1,
      178, 110, 142, -1,
      142, 110, 113, -1,
      142, 113, 143, -1,
      143, 113, 128, -1,
      143, 128, 170, -1,
      170, 128, 130, -1,
      170, 130, 172, -1,
      172, 130, 132, -1,
      172, 132, 257, -1,
      257, 132, 131, -1,
      257, 131, 259, -1,
      259, 131, 129, -1,
      259, 129, 261, -1,
      261, 129, 112, -1,
      261, 112, 263, -1,
      263, 112, 111, -1,
      263, 111, 264, -1,
      264, 111, 109, -1,
      264, 109, 241, -1,
      241, 109, 108, -1,
      241, 108, 243, -1,
      243, 108, 122, -1,
      243, 122, 244, -1,
      244, 122, 121, -1,
      244, 121, 161, -1,
      162, 161, 118, -1,
      118, 161, 121, -1,
      162, 118, 120, -1,
      162, 120, 164, -1,
      164, 120, 119, -1,
      164, 119, 166, -1,
      166, 119, 117, -1,
      166, 117, 227, -1,
      227, 117, 116, -1,
      227, 116, 228, -1,
      228, 116, 63, -1,
      228, 63, 230, -1,
      63, 62, 230, -1,
      230, 62, 61, -1,
      230, 61, 232, -1,
      232, 61, 91, -1,
      232, 91, 234, -1,
      234, 91, 90, -1,
      234, 90, 236, -1,
      236, 90, 89, -1,
      236, 89, 238, -1,
      238, 89, 88, -1,
      238, 88, 239, -1,
      239, 88, 107, -1,
      239, 107, 198, -1,
      198, 107, 106, -1,
      198, 106, 200, -1,
      200, 106, 105, -1,
      200, 105, 202, -1,
      202, 105, 104, -1,
      202, 104, 204, -1,
      206, 204, 103, -1,
      103, 204, 104, -1,
      206, 103, 70, -1,
      206, 70, 275, -1,
      275, 70, 69, -1,
      275, 69, 272, -1,
      272, 69, 68, -1,
      272, 68, 286, -1,
      286, 68, 51, -1,
      286, 51, 280, -1,
      280, 51, 50, -1,
      280, 50, 281, -1,
      281, 50, 59, -1,
      281, 59, 283, -1,
      283, 59, 87, -1,
      283, 87, 284, -1,
      284, 87, 86, -1,
      284, 86, 285, -1,
      285, 86, 84, -1,
      285, 84, 282, -1,
      282, 84, 83, -1,
      282, 83, 277, -1,
      277, 83, 97, -1,
      277, 97, 278, -1,
      278, 97, 96, -1,
      278, 96, 279, -1,
      279, 96, 95, -1,
      279, 95, 273, -1,
      273, 95, 94, -1,
      273, 94, 274, -1,
      274, 94, 93, -1,
      274, 93, 276, -1,
      276, 93, 92, -1,
      276, 92, 207, -1,
      207, 92, 102, -1,
      207, 102, 205, -1,
      203, 205, 101, -1,
      101, 205, 102, -1,
      203, 101, 100, -1,
      203, 100, 201, -1,
      201, 100, 54, -1,
      201, 54, 199, -1,
      199, 54, 53, -1,
      199, 53, 197, -1,
      197, 53, 60, -1,
      197, 60, 237, -1,
      237, 60, 67, -1,
      237, 67, 235, -1,
      235, 67, 66, -1,
      235, 66, 233, -1,
      219, 287, 288, -1,
      219, 288, 221, -1,
      221, 288, 289, -1,
      221, 289, 223, -1,
      223, 289, 290, -1,
      223, 290, 225, -1,
      225, 290, 291, -1,
      225, 291, 226, -1,
      226, 291, 292, -1,
      226, 292, 193, -1,
      193, 292, 293, -1,
      193, 293, 194, -1,
      194, 293, 294, -1,
      194, 294, 195, -1,
      195, 294, 295, -1,
      195, 295, 196, -1,
      196, 295, 296, -1,
      196, 296, 179, -1,
      179, 296, 297, -1,
      179, 297, 180, -1,
      180, 297, 298, -1,
      180, 298, 181, -1,
      181, 298, 299, -1,
      181, 299, 183, -1,
      183, 299, 300, -1,
      183, 300, 185, -1,
      185, 300, 301, -1,
      185, 301, 187, -1,
      187, 301, 302, -1,
      187, 302, 189, -1,
      189, 302, 303, -1,
      189, 303, 191, -1,
      191, 303, 304, -1,
      191, 304, 192, -1,
      192, 304, 305, -1,
      192, 305, 158, -1,
      158, 305, 306, -1,
      158, 306, 144, -1,
      144, 306, 307, -1,
      144, 307, 145, -1,
      145, 307, 308, -1,
      145, 308, 208, -1,
      208, 308, 309, -1,
      208, 309, 209, -1,
      209, 309, 310, -1,
      209, 310, 211, -1,
      211, 310, 311, -1,
      211, 311, 213, -1,
      213, 311, 312, -1,
      213, 312, 215, -1,
      215, 312, 313, -1,
      215, 313, 217, -1,
      217, 313, 287, -1,
      217, 287, 219, -1,
    ]
  }
}

Shape {
  appearance Appearance {
    material Material {
      diffuseColor 0.2510 0.2510 0.2510
      specularColor 0.1255 0.1255 0.1255
      ambientIntensity 0.2
      transparency 0.0000
      shininess 0.5
    }
  }
  geometry IndexedFaceSet {
    ccw TRUE
    solid FALSE
    coord DEF co Coordinate {
      point [
        0.377688 -0.161436 0.088240,
        0.377696 -0.160315 0.088117,
        0.377728 -0.159083 0.087672,
        0.377778 -0.158017 0.086950,
        0.377845 -0.157164 0.085994,
        0.377921 -0.156590 0.084905,
        0.378007 -0.156291 0.083675,
        0.378090 -0.156289 0.082493,
        0.378179 -0.156602 0.081220,
        0.378259 -0.157217 0.080080,
        0.378317 -0.157950 0.079252,
        0.378367 -0.158959 0.078531,
        0.378399 -0.160110 0.078074,
        0.378411 -0.161436 0.077904,
        0.378410 -0.161663 0.077909,
        0.378397 -0.162855 0.078103,
        0.378361 -0.164056 0.078617,
        0.378306 -0.165073 0.079395,
        0.378241 -0.165831 0.080335,
        0.378163 -0.166357 0.081449,
        0.378076 -0.166603 0.082692,
        0.377985 -0.166537 0.083983,
        0.377898 -0.166146 0.085230,
        0.377822 -0.165459 0.086326,
        0.377783 -0.164934 0.086880,
        0.377731 -0.163895 0.087617,
        0.377700 -0.162735 0.088074,
      ]
    }
    coordIndex [
      14, 24, 23, -1,
      12, 11, 1, -1,
      0, 26, 14, -1,
      14, 26, 25, -1,
      14, 25, 24, -1,
      19, 18, 23, -1,
      23, 18, 17, -1,
      0, 14, 1, -1,
      1, 14, 13, -1,
      1, 13, 12, -1,
      22, 21, 23, -1,
      23, 21, 20, -1,
      23, 20, 19, -1,
      17, 16, 23, -1,
      23, 16, 15, -1,
      23, 15, 14, -1,
      11, 10, 1, -1,
      1, 10, 9, -1,
      1, 9, 8, -1,
      8, 7, 1, -1,
      1, 7, 6, -1,
      1, 6, 5, -1,
      5, 4, 1, -1,
      1, 4, 3, -1,
      1, 3, 2, -1,
    ]
  }
}
