#VRML V2.0 utf8

Shape {
  appearance Appearance {
    material Material {
      diffuseColor 0.9686 0.8784 0.6000
      specularColor 0.6784 0.6157 0.4196
      ambientIntensity 0.2
      transparency 0.0000
      shininess 0.5
    }
  }
  geometry IndexedFaceSet {
    ccw TRUE
    solid FALSE
    coord DEF co Coordinate {
      point [
        -0.068898 0.433071 0.078740,
        -0.127953 0.433071 0.078740,
        -0.068898 0.433071 0.000000,
        -0.127953 0.433071 0.000000,
        -0.065057 0.433449 0.000000,
        -0.065057 0.433449 0.078740,
        -0.061365 0.434569 0.000000,
        -0.061365 0.434569 0.078740,
        -0.057961 0.436388 0.000000,
        -0.057961 0.436388 0.078740,
        -0.054978 0.438837 0.000000,
        -0.054978 0.438837 0.078740,
        -0.052530 0.441819 0.000000,
        -0.052530 0.441819 0.078740,
        -0.050711 0.445223 0.000000,
        -0.050711 0.445223 0.078740,
        -0.049591 0.448915 0.000000,
        -0.049591 0.448915 0.078740,
        -0.049213 0.452756 0.000000,
        -0.049213 0.452756 0.078740,
        -0.049213 0.531496 0.078740,
        -0.049213 0.531496 0.000000,
        -0.049591 0.535336 0.000000,
        -0.049591 0.535336 0.078740,
        -0.050711 0.539029 0.000000,
        -0.050711 0.539029 0.078740,
        -0.052530 0.542433 0.000000,
        -0.052530 0.542433 0.078740,
        -0.054978 0.545415 0.000000,
        -0.054978 0.545415 0.078740,
        -0.057961 0.547863 0.000000,
        -0.057961 0.547863 0.078740,
        -0.061365 0.549683 0.000000,
        -0.061365 0.549683 0.078740,
        -0.065057 0.550803 0.000000,
        -0.065057 0.550803 0.078740,
        -0.068898 0.551181 0.000000,
        -0.068898 0.551181 0.078740,
        -0.127953 0.551181 0.078740,
        -0.127953 0.551181 0.000000,
        -0.131793 0.550803 0.000000,
        -0.131793 0.550803 0.078740,
        -0.135486 0.549683 0.000000,
        -0.135486 0.549683 0.078740,
        -0.138889 0.547863 0.000000,
        -0.138889 0.547863 0.078740,
        -0.141872 0.545415 0.000000,
        -0.141872 0.545415 0.078740,
        -0.144320 0.542433 0.000000,
        -0.144320 0.542433 0.078740,
        -0.146139 0.539029 0.000000,
        -0.146139 0.539029 0.078740,
        -0.147259 0.535336 0.000000,
        -0.147259 0.535336 0.078740,
        -0.147638 0.531496 0.000000,
        -0.147638 0.531496 0.078740,
        -0.147638 0.452756 0.078740,
        -0.147638 0.452756 0.000000,
        -0.147259 0.448915 0.000000,
        -0.147259 0.448915 0.078740,
        -0.146139 0.445223 0.000000,
        -0.146139 0.445223 0.078740,
        -0.144320 0.441819 0.000000,
        -0.144320 0.441819 0.078740,
        -0.141872 0.438837 0.000000,
        -0.141872 0.438837 0.078740,
        -0.138889 0.436388 0.000000,
        -0.138889 0.436388 0.078740,
        -0.135486 0.434569 0.000000,
        -0.135486 0.434569 0.078740,
        -0.131793 0.433449 0.000000,
        -0.131793 0.433449 0.078740,
        0.501969 -0.275591 0.078740,
        -0.501969 -0.275591 0.078740,
        0.501969 -0.275591 0.000000,
        -0.501969 -0.275591 0.000000,
        0.501969 0.255906 0.078740,
        0.501969 0.255906 0.000000,
        0.482283 0.275591 0.078740,
        0.482283 0.275591 0.000000,
        -0.501969 0.275591 0.078740,
        -0.501969 0.275591 0.000000,
        0.521654 0.433071 0.078740,
        0.521654 0.433071 0.000000,
        0.525494 0.433449 0.000000,
        0.525494 0.433449 0.078740,
        0.529187 0.434569 0.000000,
        0.529187 0.434569 0.078740,
        0.532590 0.436388 0.000000,
        0.532590 0.436388 0.078740,
        0.535573 0.438837 0.000000,
        0.535573 0.438837 0.078740,
        0.538021 0.441819 0.000000,
        0.538021 0.441819 0.078740,
        0.539840 0.445223 0.000000,
        0.539840 0.445223 0.078740,
        0.540960 0.448915 0.000000,
        0.540960 0.448915 0.078740,
        0.541339 0.452756 0.000000,
        0.541339 0.452756 0.078740,
        0.541339 0.531496 0.078740,
        0.541339 0.531496 0.000000,
        0.540960 0.535336 0.000000,
        0.540960 0.535336 0.078740,
        0.539840 0.539029 0.000000,
        0.539840 0.539029 0.078740,
        0.538021 0.542433 0.000000,
        0.538021 0.542433 0.078740,
        0.535573 0.545415 0.000000,
        0.535573 0.545415 0.078740,
        0.532590 0.547863 0.000000,
        0.532590 0.547863 0.078740,
        0.529187 0.549683 0.000000,
        0.529187 0.549683 0.078740,
        0.525494 0.550803 0.000000,
        0.525494 0.550803 0.078740,
        0.521654 0.551181 0.000000,
        0.521654 0.551181 0.078740,
        0.462598 0.551181 0.078740,
        0.462598 0.551181 0.000000,
        0.458758 0.550803 0.000000,
        0.458758 0.550803 0.078740,
        0.455065 0.549683 0.000000,
        0.455065 0.549683 0.078740,
        0.451662 0.547863 0.000000,
        0.451662 0.547863 0.078740,
        0.448679 0.545415 0.000000,
        0.448679 0.545415 0.078740,
        0.446231 0.542433 0.000000,
        0.446231 0.542433 0.078740,
        0.444412 0.539029 0.000000,
        0.444412 0.539029 0.078740,
        0.443292 0.535336 0.000000,
        0.443292 0.535336 0.078740,
        0.442913 0.531496 0.000000,
        0.442913 0.531496 0.078740,
        0.442913 0.452756 0.078740,
        0.442913 0.452756 0.000000,
        0.443292 0.448915 0.000000,
        0.443292 0.448915 0.078740,
        0.444412 0.445223 0.000000,
        0.444412 0.445223 0.078740,
        0.446231 0.441819 0.000000,
        0.446231 0.441819 0.078740,
        0.448679 0.438837 0.000000,
        0.448679 0.438837 0.078740,
        0.451662 0.436388 0.000000,
        0.451662 0.436388 0.078740,
        0.455065 0.434569 0.000000,
        0.455065 0.434569 0.078740,
        0.458758 0.433449 0.000000,
        0.458758 0.433449 0.078740,
        0.462598 0.433071 0.000000,
        0.462598 0.433071 0.078740,
        0.127953 -0.551181 0.078740,
        0.127953 -0.551181 0.000000,
        0.131793 -0.550803 0.000000,
        0.131793 -0.550803 0.078740,
        0.135486 -0.549683 0.000000,
        0.135486 -0.549683 0.078740,
        0.138889 -0.547863 0.000000,
        0.138889 -0.547863 0.078740,
        0.141872 -0.545415 0.000000,
        0.141872 -0.545415 0.078740,
        0.144320 -0.542433 0.000000,
        0.144320 -0.542433 0.078740,
        0.146139 -0.539029 0.000000,
        0.146139 -0.539029 0.078740,
        0.147259 -0.535336 0.000000,
        0.147259 -0.535336 0.078740,
        0.147638 -0.531496 0.000000,
        0.147638 -0.531496 0.078740,
        0.147638 -0.452756 0.078740,
        0.147638 -0.452756 0.000000,
        0.147259 -0.448915 0.000000,
        0.147259 -0.448915 0.078740,
        0.146139 -0.445223 0.000000,
        0.146139 -0.445223 0.078740,
        0.144320 -0.441819 0.000000,
        0.144320 -0.441819 0.078740,
        0.141872 -0.438837 0.000000,
        0.141872 -0.438837 0.078740,
        0.138889 -0.436388 0.000000,
        0.138889 -0.436388 0.078740,
        0.135486 -0.434569 0.000000,
        0.135486 -0.434569 0.078740,
        0.131793 -0.433449 0.000000,
        0.131793 -0.433449 0.078740,
        0.127953 -0.433071 0.000000,
        0.127953 -0.433071 0.078740,
        0.068898 -0.433071 0.078740,
        0.068898 -0.433071 0.000000,
        0.065057 -0.433449 0.000000,
        0.065057 -0.433449 0.078740,
        0.061365 -0.434569 0.000000,
        0.061365 -0.434569 0.078740,
        0.057961 -0.436388 0.000000,
        0.057961 -0.436388 0.078740,
        0.054978 -0.438837 0.000000,
        0.054978 -0.438837 0.078740,
        0.052530 -0.441819 0.000000,
        0.052530 -0.441819 0.078740,
        0.050711 -0.445223 0.000000,
        0.050711 -0.445223 0.078740,
        0.049591 -0.448915 0.000000,
        0.049591 -0.448915 0.078740,
        0.049213 -0.452756 0.000000,
        0.049213 -0.452756 0.078740,
        0.049213 -0.531496 0.078740,
        0.049213 -0.531496 0.000000,
        0.049591 -0.535336 0.000000,
        0.049591 -0.535336 0.078740,
        0.050711 -0.539029 0.000000,
        0.050711 -0.539029 0.078740,
        0.052530 -0.542433 0.000000,
        0.052530 -0.542433 0.078740,
        0.054978 -0.545415 0.000000,
        0.054978 -0.545415 0.078740,
        0.057961 -0.547863 0.000000,
        0.057961 -0.547863 0.078740,
        0.061365 -0.549683 0.000000,
        0.061365 -0.549683 0.078740,
        0.065057 -0.550803 0.000000,
        0.065057 -0.550803 0.078740,
        0.068898 -0.551181 0.000000,
        0.068898 -0.551181 0.078740,
        -0.265748 0.433071 0.078740,
        -0.324803 0.433071 0.078740,
        -0.265748 0.433071 0.000000,
        -0.324803 0.433071 0.000000,
        -0.261907 0.433449 0.000000,
        -0.261907 0.433449 0.078740,
        -0.258215 0.434569 0.000000,
        -0.258215 0.434569 0.078740,
        -0.254812 0.436388 0.000000,
        -0.254812 0.436388 0.078740,
        -0.251829 0.438837 0.000000,
        -0.251829 0.438837 0.078740,
        -0.249381 0.441819 0.000000,
        -0.249381 0.441819 0.078740,
        -0.247561 0.445223 0.000000,
        -0.247561 0.445223 0.078740,
        -0.246441 0.448915 0.000000,
        -0.246441 0.448915 0.078740,
        -0.246063 0.452756 0.000000,
        -0.246063 0.452756 0.078740,
        -0.246063 0.531496 0.078740,
        -0.246063 0.531496 0.000000,
        -0.246441 0.535336 0.000000,
        -0.246441 0.535336 0.078740,
        -0.247561 0.539029 0.000000,
        -0.247561 0.539029 0.078740,
        -0.249381 0.542433 0.000000,
        -0.249381 0.542433 0.078740,
        -0.251829 0.545415 0.000000,
        -0.251829 0.545415 0.078740,
        -0.254812 0.547863 0.000000,
        -0.254812 0.547863 0.078740,
        -0.258215 0.549683 0.000000,
        -0.258215 0.549683 0.078740,
        -0.261907 0.550803 0.000000,
        -0.261907 0.550803 0.078740,
        -0.265748 0.551181 0.000000,
        -0.265748 0.551181 0.078740,
        -0.324803 0.551181 0.078740,
        -0.324803 0.551181 0.000000,
        -0.328643 0.550803 0.000000,
        -0.328643 0.550803 0.078740,
        -0.332336 0.549683 0.000000,
        -0.332336 0.549683 0.078740,
        -0.335739 0.547863 0.000000,
        -0.335739 0.547863 0.078740,
        -0.338722 0.545415 0.000000,
        -0.338722 0.545415 0.078740,
        -0.341170 0.542433 0.000000,
        -0.341170 0.542433 0.078740,
        -0.342990 0.539029 0.000000,
        -0.342990 0.539029 0.078740,
        -0.344110 0.535336 0.000000,
        -0.344110 0.535336 0.078740,
        -0.344488 0.531496 0.000000,
        -0.344488 0.531496 0.078740,
        -0.344488 0.452756 0.078740,
        -0.344488 0.452756 0.000000,
        -0.344110 0.448915 0.000000,
        -0.344110 0.448915 0.078740,
        -0.342990 0.445223 0.000000,
        -0.342990 0.445223 0.078740,
        -0.341170 0.441819 0.000000,
        -0.341170 0.441819 0.078740,
        -0.338722 0.438837 0.000000,
        -0.338722 0.438837 0.078740,
        -0.335739 0.436388 0.000000,
        -0.335739 0.436388 0.078740,
        -0.332336 0.434569 0.000000,
        -0.332336 0.434569 0.078740,
        -0.328643 0.433449 0.000000,
        -0.328643 0.433449 0.078740,
        -0.324803 -0.433071 0.078740,
        -0.265748 -0.433071 0.078740,
        -0.324803 -0.433071 0.000000,
        -0.265748 -0.433071 0.000000,
        -0.328643 -0.433449 0.000000,
        -0.328643 -0.433449 0.078740,
        -0.332336 -0.434569 0.000000,
        -0.332336 -0.434569 0.078740,
        -0.335739 -0.436388 0.000000,
        -0.335739 -0.436388 0.078740,
        -0.338722 -0.438837 0.000000,
        -0.338722 -0.438837 0.078740,
        -0.341170 -0.441819 0.000000,
        -0.341170 -0.441819 0.078740,
        -0.342990 -0.445223 0.000000,
        -0.342990 -0.445223 0.078740,
        -0.344110 -0.448915 0.000000,
        -0.344110 -0.448915 0.078740,
        -0.344488 -0.452756 0.000000,
        -0.344488 -0.452756 0.078740,
        -0.344488 -0.531496 0.078740,
        -0.344488 -0.531496 0.000000,
        -0.344110 -0.535336 0.000000,
        -0.344110 -0.535336 0.078740,
        -0.342990 -0.539029 0.000000,
        -0.342990 -0.539029 0.078740,
        -0.341170 -0.542433 0.000000,
        -0.341170 -0.542433 0.078740,
        -0.338722 -0.545415 0.000000,
        -0.338722 -0.545415 0.078740,
        -0.335739 -0.547863 0.000000,
        -0.335739 -0.547863 0.078740,
        -0.332336 -0.549683 0.000000,
        -0.332336 -0.549683 0.078740,
        -0.328643 -0.550803 0.000000,
        -0.328643 -0.550803 0.078740,
        -0.324803 -0.551181 0.000000,
        -0.324803 -0.551181 0.078740,
        -0.265748 -0.551181 0.078740,
        -0.265748 -0.551181 0.000000,
        -0.261907 -0.550803 0.000000,
        -0.261907 -0.550803 0.078740,
        -0.258215 -0.549683 0.000000,
        -0.258215 -0.549683 0.078740,
        -0.254812 -0.547863 0.000000,
        -0.254812 -0.547863 0.078740,
        -0.251829 -0.545415 0.000000,
        -0.251829 -0.545415 0.078740,
        -0.249381 -0.542433 0.000000,
        -0.249381 -0.542433 0.078740,
        -0.247561 -0.539029 0.000000,
        -0.247561 -0.539029 0.078740,
        -0.246441 -0.535336 0.000000,
        -0.246441 -0.535336 0.078740,
        -0.246063 -0.531496 0.000000,
        -0.246063 -0.531496 0.078740,
        -0.246063 -0.452756 0.078740,
        -0.246063 -0.452756 0.000000,
        -0.246441 -0.448915 0.000000,
        -0.246441 -0.448915 0.078740,
        -0.247561 -0.445223 0.000000,
        -0.247561 -0.445223 0.078740,
        -0.249381 -0.441819 0.000000,
        -0.249381 -0.441819 0.078740,
        -0.251829 -0.438837 0.000000,
        -0.251829 -0.438837 0.078740,
        -0.254812 -0.436388 0.000000,
        -0.254812 -0.436388 0.078740,
        -0.258215 -0.434569 0.000000,
        -0.258215 -0.434569 0.078740,
        -0.261907 -0.433449 0.000000,
        -0.261907 -0.433449 0.078740,
        0.324803 0.433071 0.078740,
        0.265748 0.433071 0.078740,
        0.324803 0.433071 0.000000,
        0.265748 0.433071 0.000000,
        0.328643 0.433449 0.000000,
        0.328643 0.433449 0.078740,
        0.332336 0.434569 0.000000,
        0.332336 0.434569 0.078740,
        0.335739 0.436388 0.000000,
        0.335739 0.436388 0.078740,
        0.338722 0.438837 0.000000,
        0.338722 0.438837 0.078740,
        0.341170 0.441819 0.000000,
        0.341170 0.441819 0.078740,
        0.342990 0.445223 0.000000,
        0.342990 0.445223 0.078740,
        0.344110 0.448915 0.000000,
        0.344110 0.448915 0.078740,
        0.344488 0.452756 0.000000,
        0.344488 0.452756 0.078740,
        0.344488 0.531496 0.078740,
        0.344488 0.531496 0.000000,
        0.344110 0.535336 0.000000,
        0.344110 0.535336 0.078740,
        0.342990 0.539029 0.000000,
        0.342990 0.539029 0.078740,
        0.341170 0.542433 0.000000,
        0.341170 0.542433 0.078740,
        0.338722 0.545415 0.000000,
        0.338722 0.545415 0.078740,
        0.335739 0.547863 0.000000,
        0.335739 0.547863 0.078740,
        0.332336 0.549683 0.000000,
        0.332336 0.549683 0.078740,
        0.328643 0.550803 0.000000,
        0.328643 0.550803 0.078740,
        0.324803 0.551181 0.000000,
        0.324803 0.551181 0.078740,
        0.265748 0.551181 0.078740,
        0.265748 0.551181 0.000000,
        0.261907 0.550803 0.000000,
        0.261907 0.550803 0.078740,
        0.258215 0.549683 0.000000,
        0.258215 0.549683 0.078740,
        0.254812 0.547863 0.000000,
        0.254812 0.547863 0.078740,
        0.251829 0.545415 0.000000,
        0.251829 0.545415 0.078740,
        0.249381 0.542433 0.000000,
        0.249381 0.542433 0.078740,
        0.247561 0.539029 0.000000,
        0.247561 0.539029 0.078740,
        0.246441 0.535336 0.000000,
        0.246441 0.535336 0.078740,
        0.246063 0.531496 0.000000,
        0.246063 0.531496 0.078740,
        0.246063 0.452756 0.078740,
        0.246063 0.452756 0.000000,
        0.246441 0.448915 0.000000,
        0.246441 0.448915 0.078740,
        0.247561 0.445223 0.000000,
        0.247561 0.445223 0.078740,
        0.249381 0.441819 0.000000,
        0.249381 0.441819 0.078740,
        0.251829 0.438837 0.000000,
        0.251829 0.438837 0.078740,
        0.254812 0.436388 0.000000,
        0.254812 0.436388 0.078740,
        0.258215 0.434569 0.000000,
        0.258215 0.434569 0.078740,
        0.261907 0.433449 0.000000,
        0.261907 0.433449 0.078740,
        -0.068898 -0.551181 0.078740,
        -0.068898 -0.551181 0.000000,
        -0.065057 -0.550803 0.000000,
        -0.065057 -0.550803 0.078740,
        -0.061365 -0.549683 0.000000,
        -0.061365 -0.549683 0.078740,
        -0.057961 -0.547863 0.000000,
        -0.057961 -0.547863 0.078740,
        -0.054978 -0.545415 0.000000,
        -0.054978 -0.545415 0.078740,
        -0.052530 -0.542433 0.000000,
        -0.052530 -0.542433 0.078740,
        -0.050711 -0.539029 0.000000,
        -0.050711 -0.539029 0.078740,
        -0.049591 -0.535336 0.000000,
        -0.049591 -0.535336 0.078740,
        -0.049213 -0.531496 0.000000,
        -0.049213 -0.531496 0.078740,
        -0.049213 -0.452756 0.078740,
        -0.049213 -0.452756 0.000000,
        -0.049591 -0.448915 0.000000,
        -0.049591 -0.448915 0.078740,
        -0.050711 -0.445223 0.000000,
        -0.050711 -0.445223 0.078740,
        -0.052530 -0.441819 0.000000,
        -0.052530 -0.441819 0.078740,
        -0.054978 -0.438837 0.000000,
        -0.054978 -0.438837 0.078740,
        -0.057961 -0.436388 0.000000,
        -0.057961 -0.436388 0.078740,
        -0.061365 -0.434569 0.000000,
        -0.061365 -0.434569 0.078740,
        -0.065057 -0.433449 0.000000,
        -0.065057 -0.433449 0.078740,
        -0.068898 -0.433071 0.000000,
        -0.068898 -0.433071 0.078740,
        -0.127953 -0.433071 0.078740,
        -0.127953 -0.433071 0.000000,
        -0.131793 -0.433449 0.000000,
        -0.131793 -0.433449 0.078740,
        -0.135486 -0.434569 0.000000,
        -0.135486 -0.434569 0.078740,
        -0.138889 -0.436388 0.000000,
        -0.138889 -0.436388 0.078740,
        -0.141872 -0.438837 0.000000,
        -0.141872 -0.438837 0.078740,
        -0.144320 -0.441819 0.000000,
        -0.144320 -0.441819 0.078740,
        -0.146139 -0.445223 0.000000,
        -0.146139 -0.445223 0.078740,
        -0.147259 -0.448915 0.000000,
        -0.147259 -0.448915 0.078740,
        -0.147638 -0.452756 0.000000,
        -0.147638 -0.452756 0.078740,
        -0.147638 -0.531496 0.078740,
        -0.147638 -0.531496 0.000000,
        -0.147259 -0.535336 0.000000,
        -0.147259 -0.535336 0.078740,
        -0.146139 -0.539029 0.000000,
        -0.146139 -0.539029 0.078740,
        -0.144320 -0.542433 0.000000,
        -0.144320 -0.542433 0.078740,
        -0.141872 -0.545415 0.000000,
        -0.141872 -0.545415 0.078740,
        -0.138889 -0.547863 0.000000,
        -0.138889 -0.547863 0.078740,
        -0.135486 -0.549683 0.000000,
        -0.135486 -0.549683 0.078740,
        -0.131793 -0.550803 0.000000,
        -0.131793 -0.550803 0.078740,
        -0.127953 -0.551181 0.000000,
        -0.127953 -0.551181 0.078740,
        -0.462598 0.433071 0.078740,
        -0.521654 0.433071 0.078740,
        -0.462598 0.433071 0.000000,
        -0.521654 0.433071 0.000000,
        -0.458758 0.433449 0.000000,
        -0.458758 0.433449 0.078740,
        -0.455065 0.434569 0.000000,
        -0.455065 0.434569 0.078740,
        -0.451662 0.436388 0.000000,
        -0.451662 0.436388 0.078740,
        -0.448679 0.438837 0.000000,
        -0.448679 0.438837 0.078740,
        -0.446231 0.441819 0.000000,
        -0.446231 0.441819 0.078740,
        -0.444412 0.445223 0.000000,
        -0.444412 0.445223 0.078740,
        -0.443292 0.448915 0.000000,
        -0.443292 0.448915 0.078740,
        -0.442913 0.452756 0.000000,
        -0.442913 0.452756 0.078740,
        -0.442913 0.531496 0.078740,
        -0.442913 0.531496 0.000000,
        -0.443292 0.535336 0.000000,
        -0.443292 0.535336 0.078740,
        -0.444412 0.539029 0.000000,
        -0.444412 0.539029 0.078740,
        -0.446231 0.542433 0.000000,
        -0.446231 0.542433 0.078740,
        -0.448679 0.545415 0.000000,
        -0.448679 0.545415 0.078740,
        -0.451662 0.547863 0.000000,
        -0.451662 0.547863 0.078740,
        -0.455065 0.549683 0.000000,
        -0.455065 0.549683 0.078740,
        -0.458758 0.550803 0.000000,
        -0.458758 0.550803 0.078740,
        -0.462598 0.551181 0.000000,
        -0.462598 0.551181 0.078740,
        -0.521654 0.551181 0.078740,
        -0.521654 0.551181 0.000000,
        -0.525494 0.550803 0.000000,
        -0.525494 0.550803 0.078740,
        -0.529187 0.549683 0.000000,
        -0.529187 0.549683 0.078740,
        -0.532590 0.547863 0.000000,
        -0.532590 0.547863 0.078740,
        -0.535573 0.545415 0.000000,
        -0.535573 0.545415 0.078740,
        -0.538021 0.542433 0.000000,
        -0.538021 0.542433 0.078740,
        -0.539840 0.539029 0.000000,
        -0.539840 0.539029 0.078740,
        -0.540960 0.535336 0.000000,
        -0.540960 0.535336 0.078740,
        -0.541339 0.531496 0.000000,
        -0.541339 0.531496 0.078740,
        -0.541339 0.452756 0.078740,
        -0.541339 0.452756 0.000000,
        -0.540960 0.448915 0.000000,
        -0.540960 0.448915 0.078740,
        -0.539840 0.445223 0.000000,
        -0.539840 0.445223 0.078740,
        -0.538021 0.441819 0.000000,
        -0.538021 0.441819 0.078740,
        -0.535573 0.438837 0.000000,
        -0.535573 0.438837 0.078740,
        -0.532590 0.436388 0.000000,
        -0.532590 0.436388 0.078740,
        -0.529187 0.434569 0.000000,
        -0.529187 0.434569 0.078740,
        -0.525494 0.433449 0.000000,
        -0.525494 0.433449 0.078740,
      ]
    }
    coordIndex [
      0, 1, 2, -1,
      2, 1, 3, -1,
      0, 2, 4, -1,
      0, 4, 5, -1,
      5, 4, 6, -1,
      5, 6, 7, -1,
      7, 6, 8, -1,
      7, 8, 9, -1,
      9, 8, 10, -1,
      9, 10, 11, -1,
      11, 10, 12, -1,
      11, 12, 13, -1,
      13, 12, 14, -1,
      13, 14, 15, -1,
      15, 14, 16, -1,
      15, 16, 17, -1,
      17, 16, 18, -1,
      17, 18, 19, -1,
      20, 19, 21, -1,
      21, 19, 18, -1,
      20, 21, 22, -1,
      20, 22, 23, -1,
      23, 22, 24, -1,
      23, 24, 25, -1,
      25, 24, 26, -1,
      25, 26, 27, -1,
      27, 26, 28, -1,
      27, 28, 29, -1,
      29, 28, 30, -1,
      29, 30, 31, -1,
      31, 30, 32, -1,
      31, 32, 33, -1,
      33, 32, 34, -1,
      33, 34, 35, -1,
      35, 34, 36, -1,
      35, 36, 37, -1,
      38, 37, 39, -1,
      39, 37, 36, -1,
      38, 39, 40, -1,
      38, 40, 41, -1,
      41, 40, 42, -1,
      41, 42, 43, -1,
      43, 42, 44, -1,
      43, 44, 45, -1,
      45, 44, 46, -1,
      45, 46, 47, -1,
      47, 46, 48, -1,
      47, 48, 49, -1,
      49, 48, 50, -1,
      49, 50, 51, -1,
      51, 50, 52, -1,
      51, 52, 53, -1,
      53, 52, 54, -1,
      53, 54, 55, -1,
      56, 55, 57, -1,
      57, 55, 54, -1,
      56, 57, 58, -1,
      56, 58, 59, -1,
      59, 58, 60, -1,
      59, 60, 61, -1,
      61, 60, 62, -1,
      61, 62, 63, -1,
      63, 62, 64, -1,
      63, 64, 65, -1,
      65, 64, 66, -1,
      65, 66, 67, -1,
      67, 66, 68, -1,
      67, 68, 69, -1,
      69, 68, 70, -1,
      69, 70, 71, -1,
      71, 70, 3, -1,
      71, 3, 1, -1,
      35, 37, 20, -1,
      53, 55, 43, -1,
      43, 55, 41, -1,
      7, 9, 19, -1,
      55, 56, 1, -1,
      20, 37, 19, -1,
      43, 45, 47, -1,
      41, 55, 38, -1,
      38, 55, 1, -1,
      38, 1, 37, -1,
      37, 1, 0, -1,
      37, 0, 19, -1,
      19, 0, 5, -1,
      19, 5, 7, -1,
      9, 11, 19, -1,
      19, 11, 13, -1,
      19, 13, 17, -1,
      17, 13, 15, -1,
      47, 49, 43, -1,
      43, 49, 51, -1,
      43, 51, 53, -1,
      59, 61, 63, -1,
      67, 69, 56, -1,
      56, 69, 71, -1,
      56, 71, 1, -1,
      29, 31, 20, -1,
      20, 31, 33, -1,
      20, 33, 35, -1,
      59, 63, 56, -1,
      56, 63, 65, -1,
      56, 65, 67, -1,
      29, 20, 27, -1,
      27, 20, 23, -1,
      27, 23, 25, -1,
      40, 39, 54, -1,
      54, 39, 57, -1,
      68, 66, 57, -1,
      40, 54, 42, -1,
      42, 54, 52, -1,
      42, 52, 50, -1,
      36, 21, 2, -1,
      2, 21, 18, -1,
      2, 18, 4, -1,
      36, 2, 39, -1,
      39, 2, 3, -1,
      39, 3, 57, -1,
      57, 3, 70, -1,
      57, 70, 68, -1,
      50, 48, 42, -1,
      42, 48, 46, -1,
      42, 46, 44, -1,
      16, 14, 12, -1,
      66, 64, 57, -1,
      57, 64, 62, -1,
      57, 62, 58, -1,
      58, 62, 60, -1,
      36, 34, 21, -1,
      21, 34, 32, -1,
      21, 32, 30, -1,
      12, 10, 16, -1,
      16, 10, 8, -1,
      16, 8, 18, -1,
      18, 8, 6, -1,
      18, 6, 4, -1,
      30, 28, 21, -1,
      21, 28, 26, -1,
      21, 26, 22, -1,
      22, 26, 24, -1,
      72, 73, 74, -1,
      74, 73, 75, -1,
      76, 72, 77, -1,
      77, 72, 74, -1,
      78, 76, 79, -1,
      79, 76, 77, -1,
      80, 78, 81, -1,
      81, 78, 79, -1,
      73, 80, 75, -1,
      75, 80, 81, -1,
      78, 80, 76, -1,
      76, 80, 73, -1,
      76, 73, 72, -1,
      81, 79, 75, -1,
      75, 79, 77, -1,
      75, 77, 74, -1,
      82, 83, 84, -1,
      82, 84, 85, -1,
      85, 84, 86, -1,
      85, 86, 87, -1,
      87, 86, 88, -1,
      87, 88, 89, -1,
      89, 88, 90, -1,
      89, 90, 91, -1,
      91, 90, 92, -1,
      91, 92, 93, -1,
      93, 92, 94, -1,
      93, 94, 95, -1,
      95, 94, 96, -1,
      95, 96, 97, -1,
      97, 96, 98, -1,
      97, 98, 99, -1,
      100, 99, 101, -1,
      101, 99, 98, -1,
      100, 101, 102, -1,
      100, 102, 103, -1,
      103, 102, 104, -1,
      103, 104, 105, -1,
      105, 104, 106, -1,
      105, 106, 107, -1,
      107, 106, 108, -1,
      107, 108, 109, -1,
      109, 108, 110, -1,
      109, 110, 111, -1,
      111, 110, 112, -1,
      111, 112, 113, -1,
      113, 112, 114, -1,
      113, 114, 115, -1,
      115, 114, 116, -1,
      115, 116, 117, -1,
      118, 117, 119, -1,
      119, 117, 116, -1,
      118, 119, 120, -1,
      118, 120, 121, -1,
      121, 120, 122, -1,
      121, 122, 123, -1,
      123, 122, 124, -1,
      123, 124, 125, -1,
      125, 124, 126, -1,
      125, 126, 127, -1,
      127, 126, 128, -1,
      127, 128, 129, -1,
      129, 128, 130, -1,
      129, 130, 131, -1,
      131, 130, 132, -1,
      131, 132, 133, -1,
      133, 132, 134, -1,
      133, 134, 135, -1,
      136, 135, 137, -1,
      137, 135, 134, -1,
      136, 137, 138, -1,
      136, 138, 139, -1,
      139, 138, 140, -1,
      139, 140, 141, -1,
      141, 140, 142, -1,
      141, 142, 143, -1,
      143, 142, 144, -1,
      143, 144, 145, -1,
      145, 144, 146, -1,
      145, 146, 147, -1,
      147, 146, 148, -1,
      147, 148, 149, -1,
      149, 148, 150, -1,
      149, 150, 151, -1,
      151, 150, 152, -1,
      151, 152, 153, -1,
      82, 153, 83, -1,
      83, 153, 152, -1,
      115, 117, 100, -1,
      118, 153, 117, -1,
      117, 153, 82, -1,
      139, 141, 153, -1,
      153, 141, 143, -1,
      153, 143, 151, -1,
      87, 89, 97, -1,
      135, 118, 121, -1,
      118, 135, 153, -1,
      153, 135, 136, -1,
      153, 136, 139, -1,
      129, 131, 127, -1,
      127, 131, 125, -1,
      121, 123, 135, -1,
      135, 123, 125, -1,
      135, 125, 133, -1,
      133, 125, 131, -1,
      151, 143, 149, -1,
      149, 143, 145, -1,
      149, 145, 147, -1,
      100, 117, 99, -1,
      99, 117, 82, -1,
      99, 82, 97, -1,
      97, 82, 85, -1,
      97, 85, 87, -1,
      89, 91, 97, -1,
      97, 91, 93, -1,
      97, 93, 95, -1,
      111, 105, 109, -1,
      109, 105, 107, -1,
      100, 103, 115, -1,
      115, 103, 105, -1,
      115, 105, 113, -1,
      113, 105, 111, -1,
      114, 101, 116, -1,
      116, 101, 83, -1,
      116, 83, 119, -1,
      119, 83, 152, -1,
      96, 88, 86, -1,
      152, 142, 140, -1,
      94, 92, 96, -1,
      96, 92, 90, -1,
      96, 90, 88, -1,
      101, 98, 83, -1,
      83, 98, 96, -1,
      83, 96, 84, -1,
      84, 96, 86, -1,
      140, 138, 152, -1,
      152, 138, 137, -1,
      152, 137, 119, -1,
      119, 137, 134, -1,
      119, 134, 120, -1,
      112, 104, 114, -1,
      114, 104, 102, -1,
      114, 102, 101, -1,
      112, 110, 104, -1,
      104, 110, 108, -1,
      104, 108, 106, -1,
      152, 150, 142, -1,
      142, 150, 148, -1,
      142, 148, 144, -1,
      144, 148, 146, -1,
      128, 126, 130, -1,
      130, 126, 124, -1,
      130, 124, 132, -1,
      132, 124, 134, -1,
      134, 124, 122, -1,
      134, 122, 120, -1,
      154, 155, 156, -1,
      154, 156, 157, -1,
      157, 156, 158, -1,
      157, 158, 159, -1,
      159, 158, 160, -1,
      159, 160, 161, -1,
      161, 160, 162, -1,
      161, 162, 163, -1,
      163, 162, 164, -1,
      163, 164, 165, -1,
      165, 164, 166, -1,
      165, 166, 167, -1,
      167, 166, 168, -1,
      167, 168, 169, -1,
      169, 168, 170, -1,
      169, 170, 171, -1,
      172, 171, 173, -1,
      173, 171, 170, -1,
      172, 173, 174, -1,
      172, 174, 175, -1,
      175, 174, 176, -1,
      175, 176, 177, -1,
      177, 176, 178, -1,
      177, 178, 179, -1,
      179, 178, 180, -1,
      179, 180, 181, -1,
      181, 180, 182, -1,
      181, 182, 183, -1,
      183, 182, 184, -1,
      183, 184, 185, -1,
      185, 184, 186, -1,
      185, 186, 187, -1,
      187, 186, 188, -1,
      187, 188, 189, -1,
      190, 189, 191, -1,
      191, 189, 188, -1,
      190, 191, 192, -1,
      190, 192, 193, -1,
      193, 192, 194, -1,
      193, 194, 195, -1,
      195, 194, 196, -1,
      195, 196, 197, -1,
      197, 196, 198, -1,
      197, 198, 199, -1,
      199, 198, 200, -1,
      199, 200, 201, -1,
      201, 200, 202, -1,
      201, 202, 203, -1,
      203, 202, 204, -1,
      203, 204, 205, -1,
      205, 204, 206, -1,
      205, 206, 207, -1,
      208, 207, 209, -1,
      209, 207, 206, -1,
      208, 209, 210, -1,
      208, 210, 211, -1,
      211, 210, 212, -1,
      211, 212, 213, -1,
      213, 212, 214, -1,
      213, 214, 215, -1,
      215, 214, 216, -1,
      215, 216, 217, -1,
      217, 216, 218, -1,
      217, 218, 219, -1,
      219, 218, 220, -1,
      219, 220, 221, -1,
      221, 220, 222, -1,
      221, 222, 223, -1,
      223, 222, 224, -1,
      223, 224, 225, -1,
      154, 225, 155, -1,
      155, 225, 224, -1,
      179, 181, 183, -1,
      195, 197, 207, -1,
      167, 161, 165, -1,
      165, 161, 163, -1,
      157, 159, 171, -1,
      171, 159, 161, -1,
      171, 161, 169, -1,
      169, 161, 167, -1,
      185, 187, 172, -1,
      172, 187, 189, -1,
      172, 189, 171, -1,
      211, 223, 208, -1,
      208, 223, 225, -1,
      208, 225, 207, -1,
      215, 217, 219, -1,
      179, 183, 177, -1,
      157, 171, 154, -1,
      154, 171, 189, -1,
      154, 189, 225, -1,
      225, 189, 190, -1,
      225, 190, 207, -1,
      207, 190, 193, -1,
      207, 193, 195, -1,
      197, 199, 207, -1,
      207, 199, 201, -1,
      207, 201, 205, -1,
      205, 201, 203, -1,
      211, 213, 223, -1,
      223, 213, 215, -1,
      223, 215, 221, -1,
      221, 215, 219, -1,
      185, 172, 183, -1,
      183, 172, 175, -1,
      183, 175, 177, -1,
      156, 155, 170, -1,
      170, 155, 173, -1,
      210, 209, 222, -1,
      184, 182, 173, -1,
      168, 166, 160, -1,
      160, 166, 164, -1,
      160, 164, 162, -1,
      168, 160, 170, -1,
      170, 160, 158, -1,
      170, 158, 156, -1,
      218, 216, 214, -1,
      209, 206, 191, -1,
      222, 209, 224, -1,
      224, 209, 191, -1,
      224, 191, 155, -1,
      155, 191, 188, -1,
      155, 188, 173, -1,
      173, 188, 186, -1,
      173, 186, 184, -1,
      182, 180, 173, -1,
      173, 180, 178, -1,
      173, 178, 174, -1,
      174, 178, 176, -1,
      218, 214, 220, -1,
      204, 202, 200, -1,
      220, 214, 222, -1,
      222, 214, 212, -1,
      222, 212, 210, -1,
      204, 200, 206, -1,
      206, 200, 198, -1,
      206, 198, 196, -1,
      196, 194, 206, -1,
      206, 194, 192, -1,
      206, 192, 191, -1,
      226, 227, 228, -1,
      228, 227, 229, -1,
      226, 228, 230, -1,
      226, 230, 231, -1,
      231, 230, 232, -1,
      231, 232, 233, -1,
      233, 232, 234, -1,
      233, 234, 235, -1,
      235, 234, 236, -1,
      235, 236, 237, -1,
      237, 236, 238, -1,
      237, 238, 239, -1,
      239, 238, 240, -1,
      239, 240, 241, -1,
      241, 240, 242, -1,
      241, 242, 243, -1,
      243, 242, 244, -1,
      243, 244, 245, -1,
      246, 245, 247, -1,
      247, 245, 244, -1,
      246, 247, 248, -1,
      246, 248, 249, -1,
      249, 248, 250, -1,
      249, 250, 251, -1,
      251, 250, 252, -1,
      251, 252, 253, -1,
      253, 252, 254, -1,
      253, 254, 255, -1,
      255, 254, 256, -1,
      255, 256, 257, -1,
      257, 256, 258, -1,
      257, 258, 259, -1,
      259, 258, 260, -1,
      259, 260, 261, -1,
      261, 260, 262, -1,
      261, 262, 263, -1,
      264, 263, 265, -1,
      265, 263, 262, -1,
      264, 265, 266, -1,
      264, 266, 267, -1,
      267, 266, 268, -1,
      267, 268, 269, -1,
      269, 268, 270, -1,
      269, 270, 271, -1,
      271, 270, 272, -1,
      271, 272, 273, -1,
      273, 272, 274, -1,
      273, 274, 275, -1,
      275, 274, 276, -1,
      275, 276, 277, -1,
      277, 276, 278, -1,
      277, 278, 279, -1,
      279, 278, 280, -1,
      279, 280, 281, -1,
      282, 281, 283, -1,
      283, 281, 280, -1,
      282, 283, 284, -1,
      282, 284, 285, -1,
      285, 284, 286, -1,
      285, 286, 287, -1,
      287, 286, 288, -1,
      287, 288, 289, -1,
      289, 288, 290, -1,
      289, 290, 291, -1,
      291, 290, 292, -1,
      291, 292, 293, -1,
      293, 292, 294, -1,
      293, 294, 295, -1,
      295, 294, 296, -1,
      295, 296, 297, -1,
      297, 296, 229, -1,
      297, 229, 227, -1,
      226, 263, 227, -1,
      227, 263, 264, -1,
      277, 279, 264, -1,
      264, 279, 281, -1,
      264, 281, 227, -1,
      227, 281, 282, -1,
      227, 282, 297, -1,
      245, 226, 231, -1,
      241, 235, 239, -1,
      239, 235, 237, -1,
      231, 233, 245, -1,
      245, 233, 235, -1,
      245, 235, 243, -1,
      243, 235, 241, -1,
      255, 257, 259, -1,
      249, 251, 263, -1,
      251, 253, 263, -1,
      263, 253, 255, -1,
      263, 255, 261, -1,
      261, 255, 259, -1,
      271, 264, 269, -1,
      269, 264, 267, -1,
      271, 273, 264, -1,
      264, 273, 275, -1,
      264, 275, 277, -1,
      285, 287, 289, -1,
      226, 245, 263, -1,
      263, 245, 246, -1,
      263, 246, 249, -1,
      289, 291, 285, -1,
      285, 291, 293, -1,
      285, 293, 282, -1,
      282, 293, 295, -1,
      282, 295, 297, -1,
      283, 280, 265, -1,
      265, 280, 278, -1,
      294, 292, 283, -1,
      258, 256, 254, -1,
      262, 228, 265, -1,
      265, 228, 229, -1,
      265, 229, 283, -1,
      283, 229, 296, -1,
      283, 296, 294, -1,
      292, 290, 288, -1,
      278, 276, 265, -1,
      265, 276, 274, -1,
      265, 274, 272, -1,
      272, 270, 265, -1,
      265, 270, 268, -1,
      265, 268, 266, -1,
      258, 254, 260, -1,
      232, 244, 234, -1,
      234, 244, 242, -1,
      242, 240, 234, -1,
      234, 240, 238, -1,
      234, 238, 236, -1,
      288, 286, 292, -1,
      292, 286, 284, -1,
      292, 284, 283, -1,
      260, 254, 262, -1,
      262, 254, 252, -1,
      262, 252, 250, -1,
      232, 230, 244, -1,
      244, 230, 228, -1,
      244, 228, 247, -1,
      247, 228, 262, -1,
      247, 262, 248, -1,
      248, 262, 250, -1,
      298, 299, 300, -1,
      300, 299, 301, -1,
      298, 300, 302, -1,
      298, 302, 303, -1,
      303, 302, 304, -1,
      303, 304, 305, -1,
      305, 304, 306, -1,
      305, 306, 307, -1,
      307, 306, 308, -1,
      307, 308, 309, -1,
      309, 308, 310, -1,
      309, 310, 311, -1,
      311, 310, 312, -1,
      311, 312, 313, -1,
      313, 312, 314, -1,
      313, 314, 315, -1,
      315, 314, 316, -1,
      315, 316, 317, -1,
      318, 317, 319, -1,
      319, 317, 316, -1,
      318, 319, 320, -1,
      318, 320, 321, -1,
      321, 320, 322, -1,
      321, 322, 323, -1,
      323, 322, 324, -1,
      323, 324, 325, -1,
      325, 324, 326, -1,
      325, 326, 327, -1,
      327, 326, 328, -1,
      327, 328, 329, -1,
      329, 328, 330, -1,
      329, 330, 331, -1,
      331, 330, 332, -1,
      331, 332, 333, -1,
      333, 332, 334, -1,
      333, 334, 335, -1,
      336, 335, 337, -1,
      337, 335, 334, -1,
      336, 337, 338, -1,
      336, 338, 339, -1,
      339, 338, 340, -1,
      339, 340, 341, -1,
      341, 340, 342, -1,
      341, 342, 343, -1,
      343, 342, 344, -1,
      343, 344, 345, -1,
      345, 344, 346, -1,
      345, 346, 347, -1,
      347, 346, 348, -1,
      347, 348, 349, -1,
      349, 348, 350, -1,
      349, 350, 351, -1,
      351, 350, 352, -1,
      351, 352, 353, -1,
      354, 353, 355, -1,
      355, 353, 352, -1,
      354, 355, 356, -1,
      354, 356, 357, -1,
      357, 356, 358, -1,
      357, 358, 359, -1,
      359, 358, 360, -1,
      359, 360, 361, -1,
      361, 360, 362, -1,
      361, 362, 363, -1,
      363, 362, 364, -1,
      363, 364, 365, -1,
      365, 364, 366, -1,
      365, 366, 367, -1,
      367, 366, 368, -1,
      367, 368, 369, -1,
      369, 368, 301, -1,
      369, 301, 299, -1,
      333, 335, 318, -1,
      369, 299, 354, -1,
      305, 307, 317, -1,
      309, 311, 313, -1,
      318, 335, 317, -1,
      354, 299, 353, -1,
      309, 313, 307, -1,
      307, 313, 315, -1,
      307, 315, 317, -1,
      339, 353, 336, -1,
      336, 353, 299, -1,
      336, 299, 335, -1,
      335, 299, 298, -1,
      335, 298, 317, -1,
      317, 298, 303, -1,
      317, 303, 305, -1,
      349, 343, 347, -1,
      347, 343, 345, -1,
      339, 341, 353, -1,
      353, 341, 343, -1,
      353, 343, 351, -1,
      351, 343, 349, -1,
      321, 323, 325, -1,
      357, 359, 361, -1,
      325, 327, 321, -1,
      321, 327, 329, -1,
      321, 329, 318, -1,
      318, 329, 331, -1,
      318, 331, 333, -1,
      361, 363, 357, -1,
      357, 363, 365, -1,
      357, 365, 354, -1,
      354, 365, 367, -1,
      354, 367, 369, -1,
      338, 337, 352, -1,
      352, 337, 355, -1,
      302, 300, 316, -1,
      316, 300, 319, -1,
      350, 348, 342, -1,
      342, 348, 346, -1,
      342, 346, 344, -1,
      350, 342, 352, -1,
      352, 342, 340, -1,
      352, 340, 338, -1,
      330, 328, 319, -1,
      364, 355, 366, -1,
      366, 355, 368, -1,
      364, 362, 360, -1,
      310, 308, 312, -1,
      312, 308, 306, -1,
      312, 306, 314, -1,
      314, 306, 316, -1,
      316, 306, 304, -1,
      316, 304, 302, -1,
      360, 358, 364, -1,
      364, 358, 356, -1,
      364, 356, 355, -1,
      368, 355, 301, -1,
      301, 355, 337, -1,
      301, 337, 300, -1,
      300, 337, 334, -1,
      300, 334, 319, -1,
      319, 334, 332, -1,
      319, 332, 330, -1,
      328, 326, 324, -1,
      324, 322, 328, -1,
      328, 322, 320, -1,
      328, 320, 319, -1,
      370, 371, 372, -1,
      372, 371, 373, -1,
      370, 372, 374, -1,
      370, 374, 375, -1,
      375, 374, 376, -1,
      375, 376, 377, -1,
      377, 376, 378, -1,
      377, 378, 379, -1,
      379, 378, 380, -1,
      379, 380, 381, -1,
      381, 380, 382, -1,
      381, 382, 383, -1,
      383, 382, 384, -1,
      383, 384, 385, -1,
      385, 384, 386, -1,
      385, 386, 387, -1,
      387, 386, 388, -1,
      387, 388, 389, -1,
      390, 389, 391, -1,
      391, 389, 388, -1,
      390, 391, 392, -1,
      390, 392, 393, -1,
      393, 392, 394, -1,
      393, 394, 395, -1,
      395, 394, 396, -1,
      395, 396, 397, -1,
      397, 396, 398, -1,
      397, 398, 399, -1,
      399, 398, 400, -1,
      399, 400, 401, -1,
      401, 400, 402, -1,
      401, 402, 403, -1,
      403, 402, 404, -1,
      403, 404, 405, -1,
      405, 404, 406, -1,
      405, 406, 407, -1,
      408, 407, 409, -1,
      409, 407, 406, -1,
      408, 409, 410, -1,
      408, 410, 411, -1,
      411, 410, 412, -1,
      411, 412, 413, -1,
      413, 412, 414, -1,
      413, 414, 415, -1,
      415, 414, 416, -1,
      415, 416, 417, -1,
      417, 416, 418, -1,
      417, 418, 419, -1,
      419, 418, 420, -1,
      419, 420, 421, -1,
      421, 420, 422, -1,
      421, 422, 423, -1,
      423, 422, 424, -1,
      423, 424, 425, -1,
      426, 425, 427, -1,
      427, 425, 424, -1,
      426, 427, 428, -1,
      426, 428, 429, -1,
      429, 428, 430, -1,
      429, 430, 431, -1,
      431, 430, 432, -1,
      431, 432, 433, -1,
      433, 432, 434, -1,
      433, 434, 435, -1,
      435, 434, 436, -1,
      435, 436, 437, -1,
      437, 436, 438, -1,
      437, 438, 439, -1,
      439, 438, 440, -1,
      439, 440, 441, -1,
      441, 440, 373, -1,
      441, 373, 371, -1,
      405, 407, 390, -1,
      441, 371, 426, -1,
      423, 425, 413, -1,
      390, 407, 389, -1,
      426, 371, 425, -1,
      375, 389, 370, -1,
      370, 389, 407, -1,
      370, 407, 371, -1,
      371, 407, 408, -1,
      371, 408, 425, -1,
      425, 408, 411, -1,
      425, 411, 413, -1,
      385, 379, 383, -1,
      383, 379, 381, -1,
      375, 377, 389, -1,
      389, 377, 379, -1,
      389, 379, 387, -1,
      387, 379, 385, -1,
      413, 415, 417, -1,
      399, 401, 390, -1,
      390, 401, 403, -1,
      390, 403, 405, -1,
      417, 419, 413, -1,
      413, 419, 421, -1,
      413, 421, 423, -1,
      429, 431, 433, -1,
      393, 395, 390, -1,
      390, 395, 397, -1,
      390, 397, 399, -1,
      433, 435, 429, -1,
      429, 435, 437, -1,
      429, 437, 426, -1,
      426, 437, 439, -1,
      426, 439, 441, -1,
      410, 409, 424, -1,
      424, 409, 427, -1,
      438, 436, 427, -1,
      410, 424, 412, -1,
      412, 424, 422, -1,
      412, 422, 420, -1,
      406, 372, 409, -1,
      409, 372, 373, -1,
      409, 373, 427, -1,
      427, 373, 440, -1,
      427, 440, 438, -1,
      436, 434, 432, -1,
      420, 418, 412, -1,
      412, 418, 416, -1,
      412, 416, 414, -1,
      404, 402, 391, -1,
      391, 402, 400, -1,
      391, 400, 398, -1,
      432, 430, 436, -1,
      436, 430, 428, -1,
      436, 428, 427, -1,
      398, 396, 391, -1,
      391, 396, 394, -1,
      391, 394, 392, -1,
      376, 388, 378, -1,
      378, 388, 386, -1,
      386, 384, 378, -1,
      378, 384, 382, -1,
      378, 382, 380, -1,
      376, 374, 388, -1,
      388, 374, 372, -1,
      388, 372, 391, -1,
      391, 372, 406, -1,
      391, 406, 404, -1,
      442, 443, 444, -1,
      442, 444, 445, -1,
      445, 444, 446, -1,
      445, 446, 447, -1,
      447, 446, 448, -1,
      447, 448, 449, -1,
      449, 448, 450, -1,
      449, 450, 451, -1,
      451, 450, 452, -1,
      451, 452, 453, -1,
      453, 452, 454, -1,
      453, 454, 455, -1,
      455, 454, 456, -1,
      455, 456, 457, -1,
      457, 456, 458, -1,
      457, 458, 459, -1,
      460, 459, 461, -1,
      461, 459, 458, -1,
      460, 461, 462, -1,
      460, 462, 463, -1,
      463, 462, 464, -1,
      463, 464, 465, -1,
      465, 464, 466, -1,
      465, 466, 467, -1,
      467, 466, 468, -1,
      467, 468, 469, -1,
      469, 468, 470, -1,
      469, 470, 471, -1,
      471, 470, 472, -1,
      471, 472, 473, -1,
      473, 472, 474, -1,
      473, 474, 475, -1,
      475, 474, 476, -1,
      475, 476, 477, -1,
      478, 477, 479, -1,
      479, 477, 476, -1,
      478, 479, 480, -1,
      478, 480, 481, -1,
      481, 480, 482, -1,
      481, 482, 483, -1,
      483, 482, 484, -1,
      483, 484, 485, -1,
      485, 484, 486, -1,
      485, 486, 487, -1,
      487, 486, 488, -1,
      487, 488, 489, -1,
      489, 488, 490, -1,
      489, 490, 491, -1,
      491, 490, 492, -1,
      491, 492, 493, -1,
      493, 492, 494, -1,
      493, 494, 495, -1,
      496, 495, 497, -1,
      497, 495, 494, -1,
      496, 497, 498, -1,
      496, 498, 499, -1,
      499, 498, 500, -1,
      499, 500, 501, -1,
      501, 500, 502, -1,
      501, 502, 503, -1,
      503, 502, 504, -1,
      503, 504, 505, -1,
      505, 504, 506, -1,
      505, 506, 507, -1,
      507, 506, 508, -1,
      507, 508, 509, -1,
      509, 508, 510, -1,
      509, 510, 511, -1,
      511, 510, 512, -1,
      511, 512, 513, -1,
      442, 513, 443, -1,
      443, 513, 512, -1,
      459, 460, 478, -1,
      445, 447, 459, -1,
      459, 447, 449, -1,
      459, 449, 451, -1,
      451, 453, 459, -1,
      459, 453, 455, -1,
      459, 455, 457, -1,
      473, 475, 460, -1,
      460, 475, 477, -1,
      460, 477, 478, -1,
      481, 495, 478, -1,
      478, 495, 496, -1,
      478, 496, 459, -1,
      489, 491, 493, -1,
      499, 511, 496, -1,
      496, 511, 513, -1,
      496, 513, 459, -1,
      459, 513, 442, -1,
      459, 442, 445, -1,
      503, 505, 507, -1,
      467, 469, 471, -1,
      499, 501, 511, -1,
      511, 501, 503, -1,
      511, 503, 509, -1,
      509, 503, 507, -1,
      481, 483, 495, -1,
      495, 483, 485, -1,
      495, 485, 493, -1,
      493, 485, 487, -1,
      493, 487, 489, -1,
      467, 471, 465, -1,
      473, 460, 471, -1,
      471, 460, 463, -1,
      471, 463, 465, -1,
      498, 497, 510, -1,
      480, 479, 494, -1,
      461, 479, 476, -1,
      494, 479, 497, -1,
      497, 479, 461, -1,
      497, 461, 458, -1,
      452, 458, 454, -1,
      454, 458, 456, -1,
      452, 450, 458, -1,
      458, 450, 448, -1,
      458, 448, 446, -1,
      446, 444, 458, -1,
      458, 444, 443, -1,
      458, 443, 497, -1,
      497, 443, 512, -1,
      497, 512, 510, -1,
      492, 490, 488, -1,
      488, 486, 492, -1,
      492, 486, 484, -1,
      492, 484, 494, -1,
      494, 484, 482, -1,
      494, 482, 480, -1,
      476, 474, 461, -1,
      461, 474, 472, -1,
      461, 472, 470, -1,
      504, 502, 506, -1,
      506, 502, 508, -1,
      508, 502, 510, -1,
      510, 502, 500, -1,
      510, 500, 498, -1,
      470, 468, 461, -1,
      461, 468, 466, -1,
      461, 466, 462, -1,
      462, 466, 464, -1,
      514, 515, 516, -1,
      516, 515, 517, -1,
      514, 516, 518, -1,
      514, 518, 519, -1,
      519, 518, 520, -1,
      519, 520, 521, -1,
      521, 520, 522, -1,
      521, 522, 523, -1,
      523, 522, 524, -1,
      523, 524, 525, -1,
      525, 524, 526, -1,
      525, 526, 527, -1,
      527, 526, 528, -1,
      527, 528, 529, -1,
      529, 528, 530, -1,
      529, 530, 531, -1,
      531, 530, 532, -1,
      531, 532, 533, -1,
      534, 533, 535, -1,
      535, 533, 532, -1,
      534, 535, 536, -1,
      534, 536, 537, -1,
      537, 536, 538, -1,
      537, 538, 539, -1,
      539, 538, 540, -1,
      539, 540, 541, -1,
      541, 540, 542, -1,
      541, 542, 543, -1,
      543, 542, 544, -1,
      543, 544, 545, -1,
      545, 544, 546, -1,
      545, 546, 547, -1,
      547, 546, 548, -1,
      547, 548, 549, -1,
      549, 548, 550, -1,
      549, 550, 551, -1,
      552, 551, 553, -1,
      553, 551, 550, -1,
      552, 553, 554, -1,
      552, 554, 555, -1,
      555, 554, 556, -1,
      555, 556, 557, -1,
      557, 556, 558, -1,
      557, 558, 559, -1,
      559, 558, 560, -1,
      559, 560, 561, -1,
      561, 560, 562, -1,
      561, 562, 563, -1,
      563, 562, 564, -1,
      563, 564, 565, -1,
      565, 564, 566, -1,
      565, 566, 567, -1,
      567, 566, 568, -1,
      567, 568, 569, -1,
      570, 569, 571, -1,
      571, 569, 568, -1,
      570, 571, 572, -1,
      570, 572, 573, -1,
      573, 572, 574, -1,
      573, 574, 575, -1,
      575, 574, 576, -1,
      575, 576, 577, -1,
      577, 576, 578, -1,
      577, 578, 579, -1,
      579, 578, 580, -1,
      579, 580, 581, -1,
      581, 580, 582, -1,
      581, 582, 583, -1,
      583, 582, 584, -1,
      583, 584, 585, -1,
      585, 584, 517, -1,
      585, 517, 515, -1,
      515, 514, 570, -1,
      514, 551, 570, -1,
      570, 551, 552, -1,
      570, 552, 569, -1,
      514, 533, 551, -1,
      551, 533, 534, -1,
      551, 534, 549, -1,
      549, 534, 547, -1,
      575, 577, 585, -1,
      523, 525, 527, -1,
      539, 541, 543, -1,
      557, 559, 567, -1,
      514, 519, 533, -1,
      533, 519, 521, -1,
      533, 521, 531, -1,
      531, 521, 523, -1,
      531, 523, 529, -1,
      529, 523, 527, -1,
      534, 537, 547, -1,
      547, 537, 539, -1,
      547, 539, 545, -1,
      545, 539, 543, -1,
      515, 570, 585, -1,
      585, 570, 573, -1,
      585, 573, 575, -1,
      577, 579, 585, -1,
      585, 579, 581, -1,
      585, 581, 583, -1,
      569, 552, 567, -1,
      567, 552, 555, -1,
      567, 555, 557, -1,
      559, 561, 567, -1,
      567, 561, 563, -1,
      567, 563, 565, -1,
      536, 535, 546, -1,
      571, 553, 516, -1,
      516, 553, 550, -1,
      516, 550, 535, -1,
      535, 550, 548, -1,
      535, 548, 546, -1,
      542, 540, 538, -1,
      526, 524, 522, -1,
      535, 532, 516, -1,
      516, 532, 530, -1,
      516, 530, 518, -1,
      518, 530, 520, -1,
      584, 576, 574, -1,
      582, 580, 584, -1,
      584, 580, 578, -1,
      584, 578, 576, -1,
      516, 517, 571, -1,
      571, 517, 584, -1,
      571, 584, 572, -1,
      572, 584, 574, -1,
      566, 558, 556, -1,
      536, 546, 538, -1,
      538, 546, 544, -1,
      538, 544, 542, -1,
      520, 530, 522, -1,
      522, 530, 528, -1,
      522, 528, 526, -1,
      564, 562, 566, -1,
      566, 562, 560, -1,
      566, 560, 558, -1,
      571, 568, 553, -1,
      553, 568, 566, -1,
      553, 566, 554, -1,
      554, 566, 556, -1,
    ]
  }
}

Shape {
  appearance Appearance {
    material Material {
      diffuseColor 0.1098 0.1098 0.1098
      specularColor 0.0784 0.0784 0.0784
      ambientIntensity 0.2
      transparency 0.0000
      shininess 0.5
    }
  }
  geometry IndexedFaceSet {
    ccw TRUE
    solid FALSE
    coord DEF co Coordinate {
      point [
        0.005478 -0.337189 0.007874,
        0.012439 -0.337189 0.007874,
        0.012439 -0.343910 0.007874,
        0.021197 -0.326308 0.007874,
        0.018921 -0.326926 0.007874,
        0.015080 -0.326386 0.007874,
        0.002597 -0.326266 0.007874,
        0.004517 -0.343910 0.007874,
        0.004517 -0.346071 0.007874,
        0.590551 -0.326266 0.007874,
        0.590551 -0.590551 0.007874,
        0.045328 -0.346071 0.007874,
        0.032524 -0.331562 0.007874,
        0.031350 -0.329698 0.007874,
        0.042687 -0.326386 0.007874,
        0.029631 -0.328046 0.007874,
        0.027791 -0.326974 0.007874,
        0.004997 -0.326386 0.007874,
        0.004997 -0.328546 0.007874,
        0.012439 -0.328546 0.007874,
        0.012439 -0.335028 0.007874,
        0.005478 -0.335028 0.007874,
        0.023531 -0.328306 0.007874,
        0.019274 -0.343085 0.007874,
        0.021138 -0.328617 0.007874,
        0.018921 -0.342890 0.007874,
        0.018921 -0.329567 0.007874,
        0.042687 -0.343910 0.007874,
        0.035245 -0.343910 0.007874,
        0.032761 -0.341009 0.007874,
        0.025632 -0.326325 0.007874,
        0.024943 -0.326266 0.007874,
        0.045328 -0.326386 0.007874,
        0.031710 -0.342861 0.007874,
        0.035245 -0.346071 0.007874,
        0.030269 -0.344379 0.007874,
        0.018921 -0.345051 0.007874,
        0.015080 -0.346071 0.007874,
        0.033371 -0.338897 0.007874,
        0.033565 -0.336600 0.007874,
        0.033282 -0.333805 0.007874,
        0.025469 -0.328524 0.007874,
        0.026935 -0.329053 0.007874,
        0.028330 -0.329988 0.007874,
        0.029513 -0.331307 0.007874,
        0.030316 -0.332830 0.007874,
        0.030837 -0.334961 0.007874,
        0.030924 -0.336439 0.007874,
        0.030725 -0.338568 0.007874,
        0.030191 -0.340261 0.007874,
        0.023974 -0.344150 0.007874,
        0.028457 -0.342594 0.007874,
        0.025800 -0.343946 0.007874,
        0.027248 -0.343415 0.007874,
        0.029372 -0.341628 0.007874,
        0.021361 -0.343860 0.007874,
        0.024337 -0.346311 0.007874,
        0.026759 -0.346060 0.007874,
        0.028671 -0.345405 0.007874,
        0.021019 -0.345912 0.007874,
        0.023799 -0.346302 0.007874,
        0.590551 0.590551 0.007874,
        0.002597 0.590551 0.007874,
        0.023553 -0.326146 0.007874,
        0.021814 -0.326266 0.007874,
        -0.004676 -0.346071 0.007874,
        0.000676 -0.346071 0.007874,
        0.002597 -0.590551 0.007874,
        -0.016608 -0.346071 0.007874,
        -0.009437 -0.345158 0.007874,
        -0.007170 -0.345847 0.007874,
        -0.026691 -0.326386 0.007874,
        -0.034373 -0.346071 0.007874,
        -0.590551 -0.590551 0.007874,
        -0.014188 -0.340666 0.007874,
        -0.013083 -0.342403 0.007874,
        -0.011474 -0.343958 0.007874,
        -0.590551 -0.326266 0.007874,
        -0.024050 -0.326386 0.007874,
        -0.029500 -0.340550 0.007874,
        -0.021368 -0.340550 0.007874,
        -0.031492 -0.346071 0.007874,
        -0.019489 -0.346071 0.007874,
        -0.010027 -0.327498 0.007874,
        -0.011977 -0.328767 0.007874,
        -0.014751 -0.332928 0.007874,
        -0.015130 -0.335008 0.007874,
        -0.015168 -0.335981 0.007874,
        -0.014892 -0.338615 0.007874,
        -0.012742 -0.329476 0.007874,
        -0.013922 -0.331018 0.007874,
        0.000676 -0.326386 0.007874,
        -0.004879 -0.326386 0.007874,
        -0.007723 -0.326690 0.007874,
        -0.590551 0.590551 0.007874,
        0.590551 0.590551 0.216535,
        0.590551 -0.590551 0.216535,
        -0.590551 0.590551 0.216535,
        -0.590551 -0.590551 0.216535,
        0.443215 0.504319 0.216535,
        0.460117 0.497318 0.216535,
        0.474630 0.486181 0.216535,
        0.485767 0.471667 0.216535,
        0.492768 0.454765 0.216535,
        0.495156 0.436628 0.216535,
        0.492768 0.418489 0.216535,
        0.485767 0.401588 0.216535,
        0.354998 0.436628 0.216535,
        0.357385 0.454765 0.216535,
        0.364386 0.471667 0.216535,
        0.375523 0.486181 0.216535,
        0.474630 0.387074 0.216535,
        0.460117 0.375937 0.216535,
        0.443215 0.368936 0.216535,
        0.390037 0.497318 0.216535,
        0.406939 0.504319 0.216535,
        0.425077 0.506707 0.216535,
        0.425077 0.366548 0.216535,
        0.406939 0.368936 0.216535,
        0.390037 0.375937 0.216535,
        0.375523 0.387074 0.216535,
        0.364386 0.401588 0.216535,
        0.357385 0.418489 0.216535,
        0.354998 0.436628 0.196850,
        0.357385 0.418489 0.196850,
        0.364386 0.401588 0.196850,
        0.375523 0.387074 0.196850,
        0.390037 0.375937 0.196850,
        0.406939 0.368936 0.196850,
        0.425077 0.366548 0.196850,
        0.443215 0.368936 0.196850,
        0.460117 0.375937 0.196850,
        0.474630 0.387074 0.196850,
        0.485767 0.401588 0.196850,
        0.492768 0.418489 0.196850,
        0.495156 0.436628 0.196850,
        0.492768 0.454765 0.196850,
        0.485767 0.471667 0.196850,
        0.474630 0.486181 0.196850,
        0.460117 0.497318 0.196850,
        0.443215 0.504319 0.196850,
        0.425077 0.506707 0.196850,
        0.406939 0.504319 0.196850,
        0.390037 0.497318 0.196850,
        0.375523 0.486181 0.196850,
        0.364386 0.471667 0.196850,
        0.357385 0.454765 0.196850,
        0.425077 0.436628 0.196850,
      ]
    }
    coordIndex [
      0, 1, 2, -1,
      3, 4, 5, -1,
      6, 7, 8, -1,
      9, 10, 11, -1,
      12, 13, 14, -1,
      14, 13, 15, -1,
      14, 15, 16, -1,
      5, 17, 6, -1,
      6, 17, 18, -1,
      19, 20, 18, -1,
      18, 20, 21, -1,
      18, 21, 6, -1,
      6, 21, 0, -1,
      6, 0, 7, -1,
      7, 0, 2, -1,
      22, 23, 24, -1,
      24, 23, 25, -1,
      24, 25, 26, -1,
      27, 28, 29, -1,
      16, 30, 14, -1,
      14, 30, 31, -1,
      14, 31, 32, -1,
      29, 28, 33, -1,
      33, 28, 34, -1,
      33, 34, 35, -1,
      36, 37, 25, -1,
      25, 37, 5, -1,
      25, 5, 26, -1,
      26, 5, 4, -1,
      29, 38, 27, -1,
      27, 38, 39, -1,
      27, 39, 14, -1,
      14, 39, 40, -1,
      14, 40, 12, -1,
      22, 41, 23, -1,
      23, 41, 42, -1,
      23, 42, 43, -1,
      43, 44, 23, -1,
      23, 44, 45, -1,
      23, 45, 46, -1,
      46, 47, 23, -1,
      23, 47, 48, -1,
      23, 48, 49, -1,
      50, 51, 52, -1,
      52, 51, 53, -1,
      49, 54, 23, -1,
      23, 54, 51, -1,
      23, 51, 55, -1,
      55, 51, 50, -1,
      56, 57, 34, -1,
      34, 57, 58, -1,
      34, 58, 35, -1,
      59, 60, 10, -1,
      10, 60, 56, -1,
      10, 56, 11, -1,
      11, 56, 34, -1,
      11, 32, 9, -1,
      9, 32, 31, -1,
      9, 31, 61, -1,
      61, 31, 62, -1,
      62, 31, 63, -1,
      62, 63, 64, -1,
      65, 66, 67, -1,
      68, 69, 70, -1,
      36, 59, 37, -1,
      37, 59, 10, -1,
      37, 10, 8, -1,
      8, 10, 67, -1,
      8, 67, 6, -1,
      6, 67, 66, -1,
      71, 72, 73, -1,
      74, 75, 68, -1,
      68, 75, 76, -1,
      68, 76, 69, -1,
      73, 77, 71, -1,
      71, 77, 6, -1,
      71, 6, 78, -1,
      79, 80, 81, -1,
      81, 80, 82, -1,
      70, 65, 68, -1,
      68, 65, 67, -1,
      68, 67, 82, -1,
      82, 67, 73, -1,
      82, 73, 81, -1,
      81, 73, 72, -1,
      78, 83, 84, -1,
      85, 86, 78, -1,
      78, 86, 87, -1,
      78, 87, 68, -1,
      68, 87, 88, -1,
      68, 88, 74, -1,
      84, 89, 78, -1,
      78, 89, 90, -1,
      78, 90, 85, -1,
      66, 91, 6, -1,
      6, 91, 92, -1,
      6, 92, 78, -1,
      78, 92, 93, -1,
      78, 93, 83, -1,
      3, 5, 64, -1,
      64, 5, 6, -1,
      64, 6, 62, -1,
      62, 6, 77, -1,
      62, 77, 94, -1,
      61, 95, 9, -1,
      9, 95, 96, -1,
      9, 96, 10, -1,
      94, 97, 62, -1,
      62, 97, 95, -1,
      62, 95, 61, -1,
      97, 94, 98, -1,
      98, 94, 77, -1,
      98, 77, 73, -1,
      98, 73, 96, -1,
      96, 73, 67, -1,
      96, 67, 10, -1,
      95, 99, 100, -1,
      100, 101, 95, -1,
      95, 101, 102, -1,
      95, 102, 103, -1,
      103, 104, 95, -1,
      95, 104, 105, -1,
      95, 105, 96, -1,
      96, 105, 106, -1,
      107, 108, 97, -1,
      97, 108, 109, -1,
      97, 109, 110, -1,
      106, 111, 96, -1,
      96, 111, 112, -1,
      96, 112, 113, -1,
      110, 114, 97, -1,
      97, 114, 115, -1,
      97, 115, 95, -1,
      95, 115, 116, -1,
      95, 116, 99, -1,
      113, 117, 96, -1,
      96, 117, 118, -1,
      96, 118, 98, -1,
      98, 118, 119, -1,
      119, 120, 98, -1,
      98, 120, 121, -1,
      98, 121, 97, -1,
      97, 121, 122, -1,
      97, 122, 107, -1,
      123, 107, 124, -1,
      124, 107, 122, -1,
      124, 122, 125, -1,
      125, 122, 121, -1,
      125, 121, 126, -1,
      126, 121, 120, -1,
      126, 120, 127, -1,
      127, 120, 119, -1,
      127, 119, 128, -1,
      128, 119, 118, -1,
      128, 118, 129, -1,
      129, 118, 117, -1,
      129, 117, 130, -1,
      130, 117, 113, -1,
      130, 113, 131, -1,
      131, 113, 112, -1,
      131, 112, 132, -1,
      132, 112, 111, -1,
      132, 111, 133, -1,
      133, 111, 106, -1,
      133, 106, 134, -1,
      134, 106, 105, -1,
      134, 105, 135, -1,
      135, 105, 104, -1,
      135, 104, 136, -1,
      136, 104, 103, -1,
      136, 103, 137, -1,
      137, 103, 102, -1,
      137, 102, 138, -1,
      138, 102, 101, -1,
      138, 101, 139, -1,
      139, 101, 100, -1,
      139, 100, 140, -1,
      140, 100, 99, -1,
      140, 99, 141, -1,
      141, 99, 116, -1,
      141, 116, 142, -1,
      142, 116, 115, -1,
      142, 115, 143, -1,
      143, 115, 114, -1,
      143, 114, 144, -1,
      144, 114, 110, -1,
      144, 110, 145, -1,
      145, 110, 109, -1,
      145, 109, 146, -1,
      146, 109, 108, -1,
      146, 108, 123, -1,
      123, 108, 107, -1,
      145, 146, 147, -1,
      147, 146, 123, -1,
      147, 123, 124, -1,
      142, 143, 147, -1,
      147, 143, 144, -1,
      147, 144, 145, -1,
      139, 140, 147, -1,
      147, 140, 141, -1,
      147, 141, 142, -1,
      136, 137, 147, -1,
      147, 137, 138, -1,
      147, 138, 139, -1,
      133, 134, 147, -1,
      147, 134, 135, -1,
      147, 135, 136, -1,
      130, 131, 147, -1,
      147, 131, 132, -1,
      147, 132, 133, -1,
      127, 128, 147, -1,
      147, 128, 129, -1,
      147, 129, 130, -1,
      124, 125, 147, -1,
      147, 125, 126, -1,
      147, 126, 127, -1,
    ]
  }
}

Shape {
  appearance Appearance {
    material Material {
      diffuseColor 0.9686 0.8784 0.6000
      specularColor 0.6784 0.6157 0.4196
      ambientIntensity 0.2
      transparency 0.0000
      shininess 0.5
    }
  }
  geometry IndexedFaceSet {
    ccw TRUE
    solid FALSE
    coord DEF co Coordinate {
      point [
        0.005478 -0.337189 0.007874,
        0.012439 -0.337189 0.007874,
        0.012439 -0.343910 0.007874,
        0.021197 -0.326308 0.007874,
        0.018921 -0.326926 0.007874,
        0.015080 -0.326386 0.007874,
        0.004517 -0.343910 0.007874,
        0.004517 -0.346071 0.007874,
        0.045328 -0.346071 0.007874,
        0.032524 -0.331562 0.007874,
        0.031350 -0.329698 0.007874,
        0.042687 -0.326386 0.007874,
        0.029631 -0.328046 0.007874,
        0.027791 -0.326974 0.007874,
        0.004997 -0.326386 0.007874,
        0.004997 -0.328546 0.007874,
        0.012439 -0.328546 0.007874,
        0.012439 -0.335028 0.007874,
        0.005478 -0.335028 0.007874,
        0.023531 -0.328306 0.007874,
        0.019274 -0.343085 0.007874,
        0.021138 -0.328617 0.007874,
        0.018921 -0.342890 0.007874,
        0.018921 -0.329567 0.007874,
        0.042687 -0.343910 0.007874,
        0.035245 -0.343910 0.007874,
        0.032761 -0.341009 0.007874,
        0.025632 -0.326325 0.007874,
        0.024943 -0.326266 0.007874,
        0.045328 -0.326386 0.007874,
        0.031710 -0.342861 0.007874,
        0.035245 -0.346071 0.007874,
        0.030269 -0.344379 0.007874,
        0.018921 -0.345051 0.007874,
        0.015080 -0.346071 0.007874,
        0.033371 -0.338897 0.007874,
        0.033565 -0.336600 0.007874,
        0.033282 -0.333805 0.007874,
        0.025469 -0.328524 0.007874,
        0.026935 -0.329053 0.007874,
        0.028330 -0.329988 0.007874,
        0.029513 -0.331307 0.007874,
        0.030316 -0.332830 0.007874,
        0.030837 -0.334961 0.007874,
        0.030924 -0.336439 0.007874,
        0.030725 -0.338568 0.007874,
        0.030191 -0.340261 0.007874,
        0.023974 -0.344150 0.007874,
        0.028457 -0.342594 0.007874,
        0.025800 -0.343946 0.007874,
        0.027248 -0.343415 0.007874,
        0.029372 -0.341628 0.007874,
        0.021361 -0.343860 0.007874,
        0.024337 -0.346311 0.007874,
        0.026759 -0.346060 0.007874,
        0.028671 -0.345405 0.007874,
        0.021019 -0.345912 0.007874,
        0.023799 -0.346302 0.007874,
        0.023553 -0.326146 0.007874,
        0.021814 -0.326266 0.007874,
        -0.004676 -0.346071 0.007874,
        0.000676 -0.346071 0.007874,
        -0.016608 -0.346071 0.007874,
        -0.009437 -0.345158 0.007874,
        -0.007170 -0.345847 0.007874,
        -0.026691 -0.326386 0.007874,
        -0.034373 -0.346071 0.007874,
        -0.014188 -0.340666 0.007874,
        -0.013083 -0.342403 0.007874,
        -0.011474 -0.343958 0.007874,
        -0.024050 -0.326386 0.007874,
        -0.029500 -0.340550 0.007874,
        -0.021368 -0.340550 0.007874,
        -0.031492 -0.346071 0.007874,
        -0.019489 -0.346071 0.007874,
        -0.010027 -0.327498 0.007874,
        -0.011977 -0.328767 0.007874,
        -0.014751 -0.332928 0.007874,
        -0.015130 -0.335008 0.007874,
        -0.015168 -0.335981 0.007874,
        -0.014892 -0.338615 0.007874,
        -0.012742 -0.329476 0.007874,
        -0.013922 -0.331018 0.007874,
        0.000676 -0.326386 0.007874,
        -0.004879 -0.326386 0.007874,
        -0.007723 -0.326690 0.007874,
        -0.029500 -0.340550 0.027559,
        -0.031492 -0.346071 0.027559,
        -0.021368 -0.340550 0.027559,
        -0.019489 -0.346071 0.027559,
        -0.016608 -0.346071 0.027559,
        -0.024050 -0.326386 0.027559,
        -0.026691 -0.326386 0.027559,
        -0.034373 -0.346071 0.027559,
        -0.022032 -0.338389 0.027559,
        -0.028615 -0.338389 0.027559,
        -0.024969 -0.330167 0.027559,
        -0.025155 -0.329483 0.027559,
        -0.025284 -0.328787 0.027559,
        -0.025348 -0.328787 0.027559,
        -0.025476 -0.329482 0.027559,
        -0.025652 -0.330167 0.027559,
        -0.025348 -0.328787 0.007874,
        -0.025476 -0.329482 0.007874,
        -0.025652 -0.330167 0.007874,
        -0.025284 -0.328787 0.007874,
        -0.024969 -0.330167 0.007874,
        -0.025155 -0.329483 0.007874,
        -0.022032 -0.338389 0.007874,
        -0.028615 -0.338389 0.007874,
        -0.004879 -0.326386 0.027559,
        0.000676 -0.326386 0.027559,
        -0.015168 -0.335981 0.027559,
        -0.015130 -0.335008 0.027559,
        -0.014751 -0.332928 0.027559,
        -0.013922 -0.331018 0.027559,
        -0.012742 -0.329476 0.027559,
        -0.011977 -0.328767 0.027559,
        -0.010027 -0.327498 0.027559,
        -0.007723 -0.326690 0.027559,
        -0.004676 -0.346071 0.027559,
        -0.007170 -0.345847 0.027559,
        -0.009437 -0.345158 0.027559,
        -0.011474 -0.343958 0.027559,
        -0.013083 -0.342403 0.027559,
        -0.014188 -0.340666 0.027559,
        -0.014892 -0.338615 0.027559,
        0.000676 -0.346071 0.027559,
        -0.012527 -0.336037 0.027559,
        -0.012360 -0.334078 0.027559,
        -0.011900 -0.332522 0.027559,
        -0.011226 -0.331314 0.027559,
        -0.010270 -0.330297 0.027559,
        -0.008837 -0.329370 0.027559,
        -0.007211 -0.328797 0.027559,
        -0.004868 -0.328546 0.027559,
        -0.001965 -0.328546 0.027559,
        -0.001965 -0.343910 0.027559,
        -0.004759 -0.343910 0.027559,
        -0.006839 -0.343717 0.027559,
        -0.008495 -0.343200 0.027559,
        -0.009826 -0.342410 0.027559,
        -0.010938 -0.341315 0.027559,
        -0.011762 -0.339970 0.027559,
        -0.012284 -0.338405 0.027559,
        -0.004759 -0.343910 0.007874,
        -0.001965 -0.343910 0.007874,
        -0.012527 -0.336037 0.007874,
        -0.012284 -0.338405 0.007874,
        -0.011762 -0.339970 0.007874,
        -0.010938 -0.341315 0.007874,
        -0.009826 -0.342410 0.007874,
        -0.008495 -0.343200 0.007874,
        -0.006839 -0.343717 0.007874,
        -0.004868 -0.328546 0.007874,
        -0.007211 -0.328797 0.007874,
        -0.008837 -0.329370 0.007874,
        -0.010270 -0.330297 0.007874,
        -0.011226 -0.331314 0.007874,
        -0.011900 -0.332522 0.007874,
        -0.012360 -0.334078 0.007874,
        -0.001965 -0.328546 0.007874,
        0.015080 -0.326386 0.027559,
        0.015080 -0.346071 0.027559,
        0.004997 -0.326386 0.027559,
        0.004997 -0.328546 0.027559,
        0.012439 -0.328546 0.027559,
        0.012439 -0.335028 0.027559,
        0.005478 -0.335028 0.027559,
        0.005478 -0.337189 0.027559,
        0.012439 -0.337189 0.027559,
        0.012439 -0.343910 0.027559,
        0.004517 -0.343910 0.027559,
        0.004517 -0.346071 0.027559,
        0.033565 -0.336600 0.027559,
        0.033371 -0.338897 0.027559,
        0.032761 -0.341009 0.027559,
        0.031710 -0.342861 0.027559,
        0.030269 -0.344379 0.027559,
        0.028671 -0.345405 0.027559,
        0.026759 -0.346060 0.027559,
        0.024337 -0.346311 0.027559,
        0.023553 -0.326146 0.027559,
        0.025632 -0.326325 0.027559,
        0.027791 -0.326974 0.027559,
        0.029631 -0.328046 0.027559,
        0.031350 -0.329698 0.027559,
        0.032524 -0.331562 0.027559,
        0.033282 -0.333805 0.027559,
        0.021197 -0.326308 0.027559,
        0.018921 -0.326926 0.027559,
        0.018921 -0.329567 0.027559,
        0.023531 -0.328306 0.027559,
        0.021138 -0.328617 0.027559,
        0.030924 -0.336439 0.027559,
        0.030837 -0.334961 0.027559,
        0.030316 -0.332830 0.027559,
        0.029513 -0.331307 0.027559,
        0.028330 -0.329988 0.027559,
        0.026935 -0.329053 0.027559,
        0.025469 -0.328524 0.027559,
        0.023974 -0.344150 0.027559,
        0.025800 -0.343946 0.027559,
        0.027248 -0.343415 0.027559,
        0.028457 -0.342594 0.027559,
        0.029372 -0.341628 0.027559,
        0.030191 -0.340261 0.027559,
        0.030725 -0.338568 0.027559,
        0.018921 -0.342890 0.027559,
        0.019274 -0.343085 0.027559,
        0.021361 -0.343860 0.027559,
        0.018921 -0.345051 0.027559,
        0.023799 -0.346302 0.027559,
        0.021019 -0.345912 0.027559,
        0.045328 -0.326386 0.027559,
        0.045328 -0.346071 0.027559,
        0.042687 -0.326386 0.027559,
        0.042687 -0.343910 0.027559,
        0.035245 -0.343910 0.027559,
        0.035245 -0.346071 0.027559,
      ]
    }
    coordIndex [
      86, 71, 87, -1,
      87, 71, 73, -1,
      88, 72, 86, -1,
      86, 72, 71, -1,
      89, 74, 88, -1,
      88, 74, 72, -1,
      90, 62, 89, -1,
      89, 62, 74, -1,
      91, 70, 90, -1,
      90, 70, 62, -1,
      92, 65, 91, -1,
      91, 65, 70, -1,
      93, 66, 92, -1,
      92, 66, 65, -1,
      93, 87, 66, -1,
      66, 87, 73, -1,
      94, 88, 95, -1,
      95, 88, 86, -1,
      96, 91, 94, -1,
      94, 91, 90, -1,
      94, 90, 88, -1,
      88, 90, 89, -1,
      96, 97, 91, -1,
      91, 97, 98, -1,
      91, 98, 92, -1,
      92, 98, 99, -1,
      92, 99, 100, -1,
      100, 101, 92, -1,
      92, 101, 95, -1,
      92, 95, 93, -1,
      93, 95, 86, -1,
      93, 86, 87, -1,
      99, 102, 103, -1,
      99, 103, 100, -1,
      100, 103, 104, -1,
      100, 104, 101, -1,
      98, 105, 99, -1,
      99, 105, 102, -1,
      96, 106, 107, -1,
      96, 107, 97, -1,
      97, 107, 105, -1,
      97, 105, 98, -1,
      94, 108, 96, -1,
      96, 108, 106, -1,
      95, 109, 94, -1,
      94, 109, 108, -1,
      104, 109, 101, -1,
      101, 109, 95, -1,
      110, 84, 111, -1,
      111, 84, 83, -1,
      112, 79, 78, -1,
      112, 78, 113, -1,
      113, 78, 77, -1,
      113, 77, 114, -1,
      114, 77, 82, -1,
      114, 82, 115, -1,
      115, 82, 81, -1,
      115, 81, 116, -1,
      116, 81, 76, -1,
      116, 76, 117, -1,
      117, 76, 75, -1,
      117, 75, 118, -1,
      118, 75, 85, -1,
      118, 85, 119, -1,
      119, 85, 84, -1,
      119, 84, 110, -1,
      120, 60, 64, -1,
      120, 64, 121, -1,
      121, 64, 63, -1,
      121, 63, 122, -1,
      122, 63, 69, -1,
      122, 69, 123, -1,
      123, 69, 68, -1,
      123, 68, 124, -1,
      124, 68, 67, -1,
      124, 67, 125, -1,
      125, 67, 80, -1,
      125, 80, 126, -1,
      126, 80, 79, -1,
      126, 79, 112, -1,
      127, 61, 120, -1,
      120, 61, 60, -1,
      127, 111, 61, -1,
      61, 111, 83, -1,
      126, 112, 128, -1,
      128, 112, 113, -1,
      128, 113, 129, -1,
      129, 113, 114, -1,
      129, 114, 130, -1,
      130, 114, 115, -1,
      130, 115, 131, -1,
      131, 115, 116, -1,
      131, 116, 132, -1,
      132, 116, 117, -1,
      132, 117, 133, -1,
      133, 117, 118, -1,
      133, 118, 134, -1,
      134, 118, 119, -1,
      134, 119, 135, -1,
      135, 119, 110, -1,
      135, 110, 136, -1,
      136, 110, 111, -1,
      136, 111, 137, -1,
      137, 111, 127, -1,
      137, 127, 138, -1,
      138, 127, 120, -1,
      138, 120, 139, -1,
      139, 120, 121, -1,
      139, 121, 140, -1,
      140, 121, 122, -1,
      140, 122, 141, -1,
      141, 122, 123, -1,
      141, 123, 142, -1,
      142, 123, 124, -1,
      142, 124, 143, -1,
      143, 124, 125, -1,
      143, 125, 144, -1,
      144, 125, 126, -1,
      144, 126, 128, -1,
      138, 145, 137, -1,
      137, 145, 146, -1,
      128, 147, 148, -1,
      128, 148, 144, -1,
      144, 148, 149, -1,
      144, 149, 143, -1,
      143, 149, 150, -1,
      143, 150, 142, -1,
      142, 150, 151, -1,
      142, 151, 141, -1,
      141, 151, 152, -1,
      141, 152, 140, -1,
      140, 152, 153, -1,
      140, 153, 139, -1,
      139, 153, 145, -1,
      139, 145, 138, -1,
      135, 154, 155, -1,
      135, 155, 134, -1,
      134, 155, 156, -1,
      134, 156, 133, -1,
      133, 156, 157, -1,
      133, 157, 132, -1,
      132, 157, 158, -1,
      132, 158, 131, -1,
      131, 158, 159, -1,
      131, 159, 130, -1,
      130, 159, 160, -1,
      130, 160, 129, -1,
      129, 160, 147, -1,
      129, 147, 128, -1,
      136, 161, 135, -1,
      135, 161, 154, -1,
      146, 161, 137, -1,
      137, 161, 136, -1,
      162, 5, 163, -1,
      163, 5, 34, -1,
      164, 14, 162, -1,
      162, 14, 5, -1,
      165, 15, 164, -1,
      164, 15, 14, -1,
      166, 16, 165, -1,
      165, 16, 15, -1,
      167, 17, 166, -1,
      166, 17, 16, -1,
      168, 18, 167, -1,
      167, 18, 17, -1,
      169, 0, 168, -1,
      168, 0, 18, -1,
      170, 1, 169, -1,
      169, 1, 0, -1,
      171, 2, 170, -1,
      170, 2, 1, -1,
      172, 6, 171, -1,
      171, 6, 2, -1,
      173, 7, 172, -1,
      172, 7, 6, -1,
      173, 163, 7, -1,
      7, 163, 34, -1,
      173, 172, 163, -1,
      163, 172, 171, -1,
      169, 168, 170, -1,
      170, 168, 167, -1,
      165, 164, 166, -1,
      166, 164, 162, -1,
      166, 162, 167, -1,
      167, 162, 163, -1,
      167, 163, 170, -1,
      170, 163, 171, -1,
      174, 36, 35, -1,
      174, 35, 175, -1,
      175, 35, 26, -1,
      175, 26, 176, -1,
      176, 26, 30, -1,
      176, 30, 177, -1,
      177, 30, 32, -1,
      177, 32, 178, -1,
      178, 32, 55, -1,
      178, 55, 179, -1,
      179, 55, 54, -1,
      179, 54, 180, -1,
      180, 54, 53, -1,
      180, 53, 181, -1,
      58, 28, 182, -1,
      182, 28, 183, -1,
      28, 27, 183, -1,
      183, 27, 13, -1,
      183, 13, 184, -1,
      184, 13, 12, -1,
      184, 12, 185, -1,
      185, 12, 10, -1,
      185, 10, 186, -1,
      186, 10, 9, -1,
      186, 9, 187, -1,
      187, 9, 37, -1,
      187, 37, 188, -1,
      188, 37, 36, -1,
      188, 36, 174, -1,
      58, 182, 59, -1,
      59, 182, 189, -1,
      59, 189, 3, -1,
      3, 189, 190, -1,
      3, 190, 4, -1,
      191, 23, 190, -1,
      190, 23, 4, -1,
      192, 19, 21, -1,
      192, 21, 193, -1,
      193, 21, 23, -1,
      193, 23, 191, -1,
      194, 44, 43, -1,
      194, 43, 195, -1,
      195, 43, 42, -1,
      195, 42, 196, -1,
      196, 42, 41, -1,
      196, 41, 197, -1,
      197, 41, 40, -1,
      197, 40, 198, -1,
      198, 40, 39, -1,
      198, 39, 199, -1,
      199, 39, 38, -1,
      199, 38, 200, -1,
      200, 38, 19, -1,
      200, 19, 192, -1,
      201, 47, 49, -1,
      201, 49, 202, -1,
      202, 49, 50, -1,
      202, 50, 203, -1,
      203, 50, 48, -1,
      203, 48, 204, -1,
      204, 48, 51, -1,
      204, 51, 205, -1,
      205, 51, 46, -1,
      205, 46, 206, -1,
      206, 46, 45, -1,
      206, 45, 207, -1,
      207, 45, 44, -1,
      207, 44, 194, -1,
      208, 22, 20, -1,
      208, 20, 209, -1,
      209, 20, 52, -1,
      209, 52, 210, -1,
      210, 52, 47, -1,
      210, 47, 201, -1,
      211, 33, 208, -1,
      208, 33, 22, -1,
      181, 53, 57, -1,
      181, 57, 212, -1,
      212, 57, 56, -1,
      212, 56, 213, -1,
      213, 56, 33, -1,
      213, 33, 211, -1,
      202, 181, 201, -1,
      201, 181, 212, -1,
      201, 212, 210, -1,
      210, 212, 213, -1,
      210, 213, 209, -1,
      209, 213, 211, -1,
      209, 211, 208, -1,
      191, 190, 193, -1,
      193, 190, 189, -1,
      193, 189, 192, -1,
      192, 189, 182, -1,
      192, 182, 200, -1,
      200, 182, 183, -1,
      200, 183, 199, -1,
      199, 183, 184, -1,
      199, 184, 198, -1,
      198, 184, 185, -1,
      198, 185, 197, -1,
      197, 185, 186, -1,
      197, 186, 196, -1,
      196, 186, 187, -1,
      196, 187, 195, -1,
      195, 187, 188, -1,
      195, 188, 194, -1,
      194, 188, 174, -1,
      194, 174, 207, -1,
      207, 174, 175, -1,
      207, 175, 206, -1,
      206, 175, 176, -1,
      206, 176, 205, -1,
      205, 176, 177, -1,
      205, 177, 204, -1,
      204, 177, 178, -1,
      204, 178, 203, -1,
      203, 178, 179, -1,
      203, 179, 202, -1,
      202, 179, 180, -1,
      202, 180, 181, -1,
      214, 29, 215, -1,
      215, 29, 8, -1,
      216, 11, 214, -1,
      214, 11, 29, -1,
      217, 24, 216, -1,
      216, 24, 11, -1,
      218, 25, 217, -1,
      217, 25, 24, -1,
      219, 31, 218, -1,
      218, 31, 25, -1,
      219, 215, 31, -1,
      31, 215, 8, -1,
      216, 214, 217, -1,
      217, 214, 215, -1,
      217, 215, 218, -1,
      218, 215, 219, -1,
    ]
  }
}

Shape {
  appearance Appearance {
    material Material {
      diffuseColor 0.1098 0.1098 0.1098
      specularColor 0.0784 0.0784 0.0784
      ambientIntensity 0.2
      transparency 0.0000
      shininess 0.5
    }
  }
  geometry IndexedFaceSet {
    ccw TRUE
    solid FALSE
    coord DEF co Coordinate {
      point [
        -0.025348 -0.328787 0.007874,
        -0.025476 -0.329482 0.007874,
        -0.025652 -0.330167 0.007874,
        -0.025284 -0.328787 0.007874,
        -0.024969 -0.330167 0.007874,
        -0.025155 -0.329483 0.007874,
        -0.022032 -0.338389 0.007874,
        -0.028615 -0.338389 0.007874,
        -0.004759 -0.343910 0.007874,
        -0.001965 -0.343910 0.007874,
        -0.012527 -0.336037 0.007874,
        -0.012284 -0.338405 0.007874,
        -0.011762 -0.339970 0.007874,
        -0.010938 -0.341315 0.007874,
        -0.009826 -0.342410 0.007874,
        -0.008495 -0.343200 0.007874,
        -0.006839 -0.343717 0.007874,
        -0.004868 -0.328546 0.007874,
        -0.007211 -0.328797 0.007874,
        -0.008837 -0.329370 0.007874,
        -0.010270 -0.330297 0.007874,
        -0.011226 -0.331314 0.007874,
        -0.011900 -0.332522 0.007874,
        -0.012360 -0.334078 0.007874,
        -0.001965 -0.328546 0.007874,
      ]
    }
    coordIndex [
      6, 7, 4, -1,
      4, 7, 2, -1,
      4, 2, 5, -1,
      5, 2, 1, -1,
      5, 1, 3, -1,
      3, 1, 0, -1,
      24, 9, 17, -1,
      17, 9, 8, -1,
      11, 10, 17, -1,
      10, 23, 17, -1,
      17, 23, 22, -1,
      17, 22, 18, -1,
      8, 16, 17, -1,
      17, 16, 15, -1,
      17, 15, 14, -1,
      21, 20, 22, -1,
      22, 20, 19, -1,
      22, 19, 18, -1,
      14, 13, 17, -1,
      17, 13, 12, -1,
      17, 12, 11, -1,
    ]
  }
}

Shape {
  appearance Appearance {
    material Material {
      diffuseColor 0.9686 0.8784 0.6000
      specularColor 0.6784 0.6157 0.4196
      ambientIntensity 0.2
      transparency 0.0000
      shininess 0.5
    }
  }
  geometry IndexedFaceSet {
    ccw TRUE
    solid FALSE
    coord DEF co Coordinate {
      point [
        0.127953 0.433071 0.078740,
        0.068898 0.433071 0.078740,
        0.127953 0.433071 0.000000,
        0.068898 0.433071 0.000000,
        0.131793 0.433449 0.000000,
        0.131793 0.433449 0.078740,
        0.135486 0.434569 0.000000,
        0.135486 0.434569 0.078740,
        0.138889 0.436388 0.000000,
        0.138889 0.436388 0.078740,
        0.141872 0.438837 0.000000,
        0.141872 0.438837 0.078740,
        0.144320 0.441819 0.000000,
        0.144320 0.441819 0.078740,
        0.146139 0.445223 0.000000,
        0.146139 0.445223 0.078740,
        0.147259 0.448915 0.000000,
        0.147259 0.448915 0.078740,
        0.147638 0.452756 0.000000,
        0.147638 0.452756 0.078740,
        0.147638 0.531496 0.078740,
        0.147638 0.531496 0.000000,
        0.147259 0.535336 0.000000,
        0.147259 0.535336 0.078740,
        0.146139 0.539029 0.000000,
        0.146139 0.539029 0.078740,
        0.144320 0.542433 0.000000,
        0.144320 0.542433 0.078740,
        0.141872 0.545415 0.000000,
        0.141872 0.545415 0.078740,
        0.138889 0.547863 0.000000,
        0.138889 0.547863 0.078740,
        0.135486 0.549683 0.000000,
        0.135486 0.549683 0.078740,
        0.131793 0.550803 0.000000,
        0.131793 0.550803 0.078740,
        0.127953 0.551181 0.000000,
        0.127953 0.551181 0.078740,
        0.068898 0.551181 0.078740,
        0.068898 0.551181 0.000000,
        0.065057 0.550803 0.000000,
        0.065057 0.550803 0.078740,
        0.061365 0.549683 0.000000,
        0.061365 0.549683 0.078740,
        0.057961 0.547863 0.000000,
        0.057961 0.547863 0.078740,
        0.054978 0.545415 0.000000,
        0.054978 0.545415 0.078740,
        0.052530 0.542433 0.000000,
        0.052530 0.542433 0.078740,
        0.050711 0.539029 0.000000,
        0.050711 0.539029 0.078740,
        0.049591 0.535336 0.000000,
        0.049591 0.535336 0.078740,
        0.049213 0.531496 0.000000,
        0.049213 0.531496 0.078740,
      ]
    }
    coordIndex [
      0, 1, 2, -1,
      2, 1, 3, -1,
      0, 2, 4, -1,
      0, 4, 5, -1,
      5, 4, 6, -1,
      5, 6, 7, -1,
      7, 6, 8, -1,
      7, 8, 9, -1,
      9, 8, 10, -1,
      9, 10, 11, -1,
      11, 10, 12, -1,
      11, 12, 13, -1,
      13, 12, 14, -1,
      13, 14, 15, -1,
      15, 14, 16, -1,
      15, 16, 17, -1,
      17, 16, 18, -1,
      17, 18, 19, -1,
      20, 19, 21, -1,
      21, 19, 18, -1,
      20, 21, 22, -1,
      20, 22, 23, -1,
      23, 22, 24, -1,
      23, 24, 25, -1,
      25, 24, 26, -1,
      25, 26, 27, -1,
      27, 26, 28, -1,
      27, 28, 29, -1,
      29, 28, 30, -1,
      29, 30, 31, -1,
      31, 30, 32, -1,
      31, 32, 33, -1,
      33, 32, 34, -1,
      33, 34, 35, -1,
      35, 34, 36, -1,
      35, 36, 37, -1,
      38, 37, 39, -1,
      39, 37, 36, -1,
      38, 39, 40, -1,
      38, 40, 41, -1,
      41, 40, 42, -1,
      41, 42, 43, -1,
      43, 42, 44, -1,
      43, 44, 45, -1,
      45, 44, 46, -1,
      45, 46, 47, -1,
      47, 46, 48, -1,
      47, 48, 49, -1,
      49, 48, 50, -1,
      49, 50, 51, -1,
      51, 50, 52, -1,
      51, 52, 53, -1,
      53, 52, 54, -1,
      53, 54, 55, -1,
    ]
  }
}

Shape {
  appearance Appearance {
    material Material {
      diffuseColor 0.1098 0.1098 0.1098
      specularColor 0.0784 0.0784 0.0784
      ambientIntensity 0.2
      transparency 0.0000
      shininess 0.5
    }
  }
  geometry IndexedFaceSet {
    ccw TRUE
    solid FALSE
    coord DEF co Coordinate {
      point [
        0.049213 0.531496 0.000000,
        0.049213 0.531496 0.078740,
        0.049213 0.452756 0.078740,
        0.049213 0.452756 0.000000,
      ]
    }
    coordIndex [
      2, 1, 3, -1,
      3, 1, 0, -1,
    ]
  }
}

Shape {
  appearance Appearance {
    material Material {
      diffuseColor 0.9686 0.8784 0.6000
      specularColor 0.6784 0.6157 0.4196
      ambientIntensity 0.2
      transparency 0.0000
      shininess 0.5
    }
  }
  geometry IndexedFaceSet {
    ccw TRUE
    solid FALSE
    coord DEF co Coordinate {
      point [
        0.127953 0.433071 0.078740,
        0.068898 0.433071 0.078740,
        0.127953 0.433071 0.000000,
        0.068898 0.433071 0.000000,
        0.131793 0.433449 0.000000,
        0.131793 0.433449 0.078740,
        0.135486 0.434569 0.000000,
        0.135486 0.434569 0.078740,
        0.138889 0.436388 0.000000,
        0.138889 0.436388 0.078740,
        0.141872 0.438837 0.000000,
        0.141872 0.438837 0.078740,
        0.144320 0.441819 0.000000,
        0.144320 0.441819 0.078740,
        0.146139 0.445223 0.000000,
        0.146139 0.445223 0.078740,
        0.147259 0.448915 0.000000,
        0.147259 0.448915 0.078740,
        0.147638 0.452756 0.000000,
        0.147638 0.452756 0.078740,
        0.147638 0.531496 0.078740,
        0.147638 0.531496 0.000000,
        0.147259 0.535336 0.000000,
        0.147259 0.535336 0.078740,
        0.146139 0.539029 0.000000,
        0.146139 0.539029 0.078740,
        0.144320 0.542433 0.000000,
        0.144320 0.542433 0.078740,
        0.141872 0.545415 0.000000,
        0.141872 0.545415 0.078740,
        0.138889 0.547863 0.000000,
        0.138889 0.547863 0.078740,
        0.135486 0.549683 0.000000,
        0.135486 0.549683 0.078740,
        0.131793 0.550803 0.000000,
        0.131793 0.550803 0.078740,
        0.127953 0.551181 0.000000,
        0.127953 0.551181 0.078740,
        0.068898 0.551181 0.078740,
        0.068898 0.551181 0.000000,
        0.065057 0.550803 0.000000,
        0.065057 0.550803 0.078740,
        0.061365 0.549683 0.000000,
        0.061365 0.549683 0.078740,
        0.057961 0.547863 0.000000,
        0.057961 0.547863 0.078740,
        0.054978 0.545415 0.000000,
        0.054978 0.545415 0.078740,
        0.052530 0.542433 0.000000,
        0.052530 0.542433 0.078740,
        0.050711 0.539029 0.000000,
        0.050711 0.539029 0.078740,
        0.049591 0.535336 0.000000,
        0.049591 0.535336 0.078740,
        0.049213 0.531496 0.000000,
        0.049213 0.531496 0.078740,
        0.049213 0.452756 0.078740,
        0.049213 0.452756 0.000000,
        0.049591 0.448915 0.000000,
        0.049591 0.448915 0.078740,
        0.050711 0.445223 0.000000,
        0.050711 0.445223 0.078740,
        0.052530 0.441819 0.000000,
        0.052530 0.441819 0.078740,
        0.054978 0.438837 0.000000,
        0.054978 0.438837 0.078740,
        0.057961 0.436388 0.000000,
        0.057961 0.436388 0.078740,
        0.061365 0.434569 0.000000,
        0.061365 0.434569 0.078740,
        0.065057 0.433449 0.000000,
        0.065057 0.433449 0.078740,
      ]
    }
    coordIndex [
      56, 57, 58, -1,
      56, 58, 59, -1,
      59, 58, 60, -1,
      59, 60, 61, -1,
      61, 60, 62, -1,
      61, 62, 63, -1,
      63, 62, 64, -1,
      63, 64, 65, -1,
      65, 64, 66, -1,
      65, 66, 67, -1,
      67, 66, 68, -1,
      67, 68, 69, -1,
      69, 68, 70, -1,
      69, 70, 71, -1,
      71, 70, 3, -1,
      71, 3, 1, -1,
      35, 37, 20, -1,
      53, 55, 43, -1,
      7, 9, 19, -1,
      43, 55, 41, -1,
      20, 37, 19, -1,
      38, 1, 37, -1,
      37, 1, 0, -1,
      37, 0, 19, -1,
      19, 0, 5, -1,
      19, 5, 7, -1,
      9, 11, 13, -1,
      43, 45, 47, -1,
      59, 71, 56, -1,
      56, 71, 1, -1,
      56, 1, 55, -1,
      55, 1, 38, -1,
      55, 38, 41, -1,
      13, 15, 9, -1,
      9, 15, 17, -1,
      9, 17, 19, -1,
      25, 27, 33, -1,
      33, 27, 29, -1,
      33, 29, 31, -1,
      47, 49, 43, -1,
      43, 49, 51, -1,
      43, 51, 53, -1,
      35, 20, 33, -1,
      33, 20, 23, -1,
      33, 23, 25, -1,
      63, 65, 67, -1,
      59, 61, 71, -1,
      71, 61, 63, -1,
      71, 63, 69, -1,
      69, 63, 67, -1,
      40, 39, 54, -1,
      54, 39, 57, -1,
      34, 32, 21, -1,
      36, 2, 39, -1,
      39, 2, 3, -1,
      39, 3, 57, -1,
      57, 3, 70, -1,
      57, 70, 58, -1,
      58, 70, 60, -1,
      40, 54, 42, -1,
      42, 54, 52, -1,
      42, 52, 50, -1,
      12, 10, 8, -1,
      66, 64, 62, -1,
      50, 48, 42, -1,
      42, 48, 46, -1,
      42, 46, 44, -1,
      26, 32, 28, -1,
      28, 32, 30, -1,
      26, 24, 32, -1,
      32, 24, 22, -1,
      32, 22, 21, -1,
      12, 8, 14, -1,
      6, 4, 18, -1,
      18, 4, 2, -1,
      18, 2, 21, -1,
      21, 2, 36, -1,
      21, 36, 34, -1,
      60, 70, 62, -1,
      62, 70, 68, -1,
      62, 68, 66, -1,
      6, 18, 8, -1,
      8, 18, 16, -1,
      8, 16, 14, -1,
    ]
  }
}

Shape {
  appearance Appearance {
    material Material {
      diffuseColor 0.1098 0.1098 0.1098
      specularColor 0.0784 0.0784 0.0784
      ambientIntensity 0.2
      transparency 0.0000
      shininess 0.5
    }
  }
  geometry IndexedFaceSet {
    ccw TRUE
    solid FALSE
    coord DEF co Coordinate {
      point [
        -0.462598 -0.551181 0.078740,
        -0.462598 -0.551181 0.000000,
        -0.458758 -0.550803 0.000000,
        -0.458758 -0.550803 0.078740,
        -0.455065 -0.549683 0.000000,
        -0.455065 -0.549683 0.078740,
        -0.451662 -0.547863 0.000000,
        -0.451662 -0.547863 0.078740,
        -0.448679 -0.545415 0.000000,
        -0.448679 -0.545415 0.078740,
        -0.446231 -0.542433 0.000000,
        -0.446231 -0.542433 0.078740,
        -0.444412 -0.539029 0.000000,
        -0.444412 -0.539029 0.078740,
        -0.443292 -0.535336 0.000000,
        -0.443292 -0.535336 0.078740,
        -0.442913 -0.531496 0.000000,
        -0.442913 -0.531496 0.078740,
      ]
    }
    coordIndex [
      0, 1, 2, -1,
      0, 2, 3, -1,
      3, 2, 4, -1,
      3, 4, 5, -1,
      5, 4, 6, -1,
      5, 6, 7, -1,
      7, 6, 8, -1,
      7, 8, 9, -1,
      9, 8, 10, -1,
      9, 10, 11, -1,
      11, 10, 12, -1,
      11, 12, 13, -1,
      13, 12, 14, -1,
      13, 14, 15, -1,
      15, 14, 16, -1,
      15, 16, 17, -1,
    ]
  }
}

Shape {
  appearance Appearance {
    material Material {
      diffuseColor 0.9686 0.8784 0.6000
      specularColor 0.6784 0.6157 0.4196
      ambientIntensity 0.2
      transparency 0.0000
      shininess 0.5
    }
  }
  geometry IndexedFaceSet {
    ccw TRUE
    solid FALSE
    coord DEF co Coordinate {
      point [
        -0.442913 -0.531496 0.000000,
        -0.442913 -0.531496 0.078740,
        -0.442913 -0.452756 0.078740,
        -0.442913 -0.452756 0.000000,
        -0.443292 -0.448915 0.000000,
        -0.443292 -0.448915 0.078740,
        -0.444412 -0.445223 0.000000,
        -0.444412 -0.445223 0.078740,
        -0.446231 -0.441819 0.000000,
        -0.446231 -0.441819 0.078740,
        -0.448679 -0.438837 0.000000,
        -0.448679 -0.438837 0.078740,
        -0.451662 -0.436388 0.000000,
        -0.451662 -0.436388 0.078740,
        -0.455065 -0.434569 0.000000,
        -0.455065 -0.434569 0.078740,
        -0.458758 -0.433449 0.000000,
        -0.458758 -0.433449 0.078740,
        -0.462598 -0.433071 0.000000,
        -0.462598 -0.433071 0.078740,
        -0.521654 -0.433071 0.078740,
        -0.521654 -0.433071 0.000000,
        -0.525494 -0.433449 0.000000,
        -0.525494 -0.433449 0.078740,
        -0.529187 -0.434569 0.000000,
        -0.529187 -0.434569 0.078740,
        -0.532590 -0.436388 0.000000,
        -0.532590 -0.436388 0.078740,
        -0.535573 -0.438837 0.000000,
        -0.535573 -0.438837 0.078740,
        -0.538021 -0.441819 0.000000,
        -0.538021 -0.441819 0.078740,
        -0.539840 -0.445223 0.000000,
        -0.539840 -0.445223 0.078740,
        -0.540960 -0.448915 0.000000,
        -0.540960 -0.448915 0.078740,
        -0.541339 -0.452756 0.000000,
        -0.541339 -0.452756 0.078740,
      ]
    }
    coordIndex [
      2, 1, 3, -1,
      3, 1, 0, -1,
      2, 3, 4, -1,
      2, 4, 5, -1,
      5, 4, 6, -1,
      5, 6, 7, -1,
      7, 6, 8, -1,
      7, 8, 9, -1,
      9, 8, 10, -1,
      9, 10, 11, -1,
      11, 10, 12, -1,
      11, 12, 13, -1,
      13, 12, 14, -1,
      13, 14, 15, -1,
      15, 14, 16, -1,
      15, 16, 17, -1,
      17, 16, 18, -1,
      17, 18, 19, -1,
      20, 19, 21, -1,
      21, 19, 18, -1,
      20, 21, 22, -1,
      20, 22, 23, -1,
      23, 22, 24, -1,
      23, 24, 25, -1,
      25, 24, 26, -1,
      25, 26, 27, -1,
      27, 26, 28, -1,
      27, 28, 29, -1,
      29, 28, 30, -1,
      29, 30, 31, -1,
      31, 30, 32, -1,
      31, 32, 33, -1,
      33, 32, 34, -1,
      33, 34, 35, -1,
      35, 34, 36, -1,
      35, 36, 37, -1,
    ]
  }
}

Shape {
  appearance Appearance {
    material Material {
      diffuseColor 0.1098 0.1098 0.1098
      specularColor 0.0784 0.0784 0.0784
      ambientIntensity 0.2
      transparency 0.0000
      shininess 0.5
    }
  }
  geometry IndexedFaceSet {
    ccw TRUE
    solid FALSE
    coord DEF co Coordinate {
      point [
        -0.541339 -0.452756 0.000000,
        -0.541339 -0.452756 0.078740,
        -0.541339 -0.531496 0.078740,
        -0.541339 -0.531496 0.000000,
      ]
    }
    coordIndex [
      2, 1, 3, -1,
      3, 1, 0, -1,
    ]
  }
}

Shape {
  appearance Appearance {
    material Material {
      diffuseColor 0.9686 0.8784 0.6000
      specularColor 0.6784 0.6157 0.4196
      ambientIntensity 0.2
      transparency 0.0000
      shininess 0.5
    }
  }
  geometry IndexedFaceSet {
    ccw TRUE
    solid FALSE
    coord DEF co Coordinate {
      point [
        -0.541339 -0.531496 0.078740,
        -0.541339 -0.531496 0.000000,
        -0.540960 -0.535336 0.000000,
        -0.540960 -0.535336 0.078740,
        -0.539840 -0.539029 0.000000,
        -0.539840 -0.539029 0.078740,
        -0.538021 -0.542433 0.000000,
        -0.538021 -0.542433 0.078740,
        -0.535573 -0.545415 0.000000,
        -0.535573 -0.545415 0.078740,
        -0.532590 -0.547863 0.000000,
        -0.532590 -0.547863 0.078740,
        -0.529187 -0.549683 0.000000,
        -0.529187 -0.549683 0.078740,
        -0.525494 -0.550803 0.000000,
        -0.525494 -0.550803 0.078740,
        -0.521654 -0.551181 0.000000,
        -0.521654 -0.551181 0.078740,
      ]
    }
    coordIndex [
      0, 1, 2, -1,
      0, 2, 3, -1,
      3, 2, 4, -1,
      3, 4, 5, -1,
      5, 4, 6, -1,
      5, 6, 7, -1,
      7, 6, 8, -1,
      7, 8, 9, -1,
      9, 8, 10, -1,
      9, 10, 11, -1,
      11, 10, 12, -1,
      11, 12, 13, -1,
      13, 12, 14, -1,
      13, 14, 15, -1,
      15, 14, 16, -1,
      15, 16, 17, -1,
    ]
  }
}

Shape {
  appearance Appearance {
    material Material {
      diffuseColor 0.1098 0.1098 0.1098
      specularColor 0.0784 0.0784 0.0784
      ambientIntensity 0.2
      transparency 0.0000
      shininess 0.5
    }
  }
  geometry IndexedFaceSet {
    ccw TRUE
    solid FALSE
    coord DEF co Coordinate {
      point [
        -0.462598 -0.551181 0.078740,
        -0.462598 -0.551181 0.000000,
        -0.458758 -0.550803 0.078740,
        -0.455065 -0.549683 0.078740,
        -0.451662 -0.547863 0.078740,
        -0.448679 -0.545415 0.078740,
        -0.446231 -0.542433 0.078740,
        -0.444412 -0.539029 0.078740,
        -0.443292 -0.535336 0.078740,
        -0.442913 -0.531496 0.078740,
        -0.442913 -0.452756 0.078740,
        -0.443292 -0.448915 0.078740,
        -0.444412 -0.445223 0.078740,
        -0.446231 -0.441819 0.078740,
        -0.448679 -0.438837 0.078740,
        -0.451662 -0.436388 0.078740,
        -0.455065 -0.434569 0.078740,
        -0.458758 -0.433449 0.078740,
        -0.462598 -0.433071 0.078740,
        -0.521654 -0.433071 0.078740,
        -0.525494 -0.433449 0.078740,
        -0.529187 -0.434569 0.078740,
        -0.532590 -0.436388 0.078740,
        -0.535573 -0.438837 0.078740,
        -0.538021 -0.441819 0.078740,
        -0.539840 -0.445223 0.078740,
        -0.540960 -0.448915 0.078740,
        -0.541339 -0.452756 0.078740,
        -0.541339 -0.531496 0.078740,
        -0.540960 -0.535336 0.078740,
        -0.539840 -0.539029 0.078740,
        -0.538021 -0.542433 0.078740,
        -0.535573 -0.545415 0.078740,
        -0.532590 -0.547863 0.078740,
        -0.529187 -0.549683 0.078740,
        -0.525494 -0.550803 0.078740,
        -0.521654 -0.551181 0.000000,
        -0.521654 -0.551181 0.078740,
      ]
    }
    coordIndex [
      0, 37, 1, -1,
      1, 37, 36, -1,
      37, 0, 28, -1,
      0, 18, 28, -1,
      28, 18, 19, -1,
      28, 19, 27, -1,
      3, 4, 8, -1,
      16, 13, 15, -1,
      15, 13, 14, -1,
      30, 31, 35, -1,
      10, 11, 16, -1,
      16, 11, 12, -1,
      16, 12, 13, -1,
      16, 17, 10, -1,
      10, 17, 18, -1,
      10, 18, 9, -1,
      9, 18, 0, -1,
      9, 0, 8, -1,
      8, 0, 2, -1,
      8, 2, 3, -1,
      4, 5, 8, -1,
      8, 5, 6, -1,
      8, 6, 7, -1,
      37, 28, 35, -1,
      35, 28, 29, -1,
      35, 29, 30, -1,
      31, 32, 35, -1,
      35, 32, 33, -1,
      35, 33, 34, -1,
      19, 20, 27, -1,
      27, 20, 21, -1,
      27, 21, 26, -1,
      26, 21, 22, -1,
      22, 23, 26, -1,
      26, 23, 24, -1,
      26, 24, 25, -1,
    ]
  }
}

Shape {
  appearance Appearance {
    material Material {
      diffuseColor 0.9686 0.8784 0.6000
      specularColor 0.6784 0.6157 0.4196
      ambientIntensity 0.2
      transparency 0.0000
      shininess 0.5
    }
  }
  geometry IndexedFaceSet {
    ccw TRUE
    solid FALSE
    coord DEF co Coordinate {
      point [
        -0.462598 -0.551181 0.000000,
        -0.458758 -0.550803 0.000000,
        -0.455065 -0.549683 0.000000,
        -0.451662 -0.547863 0.000000,
        -0.448679 -0.545415 0.000000,
        -0.446231 -0.542433 0.000000,
        -0.444412 -0.539029 0.000000,
        -0.443292 -0.535336 0.000000,
        -0.442913 -0.531496 0.000000,
        -0.442913 -0.452756 0.000000,
        -0.443292 -0.448915 0.000000,
        -0.444412 -0.445223 0.000000,
        -0.446231 -0.441819 0.000000,
        -0.448679 -0.438837 0.000000,
        -0.451662 -0.436388 0.000000,
        -0.455065 -0.434569 0.000000,
        -0.458758 -0.433449 0.000000,
        -0.462598 -0.433071 0.000000,
        -0.521654 -0.433071 0.000000,
        -0.525494 -0.433449 0.000000,
        -0.529187 -0.434569 0.000000,
        -0.532590 -0.436388 0.000000,
        -0.535573 -0.438837 0.000000,
        -0.538021 -0.441819 0.000000,
        -0.539840 -0.445223 0.000000,
        -0.540960 -0.448915 0.000000,
        -0.541339 -0.452756 0.000000,
        -0.541339 -0.531496 0.000000,
        -0.540960 -0.535336 0.000000,
        -0.539840 -0.539029 0.000000,
        -0.538021 -0.542433 0.000000,
        -0.535573 -0.545415 0.000000,
        -0.532590 -0.547863 0.000000,
        -0.529187 -0.549683 0.000000,
        -0.525494 -0.550803 0.000000,
        -0.521654 -0.551181 0.000000,
        0.521654 -0.551181 0.078740,
        0.462598 -0.551181 0.078740,
        0.521654 -0.551181 0.000000,
        0.462598 -0.551181 0.000000,
        0.525494 -0.550803 0.000000,
        0.525494 -0.550803 0.078740,
        0.529187 -0.549683 0.000000,
        0.529187 -0.549683 0.078740,
        0.532590 -0.547863 0.000000,
        0.532590 -0.547863 0.078740,
        0.535573 -0.545415 0.000000,
        0.535573 -0.545415 0.078740,
        0.538021 -0.542433 0.000000,
        0.538021 -0.542433 0.078740,
        0.539840 -0.539029 0.000000,
        0.539840 -0.539029 0.078740,
        0.540960 -0.535336 0.000000,
        0.540960 -0.535336 0.078740,
        0.541339 -0.531496 0.000000,
        0.541339 -0.531496 0.078740,
      ]
    }
    coordIndex [
      27, 18, 0, -1,
      0, 18, 17, -1,
      0, 17, 9, -1,
      27, 26, 18, -1,
      18, 26, 25, -1,
      18, 25, 19, -1,
      11, 15, 12, -1,
      12, 15, 14, -1,
      12, 14, 13, -1,
      34, 30, 29, -1,
      17, 16, 9, -1,
      9, 16, 15, -1,
      9, 15, 10, -1,
      10, 15, 11, -1,
      7, 3, 2, -1,
      33, 32, 34, -1,
      34, 32, 31, -1,
      34, 31, 30, -1,
      0, 35, 27, -1,
      27, 35, 34, -1,
      27, 34, 28, -1,
      28, 34, 29, -1,
      6, 5, 7, -1,
      7, 5, 4, -1,
      7, 4, 3, -1,
      9, 8, 0, -1,
      0, 8, 7, -1,
      0, 7, 1, -1,
      1, 7, 2, -1,
      22, 25, 23, -1,
      23, 25, 24, -1,
      22, 21, 25, -1,
      25, 21, 20, -1,
      25, 20, 19, -1,
      36, 37, 38, -1,
      38, 37, 39, -1,
      36, 38, 40, -1,
      36, 40, 41, -1,
      41, 40, 42, -1,
      41, 42, 43, -1,
      43, 42, 44, -1,
      43, 44, 45, -1,
      45, 44, 46, -1,
      45, 46, 47, -1,
      47, 46, 48, -1,
      47, 48, 49, -1,
      49, 48, 50, -1,
      49, 50, 51, -1,
      51, 50, 52, -1,
      51, 52, 53, -1,
      53, 52, 54, -1,
      53, 54, 55, -1,
    ]
  }
}

Shape {
  appearance Appearance {
    material Material {
      diffuseColor 0.1098 0.1098 0.1098
      specularColor 0.0784 0.0784 0.0784
      ambientIntensity 0.2
      transparency 0.0000
      shininess 0.5
    }
  }
  geometry IndexedFaceSet {
    ccw TRUE
    solid FALSE
    coord DEF co Coordinate {
      point [
        0.541339 -0.531496 0.000000,
        0.541339 -0.531496 0.078740,
        0.541339 -0.452756 0.078740,
        0.541339 -0.452756 0.000000,
        0.540960 -0.448915 0.000000,
        0.540960 -0.448915 0.078740,
        0.539840 -0.445223 0.000000,
        0.539840 -0.445223 0.078740,
        0.538021 -0.441819 0.000000,
        0.538021 -0.441819 0.078740,
        0.535573 -0.438837 0.000000,
        0.535573 -0.438837 0.078740,
        0.532590 -0.436388 0.000000,
        0.532590 -0.436388 0.078740,
        0.529187 -0.434569 0.000000,
        0.529187 -0.434569 0.078740,
        0.525494 -0.433449 0.000000,
        0.525494 -0.433449 0.078740,
        0.521654 -0.433071 0.000000,
        0.521654 -0.433071 0.078740,
        0.462598 -0.433071 0.078740,
        0.462598 -0.433071 0.000000,
      ]
    }
    coordIndex [
      2, 1, 3, -1,
      3, 1, 0, -1,
      2, 3, 4, -1,
      2, 4, 5, -1,
      5, 4, 6, -1,
      5, 6, 7, -1,
      7, 6, 8, -1,
      7, 8, 9, -1,
      9, 8, 10, -1,
      9, 10, 11, -1,
      11, 10, 12, -1,
      11, 12, 13, -1,
      13, 12, 14, -1,
      13, 14, 15, -1,
      15, 14, 16, -1,
      15, 16, 17, -1,
      17, 16, 18, -1,
      17, 18, 19, -1,
      20, 19, 21, -1,
      21, 19, 18, -1,
    ]
  }
}

Shape {
  appearance Appearance {
    material Material {
      diffuseColor 0.9686 0.8784 0.6000
      specularColor 0.6784 0.6157 0.4196
      ambientIntensity 0.2
      transparency 0.0000
      shininess 0.5
    }
  }
  geometry IndexedFaceSet {
    ccw TRUE
    solid FALSE
    coord DEF co Coordinate {
      point [
        0.521654 -0.551181 0.078740,
        0.462598 -0.551181 0.078740,
        0.521654 -0.551181 0.000000,
        0.462598 -0.551181 0.000000,
        0.525494 -0.550803 0.000000,
        0.525494 -0.550803 0.078740,
        0.529187 -0.549683 0.000000,
        0.529187 -0.549683 0.078740,
        0.532590 -0.547863 0.000000,
        0.532590 -0.547863 0.078740,
        0.535573 -0.545415 0.000000,
        0.535573 -0.545415 0.078740,
        0.538021 -0.542433 0.000000,
        0.538021 -0.542433 0.078740,
        0.539840 -0.539029 0.000000,
        0.539840 -0.539029 0.078740,
        0.540960 -0.535336 0.000000,
        0.540960 -0.535336 0.078740,
        0.541339 -0.531496 0.000000,
        0.541339 -0.531496 0.078740,
        0.541339 -0.452756 0.078740,
        0.541339 -0.452756 0.000000,
        0.540960 -0.448915 0.000000,
        0.540960 -0.448915 0.078740,
        0.539840 -0.445223 0.000000,
        0.539840 -0.445223 0.078740,
        0.538021 -0.441819 0.000000,
        0.538021 -0.441819 0.078740,
        0.535573 -0.438837 0.000000,
        0.535573 -0.438837 0.078740,
        0.532590 -0.436388 0.000000,
        0.532590 -0.436388 0.078740,
        0.529187 -0.434569 0.000000,
        0.529187 -0.434569 0.078740,
        0.525494 -0.433449 0.000000,
        0.525494 -0.433449 0.078740,
        0.521654 -0.433071 0.000000,
        0.521654 -0.433071 0.078740,
        0.462598 -0.433071 0.078740,
        0.462598 -0.433071 0.000000,
        0.458758 -0.433449 0.000000,
        0.458758 -0.433449 0.078740,
        0.455065 -0.434569 0.000000,
        0.455065 -0.434569 0.078740,
        0.451662 -0.436388 0.000000,
        0.451662 -0.436388 0.078740,
        0.448679 -0.438837 0.000000,
        0.448679 -0.438837 0.078740,
        0.446231 -0.441819 0.000000,
        0.446231 -0.441819 0.078740,
        0.444412 -0.445223 0.000000,
        0.444412 -0.445223 0.078740,
        0.443292 -0.448915 0.000000,
        0.443292 -0.448915 0.078740,
        0.442913 -0.452756 0.000000,
        0.442913 -0.452756 0.078740,
        0.442913 -0.531496 0.078740,
        0.442913 -0.531496 0.000000,
        0.443292 -0.535336 0.000000,
        0.443292 -0.535336 0.078740,
        0.444412 -0.539029 0.000000,
        0.444412 -0.539029 0.078740,
        0.446231 -0.542433 0.000000,
        0.446231 -0.542433 0.078740,
        0.448679 -0.545415 0.000000,
        0.448679 -0.545415 0.078740,
        0.451662 -0.547863 0.000000,
        0.451662 -0.547863 0.078740,
        0.455065 -0.549683 0.000000,
        0.455065 -0.549683 0.078740,
        0.458758 -0.550803 0.000000,
        0.458758 -0.550803 0.078740,
        0.324803 -0.551181 0.078740,
        0.324803 -0.551181 0.000000,
        0.328643 -0.550803 0.000000,
        0.328643 -0.550803 0.078740,
        0.332336 -0.549683 0.000000,
        0.332336 -0.549683 0.078740,
        0.335739 -0.547863 0.000000,
        0.335739 -0.547863 0.078740,
        0.338722 -0.545415 0.000000,
        0.338722 -0.545415 0.078740,
        0.341170 -0.542433 0.000000,
        0.341170 -0.542433 0.078740,
        0.342990 -0.539029 0.000000,
        0.342990 -0.539029 0.078740,
        0.344110 -0.535336 0.000000,
        0.344110 -0.535336 0.078740,
        0.344488 -0.531496 0.000000,
        0.344488 -0.531496 0.078740,
        0.344488 -0.452756 0.078740,
        0.344488 -0.452756 0.000000,
        0.344110 -0.448915 0.000000,
        0.344110 -0.448915 0.078740,
        0.342990 -0.445223 0.000000,
        0.342990 -0.445223 0.078740,
        0.341170 -0.441819 0.000000,
        0.341170 -0.441819 0.078740,
        0.338722 -0.438837 0.000000,
        0.338722 -0.438837 0.078740,
        0.335739 -0.436388 0.000000,
        0.335739 -0.436388 0.078740,
        0.332336 -0.434569 0.000000,
        0.332336 -0.434569 0.078740,
        0.328643 -0.433449 0.000000,
        0.328643 -0.433449 0.078740,
        0.324803 -0.433071 0.000000,
        0.324803 -0.433071 0.078740,
        0.265748 -0.433071 0.078740,
        0.265748 -0.433071 0.000000,
      ]
    }
    coordIndex [
      38, 39, 40, -1,
      38, 40, 41, -1,
      41, 40, 42, -1,
      41, 42, 43, -1,
      43, 42, 44, -1,
      43, 44, 45, -1,
      45, 44, 46, -1,
      45, 46, 47, -1,
      47, 46, 48, -1,
      47, 48, 49, -1,
      49, 48, 50, -1,
      49, 50, 51, -1,
      51, 50, 52, -1,
      51, 52, 53, -1,
      53, 52, 54, -1,
      53, 54, 55, -1,
      56, 55, 57, -1,
      57, 55, 54, -1,
      56, 57, 58, -1,
      56, 58, 59, -1,
      59, 58, 60, -1,
      59, 60, 61, -1,
      61, 60, 62, -1,
      61, 62, 63, -1,
      63, 62, 64, -1,
      63, 64, 65, -1,
      65, 64, 66, -1,
      65, 66, 67, -1,
      67, 66, 68, -1,
      67, 68, 69, -1,
      69, 68, 70, -1,
      69, 70, 71, -1,
      71, 70, 3, -1,
      71, 3, 1, -1,
      19, 20, 0, -1,
      20, 55, 0, -1,
      0, 55, 56, -1,
      0, 56, 1, -1,
      1, 56, 71, -1,
      7, 9, 17, -1,
      25, 27, 35, -1,
      49, 51, 47, -1,
      47, 51, 45, -1,
      38, 41, 51, -1,
      51, 41, 43, -1,
      51, 43, 45, -1,
      61, 63, 69, -1,
      69, 63, 65, -1,
      69, 65, 67, -1,
      19, 0, 17, -1,
      17, 0, 5, -1,
      17, 5, 7, -1,
      9, 11, 17, -1,
      17, 11, 13, -1,
      17, 13, 15, -1,
      51, 53, 38, -1,
      38, 53, 55, -1,
      38, 55, 37, -1,
      37, 55, 20, -1,
      37, 20, 35, -1,
      35, 20, 23, -1,
      35, 23, 25, -1,
      27, 29, 35, -1,
      35, 29, 31, -1,
      35, 31, 33, -1,
      71, 56, 69, -1,
      69, 56, 59, -1,
      69, 59, 61, -1,
      21, 54, 39, -1,
      54, 21, 57, -1,
      57, 21, 2, -1,
      57, 2, 3, -1,
      48, 46, 50, -1,
      50, 46, 44, -1,
      50, 44, 42, -1,
      54, 52, 39, -1,
      39, 52, 50, -1,
      39, 50, 40, -1,
      40, 50, 42, -1,
      34, 26, 24, -1,
      16, 8, 6, -1,
      32, 30, 34, -1,
      34, 30, 28, -1,
      34, 28, 26, -1,
      39, 36, 21, -1,
      21, 36, 34, -1,
      21, 34, 22, -1,
      22, 34, 24, -1,
      14, 12, 16, -1,
      16, 12, 10, -1,
      16, 10, 8, -1,
      21, 18, 2, -1,
      2, 18, 16, -1,
      2, 16, 4, -1,
      4, 16, 6, -1,
      66, 64, 68, -1,
      68, 64, 62, -1,
      68, 62, 60, -1,
      3, 70, 57, -1,
      57, 70, 68, -1,
      57, 68, 58, -1,
      58, 68, 60, -1,
      72, 73, 74, -1,
      72, 74, 75, -1,
      75, 74, 76, -1,
      75, 76, 77, -1,
      77, 76, 78, -1,
      77, 78, 79, -1,
      79, 78, 80, -1,
      79, 80, 81, -1,
      81, 80, 82, -1,
      81, 82, 83, -1,
      83, 82, 84, -1,
      83, 84, 85, -1,
      85, 84, 86, -1,
      85, 86, 87, -1,
      87, 86, 88, -1,
      87, 88, 89, -1,
      90, 89, 91, -1,
      91, 89, 88, -1,
      90, 91, 92, -1,
      90, 92, 93, -1,
      93, 92, 94, -1,
      93, 94, 95, -1,
      95, 94, 96, -1,
      95, 96, 97, -1,
      97, 96, 98, -1,
      97, 98, 99, -1,
      99, 98, 100, -1,
      99, 100, 101, -1,
      101, 100, 102, -1,
      101, 102, 103, -1,
      103, 102, 104, -1,
      103, 104, 105, -1,
      105, 104, 106, -1,
      105, 106, 107, -1,
      108, 107, 109, -1,
      109, 107, 106, -1,
    ]
  }
}

Shape {
  appearance Appearance {
    material Material {
      diffuseColor 0.1098 0.1098 0.1098
      specularColor 0.0784 0.0784 0.0784
      ambientIntensity 0.2
      transparency 0.0000
      shininess 0.5
    }
  }
  geometry IndexedFaceSet {
    ccw TRUE
    solid FALSE
    coord DEF co Coordinate {
      point [
        0.265748 -0.433071 0.078740,
        0.265748 -0.433071 0.000000,
        0.261907 -0.433449 0.000000,
        0.261907 -0.433449 0.078740,
        0.258215 -0.434569 0.000000,
        0.258215 -0.434569 0.078740,
        0.254812 -0.436388 0.000000,
        0.254812 -0.436388 0.078740,
        0.251829 -0.438837 0.000000,
        0.251829 -0.438837 0.078740,
        0.249381 -0.441819 0.000000,
        0.249381 -0.441819 0.078740,
        0.247561 -0.445223 0.000000,
        0.247561 -0.445223 0.078740,
        0.246441 -0.448915 0.000000,
        0.246441 -0.448915 0.078740,
        0.246063 -0.452756 0.000000,
        0.246063 -0.452756 0.078740,
      ]
    }
    coordIndex [
      0, 1, 2, -1,
      0, 2, 3, -1,
      3, 2, 4, -1,
      3, 4, 5, -1,
      5, 4, 6, -1,
      5, 6, 7, -1,
      7, 6, 8, -1,
      7, 8, 9, -1,
      9, 8, 10, -1,
      9, 10, 11, -1,
      11, 10, 12, -1,
      11, 12, 13, -1,
      13, 12, 14, -1,
      13, 14, 15, -1,
      15, 14, 16, -1,
      15, 16, 17, -1,
    ]
  }
}

Shape {
  appearance Appearance {
    material Material {
      diffuseColor 0.9686 0.8784 0.6000
      specularColor 0.6784 0.6157 0.4196
      ambientIntensity 0.2
      transparency 0.0000
      shininess 0.5
    }
  }
  geometry IndexedFaceSet {
    ccw TRUE
    solid FALSE
    coord DEF co Coordinate {
      point [
        0.324803 -0.551181 0.078740,
        0.324803 -0.551181 0.000000,
        0.328643 -0.550803 0.000000,
        0.328643 -0.550803 0.078740,
        0.332336 -0.549683 0.000000,
        0.332336 -0.549683 0.078740,
        0.335739 -0.547863 0.000000,
        0.335739 -0.547863 0.078740,
        0.338722 -0.545415 0.000000,
        0.338722 -0.545415 0.078740,
        0.341170 -0.542433 0.000000,
        0.341170 -0.542433 0.078740,
        0.342990 -0.539029 0.000000,
        0.342990 -0.539029 0.078740,
        0.344110 -0.535336 0.000000,
        0.344110 -0.535336 0.078740,
        0.344488 -0.531496 0.000000,
        0.344488 -0.531496 0.078740,
        0.344488 -0.452756 0.078740,
        0.344488 -0.452756 0.000000,
        0.344110 -0.448915 0.000000,
        0.344110 -0.448915 0.078740,
        0.342990 -0.445223 0.000000,
        0.342990 -0.445223 0.078740,
        0.341170 -0.441819 0.000000,
        0.341170 -0.441819 0.078740,
        0.338722 -0.438837 0.000000,
        0.338722 -0.438837 0.078740,
        0.335739 -0.436388 0.000000,
        0.335739 -0.436388 0.078740,
        0.332336 -0.434569 0.000000,
        0.332336 -0.434569 0.078740,
        0.328643 -0.433449 0.000000,
        0.328643 -0.433449 0.078740,
        0.324803 -0.433071 0.000000,
        0.324803 -0.433071 0.078740,
        0.265748 -0.433071 0.078740,
        0.265748 -0.433071 0.000000,
        0.261907 -0.433449 0.000000,
        0.261907 -0.433449 0.078740,
        0.258215 -0.434569 0.000000,
        0.258215 -0.434569 0.078740,
        0.254812 -0.436388 0.000000,
        0.254812 -0.436388 0.078740,
        0.251829 -0.438837 0.000000,
        0.251829 -0.438837 0.078740,
        0.249381 -0.441819 0.000000,
        0.249381 -0.441819 0.078740,
        0.247561 -0.445223 0.000000,
        0.247561 -0.445223 0.078740,
        0.246441 -0.448915 0.000000,
        0.246441 -0.448915 0.078740,
        0.246063 -0.452756 0.000000,
        0.246063 -0.452756 0.078740,
        0.246063 -0.531496 0.078740,
        0.246063 -0.531496 0.000000,
        0.246441 -0.535336 0.000000,
        0.246441 -0.535336 0.078740,
        0.247561 -0.539029 0.000000,
        0.247561 -0.539029 0.078740,
        0.249381 -0.542433 0.000000,
        0.249381 -0.542433 0.078740,
        0.251829 -0.545415 0.000000,
        0.251829 -0.545415 0.078740,
        0.254812 -0.547863 0.000000,
        0.254812 -0.547863 0.078740,
        0.258215 -0.549683 0.000000,
        0.258215 -0.549683 0.078740,
        0.261907 -0.550803 0.000000,
        0.261907 -0.550803 0.078740,
        0.265748 -0.551181 0.000000,
        0.265748 -0.551181 0.078740,
      ]
    }
    coordIndex [
      54, 53, 55, -1,
      55, 53, 52, -1,
      54, 55, 56, -1,
      54, 56, 57, -1,
      57, 56, 58, -1,
      57, 58, 59, -1,
      59, 58, 60, -1,
      59, 60, 61, -1,
      61, 60, 62, -1,
      61, 62, 63, -1,
      63, 62, 64, -1,
      63, 64, 65, -1,
      65, 64, 66, -1,
      65, 66, 67, -1,
      67, 66, 68, -1,
      67, 68, 69, -1,
      69, 68, 70, -1,
      69, 70, 71, -1,
      0, 71, 1, -1,
      1, 71, 70, -1,
      17, 18, 35, -1,
      36, 71, 35, -1,
      35, 71, 0, -1,
      35, 0, 17, -1,
      17, 0, 3, -1,
      13, 7, 11, -1,
      11, 7, 9, -1,
      3, 5, 17, -1,
      17, 5, 7, -1,
      17, 7, 15, -1,
      15, 7, 13, -1,
      49, 51, 36, -1,
      36, 51, 53, -1,
      36, 53, 71, -1,
      71, 53, 54, -1,
      71, 54, 69, -1,
      57, 59, 61, -1,
      29, 31, 18, -1,
      18, 31, 33, -1,
      18, 33, 35, -1,
      61, 63, 57, -1,
      57, 63, 65, -1,
      57, 65, 54, -1,
      54, 65, 67, -1,
      54, 67, 69, -1,
      18, 21, 29, -1,
      29, 21, 23, -1,
      29, 23, 27, -1,
      27, 23, 25, -1,
      41, 43, 39, -1,
      39, 43, 45, -1,
      39, 45, 36, -1,
      36, 45, 47, -1,
      36, 47, 49, -1,
      2, 1, 16, -1,
      16, 1, 19, -1,
      20, 19, 28, -1,
      28, 19, 30, -1,
      14, 12, 6, -1,
      6, 12, 10, -1,
      6, 10, 8, -1,
      14, 6, 16, -1,
      16, 6, 4, -1,
      16, 4, 2, -1,
      70, 37, 1, -1,
      1, 37, 34, -1,
      1, 34, 19, -1,
      19, 34, 32, -1,
      19, 32, 30, -1,
      70, 68, 55, -1,
      55, 68, 66, -1,
      55, 66, 64, -1,
      64, 62, 60, -1,
      70, 55, 37, -1,
      37, 55, 52, -1,
      37, 52, 50, -1,
      20, 28, 22, -1,
      22, 28, 26, -1,
      22, 26, 24, -1,
      60, 58, 64, -1,
      64, 58, 56, -1,
      64, 56, 55, -1,
      37, 44, 38, -1,
      38, 44, 42, -1,
      38, 42, 40, -1,
      50, 48, 37, -1,
      37, 48, 46, -1,
      37, 46, 44, -1,
    ]
  }
}
