#VRML V2.0 utf8

Shape {
  appearance Appearance {
    material Material {
      diffuseColor 0.2510 0.2510 0.2510
      specularColor 0.0745 0.0745 0.0745
      ambientIntensity 0.2
      transparency 0.0000
      shininess 0.5
    }
  }
  geometry IndexedFaceSet {
    ccw TRUE
    solid FALSE
    coord DEF co Coordinate {
      point [
        0.024111 -0.061793 0.003937,
        0.024159 -0.063760 0.003937,
        -0.039217 -0.065530 0.003937,
        -0.034176 -0.045320 0.003937,
        -0.042818 -0.045320 0.003937,
        -0.047379 -0.037638 0.003937,
        -0.046242 -0.053632 0.003937,
        -0.040658 -0.090063 0.003937,
        -0.034550 -0.096122 0.003937,
        -0.046899 -0.110617 0.003937,
        -0.047379 -0.072291 0.003937,
        -0.046899 -0.150947 0.003937,
        -0.008369 -0.093333 0.003937,
        -0.016367 -0.092637 0.003937,
        -0.038257 -0.110617 0.003937,
        -0.038057 -0.055078 0.003937,
        -0.035000 -0.046811 0.003937,
        0.022626 -0.053179 0.003937,
        0.019118 -0.045320 0.003937,
        0.118110 -0.037638 0.003937,
        -0.002429 -0.092980 0.003937,
        0.023291 -0.071513 0.003937,
        0.021181 -0.077357 0.003937,
        -0.047079 -0.075609 0.003937,
        -0.044576 -0.083588 0.003937,
        0.118110 -0.039370 0.003937,
        0.157480 -0.039370 0.003937,
        0.031841 -0.140385 0.003937,
        0.157480 -0.216535 0.003937,
        0.031841 -0.150947 0.003937,
        0.156809 -0.221630 0.003937,
        0.009238 -0.100569 0.003937,
        0.016940 -0.096297 0.003937,
        0.023593 -0.090148 0.003937,
        0.028782 -0.082319 0.003937,
        0.031805 -0.073562 0.003937,
        0.032802 -0.063850 0.003937,
        0.032151 -0.054424 0.003937,
        0.029681 -0.045320 0.003937,
        0.154843 -0.226378 0.003937,
        0.151715 -0.230455 0.003937,
        0.147638 -0.233583 0.003937,
        0.017444 -0.082940 0.003937,
        0.012175 -0.087675 0.003937,
        0.006088 -0.090892 0.003937,
        -0.023368 -0.090529 0.003937,
        -0.028892 -0.087307 0.003937,
        -0.033565 -0.082776 0.003937,
        -0.036651 -0.077865 0.003937,
        -0.038572 -0.072069 0.003937,
        -0.027162 -0.100472 0.003937,
        -0.018889 -0.102994 0.003937,
        -0.038257 -0.140385 0.003937,
        -0.009014 -0.103895 0.003937,
        0.000232 -0.103141 0.003937,
        -0.046899 0.156331 0.003937,
        -0.024813 0.148364 0.003937,
        -0.024813 0.115836 0.003937,
        0.157480 0.216535 0.003937,
        0.157480 0.039370 0.003937,
        0.118110 0.039370 0.003937,
        -0.046899 0.012294 0.003937,
        -0.046899 -0.029956 0.003937,
        0.031841 -0.029956 0.003937,
        -0.015541 0.090244 0.003937,
        -0.024032 0.087692 0.003937,
        -0.046899 0.096796 0.003937,
        -0.031224 0.083480 0.003937,
        -0.037680 0.077230 0.003937,
        -0.047379 0.236220 0.003937,
        0.137795 0.236220 0.003937,
        0.031841 0.137126 0.003937,
        0.142890 0.235550 0.003937,
        0.147638 0.233583 0.003937,
        0.151715 0.230455 0.003937,
        0.154843 0.226378 0.003937,
        0.031841 0.010374 0.003937,
        0.023199 0.010374 0.003937,
        0.023199 -0.019394 0.003937,
        -0.002728 -0.019394 0.003937,
        0.028352 0.068365 0.003937,
        0.023282 0.077062 0.003937,
        0.031841 0.126564 0.003937,
        0.016620 0.083800 0.003937,
        -0.011370 0.008454 0.003937,
        -0.011370 -0.019394 0.003937,
        -0.038257 -0.019394 0.003937,
        -0.042654 0.069420 0.003937,
        -0.045707 0.060507 0.003937,
        -0.046899 0.049069 0.003937,
        0.031029 0.059315 0.003937,
        0.156809 0.221630 0.003937,
        -0.038257 0.012294 0.003937,
        -0.046899 0.027658 0.003937,
        -0.002728 0.008454 0.003937,
        0.031841 0.027658 0.003937,
        0.031841 0.049879 0.003937,
        0.009967 0.087784 0.003937,
        0.002210 0.090218 0.003937,
        -0.006539 0.091035 0.003937,
        -0.046899 0.108319 0.003937,
        -0.046899 0.167854 0.003937,
        -0.157480 -0.037638 0.003937,
        -0.157480 0.118110 0.003937,
        -0.118110 0.118110 0.003937,
        -0.118110 0.196850 0.003937,
        -0.157480 0.196850 0.003937,
        -0.157480 0.216535 0.003937,
        -0.137795 0.236220 0.003937,
        -0.156809 0.221630 0.003937,
        -0.154843 0.226378 0.003937,
        -0.151715 0.230455 0.003937,
        -0.147638 0.233583 0.003937,
        -0.142890 0.235550 0.003937,
        -0.157480 -0.216535 0.003937,
        -0.157480 -0.196850 0.003937,
        -0.118110 -0.196850 0.003937,
        -0.156809 -0.221630 0.003937,
        -0.047379 -0.060591 0.003937,
        -0.118110 -0.118110 0.003937,
        -0.157480 -0.118110 0.003937,
        -0.047379 -0.236220 0.003937,
        -0.137795 -0.236220 0.003937,
        -0.142890 -0.235550 0.003937,
        -0.147638 -0.233583 0.003937,
        -0.047715 -0.062646 0.003937,
        -0.047859 -0.066986 0.003937,
        0.142890 -0.235550 0.003937,
        0.137795 -0.236220 0.003937,
        -0.151715 -0.230455 0.003937,
        -0.154843 -0.226378 0.003937,
        0.157480 0.039370 0.078740,
        0.157480 0.216535 0.082677,
        0.157480 -0.039370 0.078740,
        0.157480 -0.216535 0.082677,
        -0.157480 0.216535 0.082677,
        -0.157480 -0.196850 0.078740,
        -0.157480 -0.216535 0.082677,
        -0.157480 -0.118110 0.078740,
        -0.157480 0.196850 0.078740,
        -0.157480 0.118110 0.078740,
        0.000136 0.123531 0.240157,
        -0.002220 0.121000 0.240157,
        0.014607 0.120262 0.240157,
        -0.004207 0.119733 0.240157,
        0.002983 0.138693 0.240157,
        0.004949 0.140796 0.240157,
        -0.011080 0.142828 0.240157,
        0.006807 0.141947 0.240157,
        0.008872 0.142630 0.240157,
        -0.011011 0.119130 0.240157,
        -0.012980 0.119844 0.240157,
        -0.120418 0.116421 0.240157,
        0.010886 0.142828 0.240157,
        0.013606 0.142475 0.240157,
        0.021208 0.199158 0.240157,
        0.015491 0.141706 0.240157,
        -0.000285 0.133203 0.240157,
        -0.012848 0.139950 0.240157,
        -0.003347 0.127490 0.240157,
        -0.014282 0.135287 0.240157,
        -0.003392 0.127420 0.240157,
        -0.008252 0.118822 0.240157,
        0.003414 0.129182 0.240157,
        0.016152 0.123239 0.240157,
        0.005353 0.132841 0.240157,
        0.016957 0.126604 0.240157,
        0.017127 0.129324 0.240157,
        -0.014651 0.120954 0.240157,
        -0.016073 0.122465 0.240157,
        -0.017487 0.124935 0.240157,
        -0.016841 0.142828 0.240157,
        -0.120418 0.199158 0.240157,
        -0.017444 0.141566 0.240157,
        0.021208 0.116421 0.240157,
        0.020368 0.120262 0.240157,
        0.012581 0.137426 0.240157,
        0.011403 0.137546 0.240157,
        0.016878 0.132071 0.240157,
        -0.018576 0.128794 0.240157,
        -0.018882 0.132918 0.240157,
        -0.018360 0.137985 0.240157,
        0.017200 0.140468 0.240157,
        0.018667 0.138778 0.240157,
        0.019939 0.136564 0.240157,
        -0.014561 0.132333 0.240157,
        -0.014341 0.129474 0.240157,
        -0.013800 0.127476 0.240157,
        0.016219 0.134141 0.240157,
        0.015354 0.135615 0.240157,
        0.014474 0.136518 0.240157,
        0.009901 0.137374 0.240157,
        0.008815 0.136959 0.240157,
        0.007839 0.136293 0.240157,
        0.006780 0.135086 0.240157,
        -0.013021 0.126064 0.240157,
        -0.012248 0.125244 0.240157,
        -0.011468 0.124723 0.240157,
        0.013639 0.137061 0.240157,
        -0.010240 0.124269 0.240157,
        -0.008687 0.124103 0.240157,
        -0.004802 0.125727 0.240157,
        -0.007264 0.124288 0.240157,
        -0.006138 0.124737 0.240157,
        0.021208 0.131366 0.240157,
        0.021448 0.128904 0.240157,
        0.120418 0.116421 0.240157,
        0.021261 0.124533 0.240157,
        0.021208 0.124281 0.240157,
        0.021024 0.133256 0.240157,
        0.120418 0.199158 0.240157,
        0.014723 0.109809 0.240157,
        0.017846 0.106654 0.240157,
        0.019991 0.102912 0.240157,
        0.021113 0.098927 0.240157,
        0.021208 0.097763 0.240157,
        0.019603 0.086362 0.240157,
        0.021208 0.074650 0.240157,
        0.020928 0.090084 0.240157,
        0.021208 0.092647 0.240157,
        -0.012089 0.080682 0.240157,
        -0.015163 0.083713 0.240157,
        -0.120418 0.074650 0.240157,
        -0.008471 0.078528 0.240157,
        0.017301 0.082939 0.240157,
        0.014013 0.080018 0.240157,
        0.010081 0.077965 0.240157,
        -0.018371 0.100297 0.240157,
        -0.017099 0.103996 0.240157,
        -0.015048 0.107217 0.240157,
        -0.017160 0.086976 0.240157,
        -0.018413 0.090750 0.240157,
        -0.018882 0.095476 0.240157,
        0.000818 0.114020 0.240157,
        0.006489 0.113485 0.240157,
        0.011063 0.112020 0.240157,
        0.005692 0.076849 0.240157,
        0.001748 0.076571 0.240157,
        -0.003946 0.077099 0.240157,
        -0.012120 0.110045 0.240157,
        -0.008444 0.112226 0.240157,
        -0.004190 0.113557 0.240157,
        -0.006251 0.119028 0.240157,
        0.021448 0.094838 0.240157,
        0.120418 0.074650 0.240157,
        0.012341 -0.012732 0.240157,
        -0.016451 -0.011292 0.240157,
        -0.012731 -0.011631 0.240157,
        0.020730 -0.018133 0.240157,
        0.021208 -0.020467 0.240157,
        0.021208 -0.008411 0.240157,
        -0.009831 -0.012607 0.240157,
        -0.007339 -0.014207 0.240157,
        -0.004037 -0.017544 0.240157,
        -0.001276 -0.021181 0.240157,
        -0.000712 -0.021982 0.240157,
        0.013575 -0.014013 0.240157,
        -0.014081 -0.035778 0.240157,
        -0.000157 -0.046341 0.240157,
        0.004164 -0.046341 0.240157,
        0.001431 -0.031347 0.240157,
        -0.002845 -0.026403 0.240157,
        0.019422 -0.015441 0.240157,
        -0.012408 -0.064339 0.240157,
        -0.014571 -0.062832 0.240157,
        -0.120418 -0.069146 0.240157,
        -0.016413 -0.060702 0.240157,
        -0.018402 -0.011292 0.240157,
        -0.120418 -0.008411 0.240157,
        -0.018402 -0.035778 0.240157,
        0.017157 -0.012732 0.240157,
        0.004410 -0.052666 0.240157,
        0.016774 -0.048898 0.240157,
        0.004164 -0.049439 0.240157,
        0.015642 -0.046125 0.240157,
        0.014126 -0.043940 0.240157,
        0.010728 -0.058820 0.240157,
        0.010901 -0.058824 0.240157,
        -0.000157 -0.049604 0.240157,
        -0.014561 -0.051532 0.240157,
        -0.000428 -0.053328 0.240157,
        -0.014330 -0.054127 0.240157,
        -0.003113 -0.026018 0.240157,
        -0.007615 -0.019875 0.240157,
        -0.009470 -0.017987 0.240157,
        -0.017754 -0.058144 0.240157,
        -0.018697 -0.054420 0.240157,
        -0.018882 -0.051532 0.240157,
        -0.018457 -0.046874 0.240157,
        -0.017367 -0.043487 0.240157,
        -0.016841 -0.042500 0.240157,
        -0.011560 -0.042500 0.240157,
        -0.013428 -0.045732 0.240157,
        -0.014370 -0.049060 0.240157,
        0.003927 -0.027498 0.240157,
        0.006091 -0.028996 0.240157,
        0.008107 -0.029736 0.240157,
        0.010518 -0.030017 0.240157,
        0.012224 -0.029840 0.240157,
        0.013565 -0.029373 0.240157,
        0.014656 -0.028683 0.240157,
        0.015528 -0.027785 0.240157,
        0.016299 -0.026559 0.240157,
        0.016917 -0.024689 0.240157,
        0.017127 -0.022439 0.240157,
        0.018811 -0.031302 0.240157,
        0.017183 -0.032882 0.240157,
        0.018448 -0.043940 0.240157,
        0.015330 -0.033967 0.240157,
        0.013188 -0.034618 0.240157,
        0.010901 -0.034818 0.240157,
        0.007228 -0.034418 0.240157,
        0.004115 -0.033253 0.240157,
        -0.010822 -0.017107 0.240157,
        -0.012230 -0.016631 0.240157,
        -0.014081 -0.016453 0.240157,
        0.016686 -0.019472 0.240157,
        0.015541 -0.016795 0.240157,
        0.000636 -0.061193 0.240157,
        -0.000830 -0.063060 0.240157,
        0.021208 -0.069146 0.240157,
        -0.002452 -0.064324 0.240157,
        -0.004213 -0.065116 0.240157,
        -0.007419 -0.060264 0.240157,
        -0.005641 -0.060083 0.240157,
        -0.004296 -0.059625 0.240157,
        0.004997 -0.054880 0.240157,
        0.005837 -0.056455 0.240157,
        0.006713 -0.057432 0.240157,
        0.007719 -0.058124 0.240157,
        0.008942 -0.058587 0.240157,
        0.016108 -0.056281 0.240157,
        0.016709 -0.054892 0.240157,
        0.012521 -0.058683 0.240157,
        0.017100 -0.052611 0.240157,
        0.017127 -0.051659 0.240157,
        0.021208 -0.055504 0.240157,
        0.021148 -0.056139 0.240157,
        0.020352 -0.058674 0.240157,
        0.019177 -0.060650 0.240157,
        0.017652 -0.062231 0.240157,
        0.016058 -0.063254 0.240157,
        0.014201 -0.063895 0.240157,
        0.012124 -0.064105 0.240157,
        0.009625 -0.063856 0.240157,
        0.007589 -0.063180 0.240157,
        0.005898 -0.062120 0.240157,
        0.002326 -0.056063 0.240157,
        0.002228 -0.056063 0.240157,
        0.002584 -0.056933 0.240157,
        0.001631 -0.058972 0.240157,
        0.003887 -0.059793 0.240157,
        0.005186 -0.061474 0.240157,
        -0.013707 -0.056145 0.240157,
        -0.012897 -0.057561 0.240157,
        -0.011822 -0.058733 0.240157,
        0.015610 -0.056990 0.240157,
        0.013790 -0.058308 0.240157,
        0.014778 -0.057760 0.240157,
        -0.006180 -0.065508 0.240157,
        -0.007111 -0.065546 0.240157,
        -0.010155 -0.065185 0.240157,
        -0.003110 -0.058863 0.240157,
        -0.002125 -0.057816 0.240157,
        -0.001217 -0.056196 0.240157,
        -0.010667 -0.059527 0.240157,
        -0.009281 -0.060044 0.240157,
        0.021380 -0.021305 0.240157,
        0.120418 -0.008411 0.240157,
        0.021448 -0.022920 0.240157,
        0.021208 -0.025467 0.240157,
        0.021448 -0.052965 0.240157,
        0.120418 -0.069146 0.240157,
        0.021220 -0.050215 0.240157,
        0.021208 -0.050177 0.240157,
        0.020259 -0.046981 0.240157,
        0.021133 -0.026267 0.240157,
        0.020287 -0.028923 0.240157,
        0.004164 -0.099154 0.240157,
        -0.011560 -0.095313 0.240157,
        -0.000157 -0.099154 0.240157,
        -0.013428 -0.098545 0.240157,
        -0.000157 -0.102417 0.240157,
        0.014126 -0.096754 0.240157,
        0.018448 -0.096754 0.240157,
        0.021208 -0.091472 0.240157,
        0.020259 -0.099794 0.240157,
        -0.012408 -0.117152 0.240157,
        -0.014571 -0.115646 0.240157,
        -0.120418 -0.122680 0.240157,
        -0.016413 -0.113515 0.240157,
        -0.014370 -0.101874 0.240157,
        -0.014561 -0.104346 0.240157,
        -0.000428 -0.106141 0.240157,
        -0.014330 -0.106941 0.240157,
        0.015642 -0.098939 0.240157,
        0.004164 -0.102252 0.240157,
        0.016774 -0.101711 0.240157,
        0.004410 -0.105480 0.240157,
        0.010728 -0.111633 0.240157,
        0.010901 -0.111637 0.240157,
        -0.016841 -0.095313 0.240157,
        -0.120418 -0.091472 0.240157,
        -0.017367 -0.096301 0.240157,
        -0.018457 -0.099688 0.240157,
        -0.017754 -0.110958 0.240157,
        -0.018697 -0.107234 0.240157,
        -0.018882 -0.104346 0.240157,
        -0.007419 -0.113078 0.240157,
        -0.005641 -0.112896 0.240157,
        -0.004296 -0.112438 0.240157,
        0.000636 -0.114006 0.240157,
        -0.000830 -0.115874 0.240157,
        0.021208 -0.122680 0.240157,
        -0.002452 -0.117138 0.240157,
        -0.004213 -0.117930 0.240157,
        -0.013707 -0.108958 0.240157,
        -0.012897 -0.110375 0.240157,
        -0.011822 -0.111546 0.240157,
        0.004997 -0.107693 0.240157,
        0.005837 -0.109269 0.240157,
        0.006713 -0.110246 0.240157,
        0.007719 -0.110938 0.240157,
        0.008942 -0.111401 0.240157,
        0.016108 -0.109094 0.240157,
        0.016709 -0.107706 0.240157,
        0.012521 -0.111496 0.240157,
        0.017100 -0.105425 0.240157,
        0.017127 -0.104473 0.240157,
        0.021208 -0.108317 0.240157,
        0.021148 -0.108953 0.240157,
        0.020352 -0.111487 0.240157,
        0.019177 -0.113463 0.240157,
        0.017652 -0.115045 0.240157,
        0.016058 -0.116068 0.240157,
        0.014201 -0.116709 0.240157,
        0.012124 -0.116919 0.240157,
        0.009625 -0.116669 0.240157,
        0.007589 -0.115993 0.240157,
        0.005898 -0.114933 0.240157,
        0.002326 -0.108877 0.240157,
        0.002228 -0.108877 0.240157,
        0.002584 -0.109747 0.240157,
        0.001631 -0.111785 0.240157,
        0.003887 -0.112607 0.240157,
        0.005186 -0.114287 0.240157,
        -0.003110 -0.111677 0.240157,
        -0.002125 -0.110630 0.240157,
        -0.001217 -0.109010 0.240157,
        0.015610 -0.109803 0.240157,
        0.013790 -0.111122 0.240157,
        0.014778 -0.110573 0.240157,
        -0.006180 -0.118322 0.240157,
        -0.007111 -0.118359 0.240157,
        -0.010155 -0.117999 0.240157,
        -0.010667 -0.112340 0.240157,
        -0.009281 -0.112857 0.240157,
        0.021208 -0.102990 0.240157,
        0.021220 -0.103029 0.240157,
        0.120418 -0.091472 0.240157,
        0.016647 0.044883 0.240157,
        0.016647 0.056406 0.240157,
        -0.018402 0.056406 0.240157,
        0.020968 0.044883 0.240157,
        0.021208 0.042722 0.240157,
        -0.120418 0.042722 0.240157,
        -0.018402 0.061687 0.240157,
        0.016647 0.061687 0.240157,
        0.016647 0.072730 0.240157,
        0.020968 0.072730 0.240157,
        0.120418 0.042722 0.240157,
        0.120418 0.022317 0.240157,
        0.021208 0.022317 0.240157,
        -0.001117 0.025678 0.240157,
        -0.004958 0.025678 0.240157,
        0.020968 0.018956 0.240157,
        -0.001117 0.040561 0.240157,
        -0.004958 0.040561 0.240157,
        -0.120418 0.022317 0.240157,
        0.016647 0.018956 0.240157,
        -0.008727 0.006014 0.240157,
        -0.013797 0.007281 0.240157,
        -0.018402 0.008033 0.240157,
        -0.018402 0.013315 0.240157,
        -0.007839 0.010833 0.240157,
        -0.000395 0.008101 0.240157,
        0.008217 0.004202 0.240157,
        0.012567 0.001981 0.240157,
        0.016647 -0.000249 0.240157,
        0.020968 -0.005530 0.240157,
        0.017967 -0.005530 0.240157,
        0.003399 0.001627 0.240157,
        -0.001117 -0.087631 0.240157,
        -0.004958 -0.087631 0.240157,
        -0.001117 -0.072747 0.240157,
        -0.004958 -0.072747 0.240157,
        -0.003518 -0.137309 0.240157,
        -0.003518 -0.132283 0.240157,
        -0.018402 -0.132283 0.240157,
        0.005868 -0.151108 0.240157,
        0.003335 -0.150176 0.240157,
        -0.120418 -0.175323 0.240157,
        0.000983 -0.148571 0.240157,
        0.020968 -0.138134 0.240157,
        0.021208 -0.175323 0.240157,
        0.020646 -0.141971 0.240157,
        0.019769 -0.144970 0.240157,
        0.018469 -0.147285 0.240157,
        0.017197 -0.148724 0.240157,
        0.015224 -0.150141 0.240157,
        0.013015 -0.151009 0.240157,
        0.009876 -0.151471 0.240157,
        0.009183 -0.151487 0.240157,
        -0.001104 -0.146223 0.240157,
        -0.002615 -0.143329 0.240157,
        -0.003383 -0.140222 0.240157,
        -0.018402 -0.127001 0.240157,
        0.020968 -0.127001 0.240157,
        0.021448 -0.105778 0.240157,
        0.120418 -0.122680 0.240157,
        0.120418 -0.175323 0.240157,
        0.120418 -0.199158 0.240157,
        0.021208 -0.199158 0.240157,
        -0.120418 -0.199158 0.240157,
        0.137795 0.236220 0.082677,
        -0.137795 0.236220 0.082677,
        0.137795 -0.236220 0.082677,
        -0.137795 -0.236220 0.082677,
        -0.137947 0.236220 0.082682,
        -0.120418 0.218691 0.222914,
        0.120418 0.218691 0.222914,
        0.137947 0.236220 0.082682,
        -0.157480 -0.216687 0.082682,
        -0.139951 -0.199158 0.222914,
        -0.139951 0.199158 0.222914,
        -0.157480 0.216687 0.082682,
        0.157480 0.216687 0.082682,
        0.139951 0.199158 0.222914,
        0.139951 -0.199158 0.222914,
        0.157480 -0.216687 0.082682,
        0.137947 -0.236220 0.082682,
        0.120418 -0.218691 0.222914,
        -0.120418 -0.218691 0.222914,
        -0.137947 -0.236220 0.082682,
        0.142888 -0.235537 0.082946,
        0.142987 -0.235523 0.082951,
        0.147635 -0.233577 0.083119,
        0.147681 -0.233558 0.083120,
        0.151715 -0.230455 0.083178,
        0.154818 -0.226422 0.083120,
        0.154837 -0.226376 0.083119,
        0.156783 -0.221728 0.082951,
        0.156797 -0.221628 0.082946,
        -0.156797 -0.221628 0.082946,
        -0.156783 -0.221728 0.082951,
        -0.154837 -0.226376 0.083119,
        -0.154818 -0.226422 0.083120,
        -0.151715 -0.230455 0.083178,
        -0.147681 -0.233558 0.083120,
        -0.147635 -0.233577 0.083119,
        -0.142987 -0.235523 0.082951,
        -0.142888 -0.235537 0.082946,
        0.139221 -0.204165 0.223449,
        0.139209 -0.204193 0.223451,
        0.137235 -0.208839 0.223785,
        0.137220 -0.208858 0.223785,
        0.134124 -0.212865 0.223899,
        0.130118 -0.215960 0.223785,
        0.130098 -0.215975 0.223785,
        0.125452 -0.217950 0.223451,
        0.125425 -0.217961 0.223449,
        -0.120418 -0.203857 0.239585,
        0.120418 -0.203857 0.239585,
        0.120418 -0.203885 0.239581,
        -0.120418 -0.203885 0.239581,
        0.120418 -0.208283 0.237907,
        -0.120418 -0.208283 0.237907,
        0.120418 -0.208336 0.237887,
        -0.120418 -0.208336 0.237887,
        0.120418 -0.212180 0.235222,
        -0.120418 -0.212180 0.235222,
        0.120418 -0.212249 0.235173,
        -0.120418 -0.212249 0.235173,
        0.120418 -0.215322 0.231684,
        -0.120418 -0.215322 0.231684,
        0.120418 -0.215396 0.231599,
        -0.120418 -0.215396 0.231599,
        0.120418 -0.217528 0.227499,
        -0.120418 -0.217528 0.227499,
        0.120418 -0.217593 0.227374,
        -0.120418 -0.217593 0.227374,
        -0.125425 -0.217961 0.223449,
        -0.125452 -0.217950 0.223451,
        -0.130098 -0.215975 0.223785,
        -0.130118 -0.215960 0.223785,
        -0.134124 -0.212865 0.223899,
        -0.137220 -0.208858 0.223785,
        -0.137235 -0.208839 0.223785,
        -0.139209 -0.204193 0.223451,
        -0.139221 -0.204165 0.223449,
        0.156797 0.221628 0.082946,
        0.156783 0.221728 0.082951,
        0.154837 0.226376 0.083119,
        0.154818 0.226422 0.083120,
        0.151715 0.230455 0.083178,
        0.147681 0.233558 0.083120,
        0.147635 0.233577 0.083119,
        0.142987 0.235523 0.082951,
        0.142888 0.235537 0.082946,
        0.136582 -0.199158 0.231684,
        0.133509 -0.199158 0.235173,
        0.133063 -0.202546 0.235173,
        0.129283 -0.201533 0.237887,
        0.124984 -0.200381 0.239581,
        0.124512 -0.201522 0.239581,
        0.122781 -0.203252 0.239581,
        0.123760 -0.202500 0.239581,
        0.121641 -0.203724 0.239581,
        0.125117 -0.199158 0.239585,
        0.138225 -0.203930 0.227374,
        0.136383 -0.208376 0.227374,
        0.133454 -0.212194 0.227374,
        0.129635 -0.215124 0.227374,
        0.125189 -0.216965 0.227374,
        0.133439 -0.199158 0.235222,
        0.129596 -0.199158 0.237887,
        0.129543 -0.199158 0.237907,
        0.125145 -0.199158 0.239581,
        0.128366 -0.203747 0.237887,
        0.126907 -0.205648 0.237887,
        0.125007 -0.207106 0.237887,
        0.122793 -0.208023 0.237887,
        0.131755 -0.205704 0.235173,
        0.129675 -0.208415 0.235173,
        0.126963 -0.210495 0.235173,
        0.123806 -0.211803 0.235173,
        0.138788 -0.199158 0.227499,
        0.136656 -0.199158 0.231599,
        0.136103 -0.203361 0.231599,
        0.134481 -0.207277 0.231599,
        0.131900 -0.210641 0.231599,
        0.128537 -0.213221 0.231599,
        0.124620 -0.214843 0.231599,
        0.138853 -0.199158 0.227374,
        -0.123806 -0.211803 0.235173,
        -0.122793 -0.208023 0.237887,
        -0.121641 -0.203724 0.239581,
        -0.122781 -0.203252 0.239581,
        -0.124512 -0.201522 0.239581,
        -0.123760 -0.202500 0.239581,
        -0.124984 -0.200381 0.239581,
        -0.125189 -0.216965 0.227374,
        -0.129635 -0.215124 0.227374,
        -0.133454 -0.212194 0.227374,
        -0.136383 -0.208376 0.227374,
        -0.138225 -0.203930 0.227374,
        -0.138853 -0.199158 0.227374,
        -0.125117 -0.199158 0.239585,
        -0.125007 -0.207106 0.237887,
        -0.126907 -0.205648 0.237887,
        -0.128366 -0.203747 0.237887,
        -0.129283 -0.201533 0.237887,
        -0.125145 -0.199158 0.239581,
        -0.129543 -0.199158 0.237907,
        -0.129596 -0.199158 0.237887,
        -0.133439 -0.199158 0.235222,
        -0.126963 -0.210495 0.235173,
        -0.129675 -0.208415 0.235173,
        -0.131755 -0.205704 0.235173,
        -0.133063 -0.202546 0.235173,
        -0.124620 -0.214843 0.231599,
        -0.128537 -0.213221 0.231599,
        -0.131900 -0.210641 0.231599,
        -0.134481 -0.207277 0.231599,
        -0.136103 -0.203361 0.231599,
        -0.133509 -0.199158 0.235173,
        -0.136582 -0.199158 0.231684,
        -0.136656 -0.199158 0.231599,
        -0.138788 -0.199158 0.227499,
        -0.142888 0.235537 0.082946,
        -0.142987 0.235523 0.082951,
        -0.147635 0.233577 0.083119,
        -0.147681 0.233558 0.083120,
        -0.151715 0.230455 0.083178,
        -0.154818 0.226422 0.083120,
        -0.154837 0.226376 0.083119,
        -0.156783 0.221728 0.082951,
        -0.156797 0.221628 0.082946,
        0.125425 0.217961 0.223449,
        0.125452 0.217950 0.223451,
        0.130098 0.215975 0.223785,
        0.130118 0.215960 0.223785,
        0.134124 0.212865 0.223899,
        0.137220 0.208858 0.223785,
        0.137235 0.208839 0.223785,
        0.139209 0.204193 0.223451,
        0.139221 0.204165 0.223449,
        0.125117 0.199158 0.239585,
        0.138853 0.199158 0.227374,
        0.138788 0.199158 0.227499,
        0.136656 0.199158 0.231599,
        0.136582 0.199158 0.231684,
        0.133509 0.199158 0.235173,
        0.133439 0.199158 0.235222,
        0.129596 0.199158 0.237887,
        0.129543 0.199158 0.237907,
        0.125145 0.199158 0.239581,
        -0.138853 0.199158 0.227374,
        -0.138788 0.199158 0.227499,
        -0.136656 0.199158 0.231599,
        -0.136582 0.199158 0.231684,
        -0.133509 0.199158 0.235173,
        -0.133439 0.199158 0.235222,
        -0.129596 0.199158 0.237887,
        -0.129543 0.199158 0.237907,
        -0.125145 0.199158 0.239581,
        -0.125117 0.199158 0.239585,
        -0.139221 0.204165 0.223449,
        -0.139209 0.204193 0.223451,
        -0.137235 0.208839 0.223785,
        -0.137220 0.208858 0.223785,
        -0.134124 0.212865 0.223899,
        -0.130118 0.215960 0.223785,
        -0.130098 0.215975 0.223785,
        -0.125452 0.217950 0.223451,
        -0.125425 0.217961 0.223449,
        0.120418 0.215322 0.231684,
        0.120418 0.212249 0.235173,
        0.123806 0.211803 0.235173,
        0.122793 0.208023 0.237887,
        0.121641 0.203724 0.239581,
        0.122781 0.203252 0.239581,
        0.124512 0.201522 0.239581,
        0.123760 0.202500 0.239581,
        0.124984 0.200381 0.239581,
        0.120418 0.203857 0.239585,
        0.125189 0.216965 0.227374,
        0.129635 0.215124 0.227374,
        0.133454 0.212194 0.227374,
        0.136383 0.208376 0.227374,
        0.138225 0.203930 0.227374,
        0.120418 0.212180 0.235222,
        0.120418 0.208336 0.237887,
        0.120418 0.208283 0.237907,
        0.120418 0.203885 0.239581,
        0.125007 0.207106 0.237887,
        0.126907 0.205648 0.237887,
        0.128366 0.203747 0.237887,
        0.129283 0.201533 0.237887,
        0.126963 0.210495 0.235173,
        0.129675 0.208415 0.235173,
        0.131755 0.205704 0.235173,
        0.133063 0.202546 0.235173,
        0.120418 0.217528 0.227499,
        0.120418 0.215396 0.231599,
        0.124620 0.214843 0.231599,
        0.128537 0.213221 0.231599,
        0.131900 0.210641 0.231599,
        0.134481 0.207277 0.231599,
        0.136103 0.203361 0.231599,
        0.120418 0.217593 0.227374,
        -0.133063 0.202546 0.235173,
        -0.129283 0.201533 0.237887,
        -0.124984 0.200381 0.239581,
        -0.124512 0.201522 0.239581,
        -0.122781 0.203252 0.239581,
        -0.123760 0.202500 0.239581,
        -0.121641 0.203724 0.239581,
        -0.138225 0.203930 0.227374,
        -0.136383 0.208376 0.227374,
        -0.133454 0.212194 0.227374,
        -0.129635 0.215124 0.227374,
        -0.125189 0.216965 0.227374,
        -0.120418 0.217593 0.227374,
        -0.120418 0.203857 0.239585,
        -0.128366 0.203747 0.237887,
        -0.126907 0.205648 0.237887,
        -0.125007 0.207106 0.237887,
        -0.122793 0.208023 0.237887,
        -0.120418 0.203885 0.239581,
        -0.120418 0.208283 0.237907,
        -0.120418 0.208336 0.237887,
        -0.120418 0.212180 0.235222,
        -0.131755 0.205704 0.235173,
        -0.129675 0.208415 0.235173,
        -0.126963 0.210495 0.235173,
        -0.123806 0.211803 0.235173,
        -0.136103 0.203361 0.231599,
        -0.134481 0.207277 0.231599,
        -0.131900 0.210641 0.231599,
        -0.128537 0.213221 0.231599,
        -0.124620 0.214843 0.231599,
        -0.120418 0.212249 0.235173,
        -0.120418 0.215322 0.231684,
        -0.120418 0.215396 0.231599,
        -0.120418 0.217528 0.227499,
      ]
    }
    coordIndex [
      0, 1, 2, -1,
      3, 4, 5, -1,
      5, 4, 6, -1,
      7, 8, 9, -1,
      10, 9, 11, -1,
      1, 12, 13, -1,
      9, 8, 14, -1,
      2, 15, 0, -1,
      0, 15, 16, -1,
      0, 16, 17, -1,
      17, 16, 3, -1,
      17, 3, 18, -1,
      18, 3, 19, -1,
      12, 1, 20, -1,
      20, 1, 21, -1,
      20, 21, 22, -1,
      10, 23, 9, -1,
      9, 23, 24, -1,
      9, 24, 7, -1,
      25, 26, 27, -1,
      27, 26, 28, -1,
      27, 28, 29, -1,
      29, 28, 30, -1,
      31, 32, 27, -1,
      27, 32, 33, -1,
      27, 33, 25, -1,
      25, 33, 34, -1,
      25, 34, 35, -1,
      35, 36, 25, -1,
      25, 36, 37, -1,
      25, 37, 19, -1,
      19, 37, 38, -1,
      19, 38, 18, -1,
      30, 39, 29, -1,
      29, 39, 40, -1,
      29, 40, 41, -1,
      22, 42, 20, -1,
      20, 42, 43, -1,
      20, 43, 44, -1,
      13, 45, 1, -1,
      1, 45, 46, -1,
      1, 46, 47, -1,
      47, 48, 1, -1,
      1, 48, 49, -1,
      1, 49, 2, -1,
      8, 50, 14, -1,
      14, 50, 51, -1,
      14, 51, 52, -1,
      52, 51, 53, -1,
      52, 53, 27, -1,
      27, 53, 54, -1,
      27, 54, 31, -1,
      55, 56, 57, -1,
      58, 59, 60, -1,
      61, 62, 5, -1,
      5, 62, 63, -1,
      64, 65, 66, -1,
      66, 65, 67, -1,
      66, 67, 68, -1,
      69, 70, 71, -1,
      71, 70, 72, -1,
      72, 73, 71, -1,
      71, 73, 74, -1,
      71, 74, 75, -1,
      3, 5, 19, -1,
      19, 5, 63, -1,
      19, 63, 60, -1,
      60, 63, 76, -1,
      60, 76, 77, -1,
      77, 78, 79, -1,
      80, 81, 82, -1,
      82, 81, 83, -1,
      84, 85, 86, -1,
      68, 87, 66, -1,
      66, 87, 88, -1,
      66, 88, 89, -1,
      90, 80, 60, -1,
      60, 80, 82, -1,
      60, 82, 58, -1,
      58, 82, 71, -1,
      58, 71, 91, -1,
      91, 71, 75, -1,
      86, 92, 84, -1,
      84, 92, 93, -1,
      84, 93, 94, -1,
      94, 93, 95, -1,
      79, 94, 77, -1,
      77, 94, 95, -1,
      77, 95, 60, -1,
      60, 95, 96, -1,
      60, 96, 90, -1,
      83, 97, 82, -1,
      82, 97, 98, -1,
      82, 98, 66, -1,
      66, 98, 99, -1,
      66, 99, 64, -1,
      57, 100, 55, -1,
      55, 100, 69, -1,
      55, 69, 101, -1,
      101, 69, 71, -1,
      92, 61, 93, -1,
      93, 61, 5, -1,
      93, 5, 89, -1,
      89, 5, 69, -1,
      89, 69, 66, -1,
      66, 69, 100, -1,
      102, 103, 5, -1,
      5, 103, 104, -1,
      5, 104, 69, -1,
      69, 104, 105, -1,
      105, 106, 69, -1,
      69, 106, 107, -1,
      69, 107, 108, -1,
      108, 107, 109, -1,
      108, 109, 110, -1,
      111, 112, 110, -1,
      110, 112, 113, -1,
      110, 113, 108, -1,
      114, 115, 116, -1,
      114, 116, 117, -1,
      6, 118, 5, -1,
      5, 118, 119, -1,
      5, 119, 102, -1,
      102, 119, 120, -1,
      121, 122, 116, -1,
      116, 122, 123, -1,
      116, 123, 124, -1,
      118, 125, 119, -1,
      119, 125, 126, -1,
      119, 126, 10, -1,
      41, 127, 29, -1,
      29, 127, 128, -1,
      29, 128, 11, -1,
      11, 128, 121, -1,
      11, 121, 10, -1,
      10, 121, 116, -1,
      10, 116, 119, -1,
      124, 129, 116, -1,
      116, 129, 130, -1,
      116, 130, 117, -1,
      59, 58, 131, -1,
      131, 58, 132, -1,
      131, 132, 133, -1,
      133, 132, 134, -1,
      133, 134, 26, -1,
      26, 134, 28, -1,
      135, 107, 106, -1,
      115, 114, 136, -1,
      136, 114, 137, -1,
      136, 137, 138, -1,
      106, 139, 135, -1,
      135, 139, 140, -1,
      135, 140, 137, -1,
      102, 120, 138, -1,
      137, 140, 138, -1,
      138, 140, 103, -1,
      138, 103, 102, -1,
      141, 142, 143, -1,
      143, 142, 144, -1,
      145, 146, 147, -1,
      147, 146, 148, -1,
      147, 148, 149, -1,
      150, 151, 152, -1,
      153, 154, 155, -1,
      155, 154, 156, -1,
      145, 147, 157, -1,
      157, 147, 158, -1,
      157, 158, 159, -1,
      159, 158, 160, -1,
      159, 160, 161, -1,
      150, 152, 162, -1,
      141, 143, 163, -1,
      163, 143, 164, -1,
      163, 164, 165, -1,
      165, 164, 166, -1,
      165, 166, 167, -1,
      151, 168, 152, -1,
      152, 168, 169, -1,
      152, 169, 170, -1,
      149, 153, 147, -1,
      147, 153, 155, -1,
      147, 155, 171, -1,
      171, 155, 172, -1,
      171, 172, 173, -1,
      174, 175, 143, -1,
      176, 177, 178, -1,
      170, 179, 152, -1,
      152, 179, 180, -1,
      152, 180, 172, -1,
      172, 180, 181, -1,
      172, 181, 173, -1,
      156, 182, 155, -1,
      155, 182, 183, -1,
      155, 183, 184, -1,
      160, 185, 161, -1,
      161, 185, 186, -1,
      161, 186, 187, -1,
      188, 189, 190, -1,
      178, 177, 167, -1,
      167, 177, 191, -1,
      167, 191, 192, -1,
      192, 193, 167, -1,
      167, 193, 194, -1,
      167, 194, 165, -1,
      187, 195, 161, -1,
      161, 195, 196, -1,
      161, 196, 197, -1,
      188, 190, 178, -1,
      178, 190, 198, -1,
      178, 198, 176, -1,
      197, 199, 161, -1,
      161, 199, 200, -1,
      161, 200, 201, -1,
      201, 200, 202, -1,
      201, 202, 203, -1,
      204, 205, 206, -1,
      206, 205, 207, -1,
      206, 207, 208, -1,
      184, 209, 155, -1,
      155, 209, 204, -1,
      155, 204, 210, -1,
      210, 204, 206, -1,
      211, 212, 174, -1,
      212, 213, 174, -1,
      174, 213, 214, -1,
      174, 214, 215, -1,
      216, 217, 218, -1,
      218, 217, 219, -1,
      220, 221, 222, -1,
      220, 222, 223, -1,
      216, 224, 217, -1,
      217, 224, 225, -1,
      217, 225, 226, -1,
      227, 228, 152, -1,
      152, 228, 229, -1,
      221, 230, 222, -1,
      222, 230, 231, -1,
      222, 231, 152, -1,
      152, 231, 232, -1,
      152, 232, 227, -1,
      233, 234, 174, -1,
      174, 234, 235, -1,
      174, 235, 211, -1,
      226, 236, 217, -1,
      217, 236, 237, -1,
      217, 237, 222, -1,
      222, 237, 238, -1,
      222, 238, 223, -1,
      229, 239, 152, -1,
      152, 239, 240, -1,
      152, 240, 241, -1,
      144, 242, 143, -1,
      143, 242, 162, -1,
      143, 162, 174, -1,
      174, 162, 152, -1,
      174, 152, 233, -1,
      233, 152, 241, -1,
      243, 244, 215, -1,
      215, 244, 206, -1,
      215, 206, 174, -1,
      174, 206, 208, -1,
      174, 208, 175, -1,
      245, 246, 247, -1,
      248, 249, 250, -1,
      247, 251, 245, -1,
      245, 251, 252, -1,
      245, 252, 253, -1,
      253, 254, 245, -1,
      245, 254, 255, -1,
      245, 255, 256, -1,
      257, 258, 259, -1,
      257, 260, 261, -1,
      248, 250, 262, -1,
      263, 264, 265, -1,
      265, 264, 266, -1,
      246, 250, 267, -1,
      267, 250, 268, -1,
      267, 268, 269, -1,
      269, 268, 265, -1,
      246, 245, 250, -1,
      250, 245, 270, -1,
      250, 270, 262, -1,
      271, 272, 273, -1,
      273, 272, 274, -1,
      273, 274, 259, -1,
      259, 274, 275, -1,
      259, 275, 257, -1,
      272, 276, 277, -1,
      278, 279, 280, -1,
      280, 279, 281, -1,
      261, 282, 257, -1,
      257, 282, 283, -1,
      257, 283, 284, -1,
      266, 285, 265, -1,
      265, 285, 286, -1,
      265, 286, 287, -1,
      287, 288, 265, -1,
      265, 288, 289, -1,
      265, 289, 269, -1,
      269, 289, 290, -1,
      269, 290, 257, -1,
      257, 290, 291, -1,
      257, 291, 258, -1,
      258, 291, 292, -1,
      258, 292, 278, -1,
      278, 292, 293, -1,
      278, 293, 279, -1,
      255, 294, 295, -1,
      295, 296, 255, -1,
      255, 296, 297, -1,
      255, 297, 298, -1,
      298, 299, 255, -1,
      255, 299, 300, -1,
      255, 300, 301, -1,
      301, 302, 255, -1,
      255, 302, 303, -1,
      255, 303, 304, -1,
      305, 306, 307, -1,
      307, 306, 308, -1,
      307, 308, 275, -1,
      275, 308, 309, -1,
      309, 310, 275, -1,
      275, 310, 311, -1,
      275, 311, 257, -1,
      257, 311, 312, -1,
      257, 312, 260, -1,
      284, 313, 257, -1,
      257, 313, 314, -1,
      257, 314, 315, -1,
      304, 316, 255, -1,
      255, 316, 317, -1,
      255, 317, 256, -1,
      318, 319, 320, -1,
      320, 319, 321, -1,
      320, 321, 322, -1,
      323, 324, 280, -1,
      280, 324, 325, -1,
      271, 326, 272, -1,
      272, 326, 327, -1,
      272, 327, 328, -1,
      328, 329, 272, -1,
      272, 329, 330, -1,
      272, 330, 276, -1,
      331, 332, 333, -1,
      333, 332, 334, -1,
      333, 334, 277, -1,
      277, 334, 335, -1,
      277, 335, 272, -1,
      320, 336, 337, -1,
      337, 338, 320, -1,
      320, 338, 339, -1,
      320, 339, 340, -1,
      340, 341, 320, -1,
      320, 341, 342, -1,
      320, 342, 343, -1,
      343, 344, 320, -1,
      320, 344, 345, -1,
      320, 345, 318, -1,
      318, 345, 346, -1,
      347, 348, 349, -1,
      349, 348, 350, -1,
      349, 350, 351, -1,
      351, 350, 318, -1,
      351, 318, 352, -1,
      352, 318, 346, -1,
      281, 353, 280, -1,
      280, 353, 354, -1,
      280, 354, 355, -1,
      331, 333, 356, -1,
      356, 333, 357, -1,
      356, 357, 358, -1,
      322, 359, 320, -1,
      320, 359, 360, -1,
      320, 360, 265, -1,
      265, 360, 361, -1,
      265, 361, 263, -1,
      362, 363, 325, -1,
      325, 363, 364, -1,
      325, 364, 280, -1,
      355, 365, 280, -1,
      280, 365, 366, -1,
      280, 366, 323, -1,
      249, 367, 368, -1,
      368, 367, 369, -1,
      368, 369, 370, -1,
      371, 372, 373, -1,
      373, 372, 368, -1,
      373, 368, 374, -1,
      374, 368, 370, -1,
      374, 370, 375, -1,
      375, 370, 376, -1,
      375, 376, 307, -1,
      307, 376, 377, -1,
      307, 377, 305, -1,
      378, 379, 380, -1,
      380, 379, 381, -1,
      380, 381, 382, -1,
      383, 384, 385, -1,
      385, 384, 386, -1,
      387, 388, 389, -1,
      389, 388, 390, -1,
      381, 391, 382, -1,
      382, 391, 392, -1,
      382, 392, 393, -1,
      393, 392, 394, -1,
      385, 379, 383, -1,
      383, 379, 378, -1,
      383, 378, 395, -1,
      395, 378, 396, -1,
      395, 396, 397, -1,
      397, 396, 398, -1,
      397, 399, 400, -1,
      401, 402, 403, -1,
      403, 402, 404, -1,
      390, 405, 389, -1,
      389, 405, 406, -1,
      389, 406, 402, -1,
      402, 406, 407, -1,
      402, 407, 404, -1,
      408, 409, 393, -1,
      393, 409, 410, -1,
      411, 412, 413, -1,
      413, 412, 414, -1,
      413, 414, 415, -1,
      394, 416, 393, -1,
      393, 416, 417, -1,
      393, 417, 418, -1,
      398, 419, 397, -1,
      397, 419, 420, -1,
      397, 420, 421, -1,
      421, 422, 397, -1,
      397, 422, 423, -1,
      397, 423, 399, -1,
      424, 425, 426, -1,
      426, 425, 427, -1,
      426, 427, 400, -1,
      400, 427, 428, -1,
      400, 428, 397, -1,
      413, 429, 430, -1,
      430, 431, 413, -1,
      413, 431, 432, -1,
      413, 432, 433, -1,
      433, 434, 413, -1,
      413, 434, 435, -1,
      413, 435, 436, -1,
      436, 437, 413, -1,
      413, 437, 438, -1,
      413, 438, 411, -1,
      411, 438, 439, -1,
      440, 441, 442, -1,
      442, 441, 443, -1,
      442, 443, 444, -1,
      444, 443, 411, -1,
      444, 411, 445, -1,
      445, 411, 439, -1,
      446, 447, 410, -1,
      410, 447, 448, -1,
      410, 448, 393, -1,
      424, 426, 449, -1,
      449, 426, 450, -1,
      449, 450, 451, -1,
      415, 452, 413, -1,
      413, 452, 453, -1,
      413, 453, 389, -1,
      389, 453, 454, -1,
      389, 454, 387, -1,
      418, 455, 393, -1,
      393, 455, 456, -1,
      393, 456, 408, -1,
      457, 458, 459, -1,
      460, 461, 462, -1,
      217, 463, 464, -1,
      464, 463, 460, -1,
      464, 460, 465, -1,
      465, 460, 462, -1,
      465, 462, 222, -1,
      466, 467, 468, -1,
      462, 466, 222, -1,
      222, 466, 468, -1,
      222, 468, 217, -1,
      217, 468, 469, -1,
      217, 469, 463, -1,
      243, 219, 244, -1,
      244, 219, 217, -1,
      244, 217, 470, -1,
      470, 217, 464, -1,
      470, 464, 471, -1,
      471, 464, 472, -1,
      471, 472, 368, -1,
      472, 473, 474, -1,
      249, 368, 250, -1,
      250, 368, 472, -1,
      250, 472, 475, -1,
      473, 472, 476, -1,
      476, 472, 464, -1,
      476, 464, 477, -1,
      477, 464, 465, -1,
      477, 465, 474, -1,
      474, 465, 478, -1,
      474, 478, 472, -1,
      472, 478, 479, -1,
      472, 479, 475, -1,
      480, 481, 268, -1,
      268, 481, 482, -1,
      268, 482, 478, -1,
      478, 482, 483, -1,
      478, 483, 479, -1,
      479, 483, 484, -1,
      479, 484, 485, -1,
      485, 486, 479, -1,
      479, 486, 487, -1,
      479, 487, 488, -1,
      475, 489, 250, -1,
      250, 489, 490, -1,
      250, 490, 268, -1,
      268, 490, 491, -1,
      268, 491, 480, -1,
      371, 336, 372, -1,
      372, 336, 320, -1,
      372, 320, 459, -1,
      459, 320, 385, -1,
      459, 385, 457, -1,
      457, 385, 386, -1,
      385, 492, 493, -1,
      492, 385, 494, -1,
      494, 385, 320, -1,
      494, 320, 495, -1,
      495, 320, 265, -1,
      495, 265, 493, -1,
      493, 265, 402, -1,
      493, 402, 385, -1,
      385, 402, 401, -1,
      385, 401, 379, -1,
      496, 497, 498, -1,
      499, 500, 501, -1,
      501, 500, 502, -1,
      413, 503, 504, -1,
      504, 503, 505, -1,
      504, 505, 506, -1,
      506, 507, 504, -1,
      504, 507, 508, -1,
      504, 508, 509, -1,
      509, 510, 504, -1,
      504, 510, 511, -1,
      504, 511, 512, -1,
      502, 513, 501, -1,
      501, 513, 514, -1,
      501, 514, 515, -1,
      515, 496, 501, -1,
      501, 496, 498, -1,
      501, 498, 389, -1,
      389, 498, 516, -1,
      389, 516, 413, -1,
      413, 516, 517, -1,
      413, 517, 503, -1,
      458, 518, 459, -1,
      459, 518, 429, -1,
      459, 429, 519, -1,
      519, 429, 413, -1,
      519, 413, 520, -1,
      520, 413, 504, -1,
      520, 504, 521, -1,
      521, 504, 522, -1,
      512, 499, 504, -1,
      504, 499, 501, -1,
      504, 501, 522, -1,
      522, 501, 523, -1,
      524, 70, 525, -1,
      525, 70, 69, -1,
      525, 69, 108, -1,
      128, 526, 121, -1,
      121, 526, 527, -1,
      121, 527, 122, -1,
      525, 528, 529, -1,
      525, 529, 524, -1,
      524, 529, 530, -1,
      524, 530, 531, -1,
      137, 532, 533, -1,
      137, 533, 135, -1,
      135, 533, 534, -1,
      135, 534, 535, -1,
      132, 536, 537, -1,
      132, 537, 134, -1,
      134, 537, 538, -1,
      134, 538, 539, -1,
      526, 540, 541, -1,
      526, 541, 527, -1,
      527, 541, 542, -1,
      527, 542, 543, -1,
      526, 128, 540, -1,
      540, 128, 127, -1,
      540, 127, 544, -1,
      544, 127, 545, -1,
      545, 127, 41, -1,
      545, 41, 546, -1,
      546, 41, 547, -1,
      547, 41, 40, -1,
      547, 40, 548, -1,
      548, 40, 549, -1,
      549, 40, 39, -1,
      549, 39, 550, -1,
      550, 39, 551, -1,
      551, 39, 30, -1,
      551, 30, 552, -1,
      28, 134, 30, -1,
      30, 134, 539, -1,
      30, 539, 552, -1,
      137, 114, 532, -1,
      532, 114, 117, -1,
      532, 117, 553, -1,
      553, 117, 554, -1,
      554, 117, 130, -1,
      554, 130, 555, -1,
      555, 130, 556, -1,
      556, 130, 129, -1,
      556, 129, 557, -1,
      557, 129, 558, -1,
      558, 129, 124, -1,
      558, 124, 559, -1,
      559, 124, 560, -1,
      560, 124, 123, -1,
      560, 123, 561, -1,
      122, 527, 123, -1,
      123, 527, 543, -1,
      123, 543, 561, -1,
      549, 550, 562, -1,
      562, 550, 551, -1,
      562, 551, 538, -1,
      538, 551, 552, -1,
      538, 552, 539, -1,
      562, 563, 549, -1,
      549, 563, 564, -1,
      549, 564, 548, -1,
      548, 564, 565, -1,
      565, 566, 548, -1,
      548, 566, 567, -1,
      548, 567, 547, -1,
      547, 567, 568, -1,
      547, 568, 546, -1,
      546, 568, 569, -1,
      546, 569, 545, -1,
      545, 569, 570, -1,
      545, 570, 544, -1,
      544, 570, 541, -1,
      544, 541, 540, -1,
      522, 523, 571, -1,
      521, 522, 572, -1,
      572, 522, 571, -1,
      572, 571, 573, -1,
      573, 571, 574, -1,
      573, 574, 575, -1,
      575, 574, 576, -1,
      575, 576, 577, -1,
      577, 576, 578, -1,
      577, 578, 579, -1,
      579, 578, 580, -1,
      579, 580, 581, -1,
      581, 580, 582, -1,
      581, 582, 583, -1,
      583, 582, 584, -1,
      583, 584, 585, -1,
      585, 584, 586, -1,
      585, 586, 587, -1,
      587, 586, 588, -1,
      587, 588, 589, -1,
      589, 588, 590, -1,
      589, 590, 541, -1,
      541, 590, 542, -1,
      558, 559, 591, -1,
      591, 559, 560, -1,
      591, 560, 542, -1,
      542, 560, 561, -1,
      542, 561, 543, -1,
      591, 592, 558, -1,
      558, 592, 593, -1,
      558, 593, 557, -1,
      557, 593, 594, -1,
      594, 595, 557, -1,
      557, 595, 596, -1,
      557, 596, 556, -1,
      556, 596, 597, -1,
      556, 597, 555, -1,
      555, 597, 598, -1,
      555, 598, 554, -1,
      554, 598, 599, -1,
      554, 599, 553, -1,
      553, 599, 533, -1,
      553, 533, 532, -1,
      132, 58, 536, -1,
      536, 58, 91, -1,
      536, 91, 600, -1,
      600, 91, 601, -1,
      601, 91, 75, -1,
      601, 75, 602, -1,
      602, 75, 603, -1,
      603, 75, 74, -1,
      603, 74, 604, -1,
      604, 74, 605, -1,
      605, 74, 73, -1,
      605, 73, 606, -1,
      606, 73, 607, -1,
      607, 73, 72, -1,
      607, 72, 608, -1,
      70, 524, 72, -1,
      72, 524, 531, -1,
      72, 531, 608, -1,
      609, 610, 611, -1,
      612, 613, 614, -1,
      521, 615, 616, -1,
      617, 615, 521, -1,
      614, 613, 521, -1,
      618, 521, 613, -1,
      619, 563, 562, -1,
      563, 619, 564, -1,
      564, 619, 620, -1,
      564, 620, 565, -1,
      565, 620, 621, -1,
      565, 621, 566, -1,
      566, 621, 622, -1,
      566, 622, 567, -1,
      567, 622, 568, -1,
      568, 622, 623, -1,
      568, 623, 569, -1,
      569, 623, 570, -1,
      570, 623, 589, -1,
      570, 589, 541, -1,
      572, 617, 521, -1,
      624, 625, 612, -1,
      612, 625, 626, -1,
      612, 626, 613, -1,
      613, 626, 627, -1,
      613, 627, 618, -1,
      628, 616, 629, -1,
      629, 616, 615, -1,
      629, 615, 630, -1,
      630, 615, 617, -1,
      630, 617, 631, -1,
      572, 573, 617, -1,
      617, 573, 575, -1,
      617, 575, 631, -1,
      631, 575, 577, -1,
      631, 577, 579, -1,
      611, 628, 632, -1,
      632, 628, 629, -1,
      632, 629, 633, -1,
      633, 629, 630, -1,
      633, 630, 634, -1,
      634, 630, 631, -1,
      634, 631, 635, -1,
      635, 631, 579, -1,
      636, 637, 638, -1,
      638, 637, 609, -1,
      609, 611, 638, -1,
      638, 611, 632, -1,
      638, 632, 639, -1,
      639, 632, 633, -1,
      639, 633, 640, -1,
      640, 633, 634, -1,
      640, 634, 641, -1,
      641, 634, 635, -1,
      641, 635, 642, -1,
      610, 624, 611, -1,
      611, 624, 612, -1,
      611, 612, 628, -1,
      628, 612, 614, -1,
      628, 614, 616, -1,
      616, 614, 521, -1,
      636, 619, 643, -1,
      643, 619, 562, -1,
      643, 562, 538, -1,
      579, 581, 635, -1,
      635, 581, 583, -1,
      635, 583, 642, -1,
      642, 583, 585, -1,
      642, 585, 587, -1,
      636, 638, 619, -1,
      619, 638, 639, -1,
      619, 639, 620, -1,
      620, 639, 640, -1,
      620, 640, 621, -1,
      621, 640, 641, -1,
      621, 641, 622, -1,
      622, 641, 642, -1,
      622, 642, 623, -1,
      623, 642, 587, -1,
      623, 587, 589, -1,
      584, 582, 644, -1,
      645, 646, 647, -1,
      523, 648, 649, -1,
      650, 648, 523, -1,
      647, 646, 523, -1,
      571, 523, 646, -1,
      651, 592, 591, -1,
      592, 651, 593, -1,
      593, 651, 652, -1,
      593, 652, 594, -1,
      594, 652, 653, -1,
      594, 653, 595, -1,
      595, 653, 654, -1,
      595, 654, 596, -1,
      596, 654, 597, -1,
      597, 654, 655, -1,
      597, 655, 598, -1,
      598, 655, 599, -1,
      599, 655, 656, -1,
      599, 656, 533, -1,
      657, 650, 523, -1,
      580, 578, 645, -1,
      645, 578, 576, -1,
      645, 576, 646, -1,
      646, 576, 574, -1,
      646, 574, 571, -1,
      658, 649, 659, -1,
      659, 649, 648, -1,
      659, 648, 660, -1,
      660, 648, 650, -1,
      660, 650, 661, -1,
      657, 662, 650, -1,
      650, 662, 663, -1,
      650, 663, 661, -1,
      661, 663, 664, -1,
      661, 664, 665, -1,
      644, 658, 666, -1,
      666, 658, 659, -1,
      666, 659, 667, -1,
      667, 659, 660, -1,
      667, 660, 668, -1,
      668, 660, 661, -1,
      668, 661, 669, -1,
      669, 661, 665, -1,
      588, 586, 670, -1,
      670, 586, 584, -1,
      584, 644, 670, -1,
      670, 644, 666, -1,
      670, 666, 671, -1,
      671, 666, 667, -1,
      671, 667, 672, -1,
      672, 667, 668, -1,
      672, 668, 673, -1,
      673, 668, 669, -1,
      673, 669, 674, -1,
      582, 580, 644, -1,
      644, 580, 645, -1,
      644, 645, 658, -1,
      658, 645, 647, -1,
      658, 647, 649, -1,
      649, 647, 523, -1,
      588, 651, 590, -1,
      590, 651, 591, -1,
      590, 591, 542, -1,
      665, 675, 669, -1,
      669, 675, 676, -1,
      669, 676, 674, -1,
      674, 676, 677, -1,
      674, 677, 678, -1,
      588, 670, 651, -1,
      651, 670, 671, -1,
      651, 671, 652, -1,
      652, 671, 672, -1,
      652, 672, 653, -1,
      653, 672, 673, -1,
      653, 673, 654, -1,
      654, 673, 674, -1,
      654, 674, 655, -1,
      655, 674, 678, -1,
      655, 678, 656, -1,
      525, 108, 528, -1,
      528, 108, 113, -1,
      528, 113, 679, -1,
      679, 113, 680, -1,
      680, 113, 112, -1,
      680, 112, 681, -1,
      681, 112, 682, -1,
      682, 112, 111, -1,
      682, 111, 683, -1,
      683, 111, 684, -1,
      684, 111, 110, -1,
      684, 110, 685, -1,
      685, 110, 686, -1,
      686, 110, 109, -1,
      686, 109, 687, -1,
      107, 135, 109, -1,
      109, 135, 535, -1,
      109, 535, 687, -1,
      605, 606, 688, -1,
      688, 606, 607, -1,
      688, 607, 530, -1,
      530, 607, 608, -1,
      530, 608, 531, -1,
      688, 689, 605, -1,
      605, 689, 690, -1,
      605, 690, 604, -1,
      604, 690, 691, -1,
      691, 692, 604, -1,
      604, 692, 693, -1,
      604, 693, 603, -1,
      603, 693, 694, -1,
      603, 694, 602, -1,
      602, 694, 695, -1,
      602, 695, 601, -1,
      601, 695, 696, -1,
      601, 696, 600, -1,
      600, 696, 537, -1,
      600, 537, 536, -1,
      210, 206, 697, -1,
      697, 206, 244, -1,
      697, 244, 470, -1,
      538, 537, 643, -1,
      643, 537, 698, -1,
      643, 698, 636, -1,
      636, 698, 699, -1,
      636, 699, 637, -1,
      637, 699, 700, -1,
      637, 700, 609, -1,
      609, 700, 701, -1,
      609, 701, 610, -1,
      610, 701, 702, -1,
      610, 702, 624, -1,
      624, 702, 703, -1,
      624, 703, 625, -1,
      625, 703, 704, -1,
      625, 704, 626, -1,
      626, 704, 705, -1,
      626, 705, 627, -1,
      627, 705, 706, -1,
      627, 706, 618, -1,
      618, 706, 697, -1,
      618, 697, 471, -1,
      471, 697, 470, -1,
      471, 368, 618, -1,
      618, 368, 372, -1,
      618, 372, 459, -1,
      459, 519, 618, -1,
      618, 519, 520, -1,
      618, 520, 521, -1,
      534, 533, 707, -1,
      707, 533, 656, -1,
      707, 656, 708, -1,
      708, 656, 678, -1,
      708, 678, 709, -1,
      709, 678, 677, -1,
      709, 677, 710, -1,
      710, 677, 676, -1,
      710, 676, 711, -1,
      711, 676, 675, -1,
      711, 675, 712, -1,
      712, 675, 665, -1,
      712, 665, 713, -1,
      713, 665, 664, -1,
      713, 664, 714, -1,
      714, 664, 663, -1,
      714, 663, 715, -1,
      715, 663, 662, -1,
      715, 662, 716, -1,
      716, 662, 657, -1,
      523, 501, 657, -1,
      657, 501, 389, -1,
      657, 389, 402, -1,
      402, 265, 657, -1,
      657, 265, 268, -1,
      657, 268, 716, -1,
      716, 268, 478, -1,
      716, 478, 465, -1,
      465, 222, 716, -1,
      716, 222, 152, -1,
      716, 152, 172, -1,
      684, 685, 717, -1,
      717, 685, 686, -1,
      717, 686, 534, -1,
      534, 686, 687, -1,
      534, 687, 535, -1,
      717, 718, 684, -1,
      684, 718, 719, -1,
      684, 719, 683, -1,
      683, 719, 720, -1,
      720, 721, 683, -1,
      683, 721, 722, -1,
      683, 722, 682, -1,
      682, 722, 723, -1,
      682, 723, 681, -1,
      681, 723, 724, -1,
      681, 724, 680, -1,
      680, 724, 725, -1,
      680, 725, 679, -1,
      679, 725, 529, -1,
      679, 529, 528, -1,
      726, 727, 728, -1,
      729, 730, 731, -1,
      210, 732, 733, -1,
      734, 732, 210, -1,
      731, 730, 210, -1,
      735, 210, 730, -1,
      736, 689, 688, -1,
      689, 736, 690, -1,
      690, 736, 737, -1,
      690, 737, 691, -1,
      691, 737, 738, -1,
      691, 738, 692, -1,
      692, 738, 739, -1,
      692, 739, 693, -1,
      693, 739, 694, -1,
      694, 739, 740, -1,
      694, 740, 695, -1,
      695, 740, 696, -1,
      696, 740, 698, -1,
      696, 698, 537, -1,
      697, 734, 210, -1,
      741, 742, 729, -1,
      729, 742, 743, -1,
      729, 743, 730, -1,
      730, 743, 744, -1,
      730, 744, 735, -1,
      745, 733, 746, -1,
      746, 733, 732, -1,
      746, 732, 747, -1,
      747, 732, 734, -1,
      747, 734, 748, -1,
      697, 706, 734, -1,
      734, 706, 705, -1,
      734, 705, 748, -1,
      748, 705, 704, -1,
      748, 704, 703, -1,
      728, 745, 749, -1,
      749, 745, 746, -1,
      749, 746, 750, -1,
      750, 746, 747, -1,
      750, 747, 751, -1,
      751, 747, 748, -1,
      751, 748, 752, -1,
      752, 748, 703, -1,
      753, 754, 755, -1,
      755, 754, 726, -1,
      726, 728, 755, -1,
      755, 728, 749, -1,
      755, 749, 756, -1,
      756, 749, 750, -1,
      756, 750, 757, -1,
      757, 750, 751, -1,
      757, 751, 758, -1,
      758, 751, 752, -1,
      758, 752, 759, -1,
      727, 741, 728, -1,
      728, 741, 729, -1,
      728, 729, 745, -1,
      745, 729, 731, -1,
      745, 731, 733, -1,
      733, 731, 210, -1,
      753, 736, 760, -1,
      760, 736, 688, -1,
      760, 688, 530, -1,
      703, 702, 752, -1,
      752, 702, 701, -1,
      752, 701, 759, -1,
      759, 701, 700, -1,
      759, 700, 699, -1,
      753, 755, 736, -1,
      736, 755, 756, -1,
      736, 756, 737, -1,
      737, 756, 757, -1,
      737, 757, 738, -1,
      738, 757, 758, -1,
      738, 758, 739, -1,
      739, 758, 759, -1,
      739, 759, 740, -1,
      740, 759, 699, -1,
      740, 699, 698, -1,
      710, 711, 761, -1,
      762, 763, 764, -1,
      172, 765, 766, -1,
      767, 765, 172, -1,
      764, 763, 172, -1,
      716, 172, 763, -1,
      768, 718, 717, -1,
      718, 768, 719, -1,
      719, 768, 769, -1,
      719, 769, 720, -1,
      720, 769, 770, -1,
      720, 770, 721, -1,
      721, 770, 771, -1,
      721, 771, 722, -1,
      722, 771, 723, -1,
      723, 771, 772, -1,
      723, 772, 724, -1,
      724, 772, 725, -1,
      725, 772, 773, -1,
      725, 773, 529, -1,
      774, 767, 172, -1,
      712, 713, 762, -1,
      762, 713, 714, -1,
      762, 714, 763, -1,
      763, 714, 715, -1,
      763, 715, 716, -1,
      775, 766, 776, -1,
      776, 766, 765, -1,
      776, 765, 777, -1,
      777, 765, 767, -1,
      777, 767, 778, -1,
      774, 779, 767, -1,
      767, 779, 780, -1,
      767, 780, 778, -1,
      778, 780, 781, -1,
      778, 781, 782, -1,
      761, 775, 783, -1,
      783, 775, 776, -1,
      783, 776, 784, -1,
      784, 776, 777, -1,
      784, 777, 785, -1,
      785, 777, 778, -1,
      785, 778, 786, -1,
      786, 778, 782, -1,
      708, 709, 787, -1,
      787, 709, 710, -1,
      710, 761, 787, -1,
      787, 761, 783, -1,
      787, 783, 788, -1,
      788, 783, 784, -1,
      788, 784, 789, -1,
      789, 784, 785, -1,
      789, 785, 790, -1,
      790, 785, 786, -1,
      790, 786, 791, -1,
      711, 712, 761, -1,
      761, 712, 762, -1,
      761, 762, 775, -1,
      775, 762, 764, -1,
      775, 764, 766, -1,
      766, 764, 172, -1,
      708, 768, 707, -1,
      707, 768, 717, -1,
      707, 717, 534, -1,
      782, 792, 786, -1,
      786, 792, 793, -1,
      786, 793, 791, -1,
      791, 793, 794, -1,
      791, 794, 795, -1,
      708, 787, 768, -1,
      768, 787, 788, -1,
      768, 788, 769, -1,
      769, 788, 789, -1,
      769, 789, 770, -1,
      770, 789, 790, -1,
      770, 790, 771, -1,
      771, 790, 791, -1,
      771, 791, 772, -1,
      772, 791, 795, -1,
      772, 795, 773, -1,
      155, 210, 735, -1,
      530, 529, 760, -1,
      760, 529, 773, -1,
      760, 773, 753, -1,
      753, 773, 795, -1,
      753, 795, 754, -1,
      754, 795, 794, -1,
      754, 794, 726, -1,
      726, 794, 793, -1,
      726, 793, 727, -1,
      727, 793, 792, -1,
      727, 792, 741, -1,
      741, 792, 782, -1,
      741, 782, 742, -1,
      742, 782, 781, -1,
      742, 781, 743, -1,
      743, 781, 780, -1,
      743, 780, 744, -1,
      744, 780, 779, -1,
      744, 779, 735, -1,
      735, 779, 774, -1,
      735, 774, 155, -1,
      155, 774, 172, -1,
    ]
  }
}

Shape {
  appearance Appearance {
    material Material {
      diffuseColor 0.4510 0.4314 0.4196
      specularColor 0.0314 0.0314 0.0314
      ambientIntensity 0.2
      transparency 0.0000
      shininess 0.5
    }
  }
  geometry IndexedFaceSet {
    ccw TRUE
    solid FALSE
    coord DEF co Coordinate {
      point [
        0.000136 0.123531 0.240157,
        -0.002220 0.121000 0.240157,
        0.014607 0.120262 0.240157,
        -0.004207 0.119733 0.240157,
        0.002983 0.138693 0.240157,
        0.004949 0.140796 0.240157,
        -0.011080 0.142828 0.240157,
        0.006807 0.141947 0.240157,
        0.008872 0.142630 0.240157,
        -0.011011 0.119130 0.240157,
        -0.012980 0.119844 0.240157,
        0.010886 0.142828 0.240157,
        0.013606 0.142475 0.240157,
        0.015491 0.141706 0.240157,
        -0.000285 0.133203 0.240157,
        -0.012848 0.139950 0.240157,
        -0.003347 0.127490 0.240157,
        -0.014282 0.135287 0.240157,
        -0.003392 0.127420 0.240157,
        -0.008252 0.118822 0.240157,
        0.003414 0.129182 0.240157,
        0.016152 0.123239 0.240157,
        0.005353 0.132841 0.240157,
        0.016957 0.126604 0.240157,
        0.017127 0.129324 0.240157,
        -0.014651 0.120954 0.240157,
        -0.016073 0.122465 0.240157,
        -0.017487 0.124935 0.240157,
        -0.016841 0.142828 0.240157,
        -0.017444 0.141566 0.240157,
        0.020368 0.120262 0.240157,
        0.012581 0.137426 0.240157,
        0.011403 0.137546 0.240157,
        0.016878 0.132071 0.240157,
        -0.018576 0.128794 0.240157,
        -0.018882 0.132918 0.240157,
        -0.018360 0.137985 0.240157,
        0.017200 0.140468 0.240157,
        0.018667 0.138778 0.240157,
        0.019939 0.136564 0.240157,
        -0.014561 0.132333 0.240157,
        -0.014341 0.129474 0.240157,
        -0.013800 0.127476 0.240157,
        0.016219 0.134141 0.240157,
        0.015354 0.135615 0.240157,
        0.014474 0.136518 0.240157,
        0.009901 0.137374 0.240157,
        0.008815 0.136959 0.240157,
        0.007839 0.136293 0.240157,
        0.006780 0.135086 0.240157,
        -0.013021 0.126064 0.240157,
        -0.012248 0.125244 0.240157,
        -0.011468 0.124723 0.240157,
        0.013639 0.137061 0.240157,
        -0.010240 0.124269 0.240157,
        -0.008687 0.124103 0.240157,
        -0.004802 0.125727 0.240157,
        -0.007264 0.124288 0.240157,
        -0.006138 0.124737 0.240157,
        0.021208 0.131366 0.240157,
        0.021448 0.128904 0.240157,
        0.021261 0.124533 0.240157,
        0.021208 0.124281 0.240157,
        0.021024 0.133256 0.240157,
        0.014723 0.109809 0.240157,
        0.017846 0.106654 0.240157,
        0.019991 0.102912 0.240157,
        0.021113 0.098927 0.240157,
        0.021208 0.097763 0.240157,
        0.019603 0.086362 0.240157,
        0.020928 0.090084 0.240157,
        0.021208 0.092647 0.240157,
        -0.012089 0.080682 0.240157,
        -0.015163 0.083713 0.240157,
        -0.008471 0.078528 0.240157,
        0.017301 0.082939 0.240157,
        0.014013 0.080018 0.240157,
        0.010081 0.077965 0.240157,
        -0.018371 0.100297 0.240157,
        -0.017099 0.103996 0.240157,
        -0.015048 0.107217 0.240157,
        -0.017160 0.086976 0.240157,
        -0.018413 0.090750 0.240157,
        -0.018882 0.095476 0.240157,
        0.000818 0.114020 0.240157,
        0.006489 0.113485 0.240157,
        0.011063 0.112020 0.240157,
        0.005692 0.076849 0.240157,
        0.001748 0.076571 0.240157,
        -0.003946 0.077099 0.240157,
        -0.012120 0.110045 0.240157,
        -0.008444 0.112226 0.240157,
        -0.004190 0.113557 0.240157,
        -0.006251 0.119028 0.240157,
        0.021448 0.094838 0.240157,
        -0.016841 0.142828 0.236220,
        -0.011080 0.142828 0.236220,
        -0.014561 0.132333 0.236220,
        -0.014282 0.135287 0.236220,
        -0.012848 0.139950 0.236220,
        -0.008687 0.124103 0.236220,
        -0.010240 0.124269 0.236220,
        -0.011468 0.124723 0.236220,
        -0.012248 0.125244 0.236220,
        -0.013021 0.126064 0.236220,
        -0.013800 0.127476 0.236220,
        -0.014341 0.129474 0.236220,
        -0.000285 0.133203 0.236220,
        -0.003347 0.127490 0.236220,
        -0.003392 0.127420 0.236220,
        -0.004802 0.125727 0.236220,
        -0.006138 0.124737 0.236220,
        -0.007264 0.124288 0.236220,
        0.010886 0.142828 0.236220,
        0.008872 0.142630 0.236220,
        0.006807 0.141947 0.236220,
        0.004949 0.140796 0.236220,
        0.002983 0.138693 0.236220,
        0.021448 0.128904 0.236220,
        0.021024 0.133256 0.236220,
        0.019939 0.136564 0.236220,
        0.018667 0.138778 0.236220,
        0.017200 0.140468 0.236220,
        0.015491 0.141706 0.236220,
        0.013606 0.142475 0.236220,
        0.021261 0.124533 0.236220,
        0.020368 0.120262 0.236220,
        0.014607 0.120262 0.236220,
        0.017127 0.129324 0.236220,
        0.016957 0.126604 0.236220,
        0.016152 0.123239 0.236220,
        0.011403 0.137546 0.236220,
        0.012581 0.137426 0.236220,
        0.013639 0.137061 0.236220,
        0.014474 0.136518 0.236220,
        0.015354 0.135615 0.236220,
        0.016219 0.134141 0.236220,
        0.016878 0.132071 0.236220,
        0.003414 0.129182 0.236220,
        0.005353 0.132841 0.236220,
        0.006780 0.135086 0.236220,
        0.007839 0.136293 0.236220,
        0.008815 0.136959 0.236220,
        0.009901 0.137374 0.236220,
        -0.008252 0.118822 0.236220,
        -0.006251 0.119028 0.236220,
        -0.004207 0.119733 0.236220,
        -0.002220 0.121000 0.236220,
        0.000136 0.123531 0.236220,
        -0.018882 0.132918 0.236220,
        -0.018576 0.128794 0.236220,
        -0.017487 0.124935 0.236220,
        -0.016073 0.122465 0.236220,
        -0.014651 0.120954 0.236220,
        -0.012980 0.119844 0.236220,
        -0.011011 0.119130 0.236220,
        -0.017444 0.141566 0.236220,
        -0.018360 0.137985 0.236220,
        0.000818 0.114020 0.236220,
        -0.004190 0.113557 0.236220,
        -0.008444 0.112226 0.236220,
        -0.012120 0.110045 0.236220,
        -0.015048 0.107217 0.236220,
        -0.017099 0.103996 0.236220,
        -0.018371 0.100297 0.236220,
        -0.018882 0.095476 0.236220,
        0.021448 0.094838 0.236220,
        0.021113 0.098927 0.236220,
        0.019991 0.102912 0.236220,
        0.017846 0.106654 0.236220,
        0.014723 0.109809 0.236220,
        0.011063 0.112020 0.236220,
        0.006489 0.113485 0.236220,
        0.020928 0.090084 0.236220,
        0.019603 0.086362 0.236220,
        0.017301 0.082939 0.236220,
        0.014013 0.080018 0.236220,
        0.010081 0.077965 0.236220,
        0.005692 0.076849 0.236220,
        0.001748 0.076571 0.236220,
        -0.018413 0.090750 0.236220,
        -0.017160 0.086976 0.236220,
        -0.015163 0.083713 0.236220,
        -0.012089 0.080682 0.236220,
        -0.008471 0.078528 0.236220,
        -0.003946 0.077099 0.236220,
        0.001246 0.108739 0.236220,
        -0.003291 0.108315 0.236220,
        -0.006844 0.107193 0.236220,
        -0.009680 0.105507 0.236220,
        -0.011886 0.103385 0.236220,
        -0.013363 0.101070 0.236220,
        -0.014282 0.098323 0.236220,
        -0.014561 0.095461 0.236220,
        -0.014190 0.091921 0.236220,
        -0.013259 0.089193 0.236220,
        -0.011788 0.086893 0.236220,
        -0.009939 0.085076 0.236220,
        -0.007422 0.083527 0.236220,
        -0.003684 0.082305 0.236220,
        0.001171 0.081852 0.236220,
        0.005824 0.082241 0.236220,
        0.009376 0.083246 0.236220,
        0.012328 0.084889 0.236220,
        0.014376 0.086817 0.236220,
        0.015815 0.089007 0.236220,
        0.016739 0.091607 0.236220,
        0.017127 0.095131 0.236220,
        0.016710 0.098650 0.236220,
        0.015706 0.101294 0.236220,
        0.014081 0.103654 0.236220,
        0.011505 0.105923 0.236220,
        0.008422 0.107535 0.236220,
        0.004154 0.108571 0.236220,
        0.001246 0.108739 0.240157,
        0.004154 0.108571 0.240157,
        0.008422 0.107535 0.240157,
        0.011505 0.105923 0.240157,
        0.014081 0.103654 0.240157,
        0.015706 0.101294 0.240157,
        0.016710 0.098650 0.240157,
        0.017127 0.095131 0.240157,
        0.016739 0.091607 0.240157,
        0.015815 0.089007 0.240157,
        0.014376 0.086817 0.240157,
        0.012328 0.084889 0.240157,
        0.009376 0.083246 0.240157,
        0.005824 0.082241 0.240157,
        0.001171 0.081852 0.240157,
        -0.003684 0.082305 0.240157,
        -0.007422 0.083527 0.240157,
        -0.009939 0.085076 0.240157,
        -0.011788 0.086893 0.240157,
        -0.013259 0.089193 0.240157,
        -0.014190 0.091921 0.240157,
        -0.014561 0.095461 0.240157,
        -0.014282 0.098323 0.240157,
        -0.013363 0.101070 0.240157,
        -0.011886 0.103385 0.240157,
        -0.009680 0.105507 0.240157,
        -0.006844 0.107193 0.240157,
        -0.003291 0.108315 0.240157,
      ]
    }
    coordIndex [
      95, 96, 28, -1,
      28, 96, 6, -1,
      97, 40, 17, -1,
      97, 17, 98, -1,
      98, 17, 15, -1,
      98, 15, 99, -1,
      99, 15, 6, -1,
      99, 6, 96, -1,
      100, 55, 54, -1,
      100, 54, 101, -1,
      101, 54, 52, -1,
      101, 52, 102, -1,
      102, 52, 51, -1,
      102, 51, 103, -1,
      103, 51, 50, -1,
      103, 50, 104, -1,
      104, 50, 42, -1,
      104, 42, 105, -1,
      105, 42, 41, -1,
      105, 41, 106, -1,
      106, 41, 40, -1,
      106, 40, 97, -1,
      107, 14, 16, -1,
      107, 16, 108, -1,
      108, 16, 18, -1,
      108, 18, 109, -1,
      109, 18, 56, -1,
      109, 56, 110, -1,
      110, 56, 58, -1,
      110, 58, 111, -1,
      111, 58, 57, -1,
      111, 57, 112, -1,
      112, 57, 55, -1,
      112, 55, 100, -1,
      113, 11, 8, -1,
      113, 8, 114, -1,
      114, 8, 7, -1,
      114, 7, 115, -1,
      115, 7, 5, -1,
      115, 5, 116, -1,
      116, 5, 4, -1,
      116, 4, 117, -1,
      117, 4, 14, -1,
      117, 14, 107, -1,
      60, 59, 118, -1,
      118, 59, 119, -1,
      59, 63, 119, -1,
      119, 63, 39, -1,
      119, 39, 120, -1,
      120, 39, 38, -1,
      120, 38, 121, -1,
      121, 38, 37, -1,
      121, 37, 122, -1,
      122, 37, 13, -1,
      122, 13, 123, -1,
      123, 13, 12, -1,
      123, 12, 124, -1,
      124, 12, 11, -1,
      124, 11, 113, -1,
      60, 118, 125, -1,
      126, 30, 62, -1,
      126, 62, 125, -1,
      125, 62, 61, -1,
      125, 61, 60, -1,
      126, 127, 30, -1,
      30, 127, 2, -1,
      128, 24, 23, -1,
      128, 23, 129, -1,
      129, 23, 21, -1,
      129, 21, 130, -1,
      130, 21, 2, -1,
      130, 2, 127, -1,
      131, 32, 31, -1,
      131, 31, 132, -1,
      132, 31, 53, -1,
      132, 53, 133, -1,
      133, 53, 45, -1,
      133, 45, 134, -1,
      134, 45, 44, -1,
      134, 44, 135, -1,
      135, 44, 43, -1,
      135, 43, 136, -1,
      136, 43, 33, -1,
      136, 33, 137, -1,
      137, 33, 24, -1,
      137, 24, 128, -1,
      138, 20, 22, -1,
      138, 22, 139, -1,
      139, 22, 49, -1,
      139, 49, 140, -1,
      140, 49, 48, -1,
      140, 48, 141, -1,
      141, 48, 47, -1,
      141, 47, 142, -1,
      142, 47, 46, -1,
      142, 46, 143, -1,
      143, 46, 32, -1,
      143, 32, 131, -1,
      144, 19, 93, -1,
      144, 93, 145, -1,
      145, 93, 3, -1,
      145, 3, 146, -1,
      146, 3, 1, -1,
      146, 1, 147, -1,
      147, 1, 0, -1,
      147, 0, 148, -1,
      148, 0, 20, -1,
      148, 20, 138, -1,
      149, 35, 34, -1,
      149, 34, 150, -1,
      150, 34, 27, -1,
      150, 27, 151, -1,
      151, 27, 26, -1,
      151, 26, 152, -1,
      152, 26, 25, -1,
      152, 25, 153, -1,
      153, 25, 10, -1,
      153, 10, 154, -1,
      154, 10, 9, -1,
      154, 9, 155, -1,
      155, 9, 19, -1,
      155, 19, 144, -1,
      95, 28, 29, -1,
      95, 29, 156, -1,
      156, 29, 36, -1,
      156, 36, 157, -1,
      157, 36, 35, -1,
      157, 35, 149, -1,
      96, 95, 99, -1,
      99, 95, 156, -1,
      99, 156, 98, -1,
      98, 156, 157, -1,
      98, 157, 97, -1,
      97, 157, 149, -1,
      97, 149, 106, -1,
      106, 149, 150, -1,
      106, 150, 105, -1,
      105, 150, 151, -1,
      105, 151, 104, -1,
      104, 151, 152, -1,
      104, 152, 103, -1,
      103, 152, 153, -1,
      103, 153, 102, -1,
      102, 153, 154, -1,
      102, 154, 101, -1,
      101, 154, 155, -1,
      101, 155, 100, -1,
      100, 155, 144, -1,
      100, 144, 112, -1,
      112, 144, 145, -1,
      112, 145, 111, -1,
      111, 145, 146, -1,
      111, 146, 110, -1,
      110, 146, 147, -1,
      110, 147, 109, -1,
      109, 147, 148, -1,
      109, 148, 108, -1,
      108, 148, 138, -1,
      108, 138, 107, -1,
      107, 138, 139, -1,
      107, 139, 117, -1,
      117, 139, 140, -1,
      117, 140, 116, -1,
      116, 140, 141, -1,
      116, 141, 115, -1,
      115, 141, 142, -1,
      115, 142, 114, -1,
      114, 142, 143, -1,
      114, 143, 113, -1,
      113, 143, 131, -1,
      113, 131, 124, -1,
      124, 131, 132, -1,
      124, 132, 123, -1,
      123, 132, 133, -1,
      123, 133, 122, -1,
      122, 133, 134, -1,
      122, 134, 121, -1,
      121, 134, 135, -1,
      121, 135, 120, -1,
      120, 135, 136, -1,
      120, 136, 119, -1,
      119, 136, 137, -1,
      119, 137, 118, -1,
      118, 137, 128, -1,
      118, 128, 125, -1,
      125, 128, 129, -1,
      125, 129, 126, -1,
      126, 129, 130, -1,
      126, 130, 127, -1,
      158, 84, 92, -1,
      158, 92, 159, -1,
      159, 92, 91, -1,
      159, 91, 160, -1,
      160, 91, 90, -1,
      160, 90, 161, -1,
      161, 90, 80, -1,
      161, 80, 162, -1,
      162, 80, 79, -1,
      162, 79, 163, -1,
      163, 79, 78, -1,
      163, 78, 164, -1,
      164, 78, 83, -1,
      164, 83, 165, -1,
      94, 68, 166, -1,
      166, 68, 167, -1,
      68, 67, 167, -1,
      167, 67, 66, -1,
      167, 66, 168, -1,
      168, 66, 65, -1,
      168, 65, 169, -1,
      169, 65, 64, -1,
      169, 64, 170, -1,
      170, 64, 86, -1,
      170, 86, 171, -1,
      171, 86, 85, -1,
      171, 85, 172, -1,
      172, 85, 84, -1,
      172, 84, 158, -1,
      94, 166, 71, -1,
      71, 166, 173, -1,
      71, 173, 70, -1,
      70, 173, 174, -1,
      70, 174, 69, -1,
      69, 174, 175, -1,
      69, 175, 75, -1,
      75, 175, 176, -1,
      75, 176, 76, -1,
      76, 176, 177, -1,
      76, 177, 77, -1,
      77, 177, 178, -1,
      77, 178, 87, -1,
      87, 178, 179, -1,
      87, 179, 88, -1,
      165, 83, 82, -1,
      165, 82, 180, -1,
      180, 82, 81, -1,
      180, 81, 181, -1,
      181, 81, 73, -1,
      181, 73, 182, -1,
      182, 73, 72, -1,
      182, 72, 183, -1,
      183, 72, 74, -1,
      183, 74, 184, -1,
      184, 74, 89, -1,
      184, 89, 185, -1,
      185, 89, 88, -1,
      185, 88, 179, -1,
      186, 158, 187, -1,
      187, 158, 159, -1,
      187, 159, 188, -1,
      188, 159, 160, -1,
      188, 160, 189, -1,
      189, 160, 161, -1,
      189, 161, 190, -1,
      190, 161, 162, -1,
      190, 162, 191, -1,
      191, 162, 163, -1,
      191, 163, 192, -1,
      192, 163, 164, -1,
      192, 164, 193, -1,
      193, 164, 165, -1,
      193, 165, 194, -1,
      194, 165, 180, -1,
      194, 180, 195, -1,
      195, 180, 181, -1,
      195, 181, 196, -1,
      196, 181, 182, -1,
      196, 182, 197, -1,
      197, 182, 183, -1,
      197, 183, 198, -1,
      198, 183, 184, -1,
      198, 184, 199, -1,
      199, 184, 185, -1,
      199, 185, 200, -1,
      200, 185, 179, -1,
      200, 179, 201, -1,
      201, 179, 178, -1,
      201, 178, 202, -1,
      202, 178, 177, -1,
      202, 177, 203, -1,
      203, 177, 176, -1,
      203, 176, 204, -1,
      204, 176, 175, -1,
      204, 175, 205, -1,
      205, 175, 174, -1,
      205, 174, 206, -1,
      206, 174, 173, -1,
      206, 173, 207, -1,
      207, 173, 166, -1,
      207, 166, 208, -1,
      208, 166, 167, -1,
      208, 167, 209, -1,
      209, 167, 168, -1,
      209, 168, 210, -1,
      210, 168, 169, -1,
      210, 169, 211, -1,
      211, 169, 170, -1,
      211, 170, 212, -1,
      212, 170, 171, -1,
      212, 171, 213, -1,
      213, 171, 172, -1,
      213, 172, 186, -1,
      186, 172, 158, -1,
      186, 214, 215, -1,
      186, 215, 213, -1,
      213, 215, 216, -1,
      213, 216, 212, -1,
      212, 216, 217, -1,
      212, 217, 211, -1,
      211, 217, 218, -1,
      211, 218, 210, -1,
      210, 218, 219, -1,
      210, 219, 209, -1,
      209, 219, 220, -1,
      209, 220, 208, -1,
      208, 220, 221, -1,
      208, 221, 207, -1,
      207, 221, 222, -1,
      207, 222, 206, -1,
      206, 222, 223, -1,
      206, 223, 205, -1,
      205, 223, 224, -1,
      205, 224, 204, -1,
      204, 224, 225, -1,
      204, 225, 203, -1,
      203, 225, 226, -1,
      203, 226, 202, -1,
      202, 226, 227, -1,
      202, 227, 201, -1,
      201, 227, 228, -1,
      201, 228, 200, -1,
      200, 228, 229, -1,
      200, 229, 199, -1,
      199, 229, 230, -1,
      199, 230, 198, -1,
      198, 230, 231, -1,
      198, 231, 197, -1,
      197, 231, 232, -1,
      197, 232, 196, -1,
      196, 232, 233, -1,
      196, 233, 195, -1,
      195, 233, 234, -1,
      195, 234, 194, -1,
      194, 234, 235, -1,
      194, 235, 193, -1,
      193, 235, 236, -1,
      193, 236, 192, -1,
      192, 236, 237, -1,
      192, 237, 191, -1,
      191, 237, 238, -1,
      191, 238, 190, -1,
      190, 238, 239, -1,
      190, 239, 189, -1,
      189, 239, 240, -1,
      189, 240, 188, -1,
      188, 240, 241, -1,
      188, 241, 187, -1,
      187, 241, 214, -1,
      187, 214, 186, -1,
    ]
  }
}

Shape {
  appearance Appearance {
    material Material {
      diffuseColor 0.2510 0.2510 0.2510
      specularColor 0.0745 0.0745 0.0745
      ambientIntensity 0.2
      transparency 0.0000
      shininess 0.5
    }
  }
  geometry IndexedFaceSet {
    ccw TRUE
    solid FALSE
    coord DEF co Coordinate {
      point [
        0.001246 0.108739 0.240157,
        0.004154 0.108571 0.240157,
        0.008422 0.107535 0.240157,
        0.011505 0.105923 0.240157,
        0.014081 0.103654 0.240157,
        0.015706 0.101294 0.240157,
        0.016710 0.098650 0.240157,
        0.017127 0.095131 0.240157,
        0.016739 0.091607 0.240157,
        0.015815 0.089007 0.240157,
        0.014376 0.086817 0.240157,
        0.012328 0.084889 0.240157,
        0.009376 0.083246 0.240157,
        0.005824 0.082241 0.240157,
        0.001171 0.081852 0.240157,
        -0.003684 0.082305 0.240157,
        -0.007422 0.083527 0.240157,
        -0.009939 0.085076 0.240157,
        -0.011788 0.086893 0.240157,
        -0.013259 0.089193 0.240157,
        -0.014190 0.091921 0.240157,
        -0.014561 0.095461 0.240157,
        -0.014282 0.098323 0.240157,
        -0.013363 0.101070 0.240157,
        -0.011886 0.103385 0.240157,
        -0.009680 0.105507 0.240157,
        -0.006844 0.107193 0.240157,
        -0.003291 0.108315 0.240157,
      ]
    }
    coordIndex [
      13, 1, 14, -1,
      14, 1, 0, -1,
      14, 0, 15, -1,
      15, 0, 16, -1,
      5, 1, 6, -1,
      6, 1, 7, -1,
      26, 25, 22, -1,
      22, 25, 24, -1,
      22, 24, 23, -1,
      19, 18, 0, -1,
      0, 18, 17, -1,
      0, 17, 16, -1,
      5, 4, 1, -1,
      1, 4, 3, -1,
      1, 3, 2, -1,
      26, 22, 27, -1,
      27, 22, 21, -1,
      27, 21, 0, -1,
      0, 21, 20, -1,
      0, 20, 19, -1,
      13, 12, 1, -1,
      1, 12, 11, -1,
      1, 11, 10, -1,
      10, 9, 1, -1,
      1, 9, 8, -1,
      1, 8, 7, -1,
    ]
  }
}

Shape {
  appearance Appearance {
    material Material {
      diffuseColor 0.4510 0.4314 0.4196
      specularColor 0.0314 0.0314 0.0314
      ambientIntensity 0.2
      transparency 0.0000
      shininess 0.5
    }
  }
  geometry IndexedFaceSet {
    ccw TRUE
    solid FALSE
    coord DEF co Coordinate {
      point [
        0.012341 -0.012732 0.240157,
        -0.016451 -0.011292 0.240157,
        -0.012731 -0.011631 0.240157,
        0.020730 -0.018133 0.240157,
        0.021208 -0.020467 0.240157,
        -0.009831 -0.012607 0.240157,
        -0.007339 -0.014207 0.240157,
        -0.004037 -0.017544 0.240157,
        -0.001276 -0.021181 0.240157,
        -0.000712 -0.021982 0.240157,
        0.013575 -0.014013 0.240157,
        -0.014081 -0.035778 0.240157,
        -0.000157 -0.046341 0.240157,
        0.004164 -0.046341 0.240157,
        0.001431 -0.031347 0.240157,
        -0.002845 -0.026403 0.240157,
        0.019422 -0.015441 0.240157,
        -0.012408 -0.064339 0.240157,
        -0.014571 -0.062832 0.240157,
        -0.016413 -0.060702 0.240157,
        -0.018402 -0.011292 0.240157,
        -0.018402 -0.035778 0.240157,
        0.017157 -0.012732 0.240157,
        0.004410 -0.052666 0.240157,
        0.016774 -0.048898 0.240157,
        0.004164 -0.049439 0.240157,
        0.015642 -0.046125 0.240157,
        0.014126 -0.043940 0.240157,
        0.010728 -0.058820 0.240157,
        0.010901 -0.058824 0.240157,
        -0.000157 -0.049604 0.240157,
        -0.014561 -0.051532 0.240157,
        -0.000428 -0.053328 0.240157,
        -0.014330 -0.054127 0.240157,
        -0.003113 -0.026018 0.240157,
        -0.007615 -0.019875 0.240157,
        -0.009470 -0.017987 0.240157,
        -0.017754 -0.058144 0.240157,
        -0.018697 -0.054420 0.240157,
        -0.018882 -0.051532 0.240157,
        -0.018457 -0.046874 0.240157,
        -0.017367 -0.043487 0.240157,
        -0.016841 -0.042500 0.240157,
        -0.011560 -0.042500 0.240157,
        -0.013428 -0.045732 0.240157,
        -0.014370 -0.049060 0.240157,
        0.003927 -0.027498 0.240157,
        0.006091 -0.028996 0.240157,
        0.008107 -0.029736 0.240157,
        0.010518 -0.030017 0.240157,
        0.012224 -0.029840 0.240157,
        0.013565 -0.029373 0.240157,
        0.014656 -0.028683 0.240157,
        0.015528 -0.027785 0.240157,
        0.016299 -0.026559 0.240157,
        0.016917 -0.024689 0.240157,
        0.017127 -0.022439 0.240157,
        0.018811 -0.031302 0.240157,
        0.017183 -0.032882 0.240157,
        0.018448 -0.043940 0.240157,
        0.015330 -0.033967 0.240157,
        0.013188 -0.034618 0.240157,
        0.010901 -0.034818 0.240157,
        0.007228 -0.034418 0.240157,
        0.004115 -0.033253 0.240157,
        -0.010822 -0.017107 0.240157,
        -0.012230 -0.016631 0.240157,
        -0.014081 -0.016453 0.240157,
        0.016686 -0.019472 0.240157,
        0.015541 -0.016795 0.240157,
        0.000636 -0.061193 0.240157,
        -0.000830 -0.063060 0.240157,
        -0.002452 -0.064324 0.240157,
        -0.004213 -0.065116 0.240157,
        -0.007419 -0.060264 0.240157,
        -0.005641 -0.060083 0.240157,
        -0.004296 -0.059625 0.240157,
        0.004997 -0.054880 0.240157,
        0.005837 -0.056455 0.240157,
        0.006713 -0.057432 0.240157,
        0.007719 -0.058124 0.240157,
        0.008942 -0.058587 0.240157,
        0.016108 -0.056281 0.240157,
        0.016709 -0.054892 0.240157,
        0.012521 -0.058683 0.240157,
        0.017100 -0.052611 0.240157,
        0.017127 -0.051659 0.240157,
        0.021208 -0.055504 0.240157,
        0.021148 -0.056139 0.240157,
        0.020352 -0.058674 0.240157,
        0.019177 -0.060650 0.240157,
        0.017652 -0.062231 0.240157,
        0.016058 -0.063254 0.240157,
        0.014201 -0.063895 0.240157,
        0.012124 -0.064105 0.240157,
        0.009625 -0.063856 0.240157,
        0.007589 -0.063180 0.240157,
        0.005898 -0.062120 0.240157,
        0.002326 -0.056063 0.240157,
        0.002228 -0.056063 0.240157,
        0.002584 -0.056933 0.240157,
        0.001631 -0.058972 0.240157,
        0.003887 -0.059793 0.240157,
        0.005186 -0.061474 0.240157,
        -0.013707 -0.056145 0.240157,
        -0.012897 -0.057561 0.240157,
        -0.011822 -0.058733 0.240157,
        0.015610 -0.056990 0.240157,
        0.013790 -0.058308 0.240157,
        0.014778 -0.057760 0.240157,
        -0.006180 -0.065508 0.240157,
        -0.007111 -0.065546 0.240157,
        -0.010155 -0.065185 0.240157,
        -0.003110 -0.058863 0.240157,
        -0.002125 -0.057816 0.240157,
        -0.001217 -0.056196 0.240157,
        -0.010667 -0.059527 0.240157,
        -0.009281 -0.060044 0.240157,
        0.021380 -0.021305 0.240157,
        0.021448 -0.022920 0.240157,
        0.021208 -0.025467 0.240157,
        0.021448 -0.052965 0.240157,
        0.021220 -0.050215 0.240157,
        0.021208 -0.050177 0.240157,
        0.020259 -0.046981 0.240157,
        0.021133 -0.026267 0.240157,
        0.020287 -0.028923 0.240157,
        0.004164 -0.099154 0.240157,
        -0.011560 -0.095313 0.240157,
        -0.000157 -0.099154 0.240157,
        -0.013428 -0.098545 0.240157,
        -0.000157 -0.102417 0.240157,
        0.014126 -0.096754 0.240157,
        0.018448 -0.096754 0.240157,
        0.020259 -0.099794 0.240157,
        -0.012408 -0.117152 0.240157,
        -0.014571 -0.115646 0.240157,
        -0.016413 -0.113515 0.240157,
        -0.014370 -0.101874 0.240157,
        -0.014561 -0.104346 0.240157,
        -0.000428 -0.106141 0.240157,
        -0.014330 -0.106941 0.240157,
        0.015642 -0.098939 0.240157,
        0.004164 -0.102252 0.240157,
        0.016774 -0.101711 0.240157,
        0.004410 -0.105480 0.240157,
        0.010728 -0.111633 0.240157,
        0.010901 -0.111637 0.240157,
        -0.016841 -0.095313 0.240157,
        -0.017367 -0.096301 0.240157,
        -0.018457 -0.099688 0.240157,
        -0.017754 -0.110958 0.240157,
        -0.018697 -0.107234 0.240157,
        -0.018882 -0.104346 0.240157,
        -0.007419 -0.113078 0.240157,
        -0.005641 -0.112896 0.240157,
        -0.004296 -0.112438 0.240157,
        0.000636 -0.114006 0.240157,
        -0.000830 -0.115874 0.240157,
        -0.002452 -0.117138 0.240157,
        -0.004213 -0.117930 0.240157,
        -0.013707 -0.108958 0.240157,
        -0.012897 -0.110375 0.240157,
        -0.011822 -0.111546 0.240157,
        0.004997 -0.107693 0.240157,
        0.005837 -0.109269 0.240157,
        0.006713 -0.110246 0.240157,
        0.007719 -0.110938 0.240157,
        0.008942 -0.111401 0.240157,
        0.016108 -0.109094 0.240157,
        0.016709 -0.107706 0.240157,
        0.012521 -0.111496 0.240157,
        0.017100 -0.105425 0.240157,
        0.017127 -0.104473 0.240157,
        0.021208 -0.108317 0.240157,
        0.021148 -0.108953 0.240157,
        0.020352 -0.111487 0.240157,
        0.019177 -0.113463 0.240157,
        0.017652 -0.115045 0.240157,
        0.016058 -0.116068 0.240157,
        0.014201 -0.116709 0.240157,
        0.012124 -0.116919 0.240157,
        0.009625 -0.116669 0.240157,
        0.007589 -0.115993 0.240157,
        0.005898 -0.114933 0.240157,
        0.002326 -0.108877 0.240157,
        0.002228 -0.108877 0.240157,
        0.002584 -0.109747 0.240157,
        0.001631 -0.111785 0.240157,
        0.003887 -0.112607 0.240157,
        0.005186 -0.114287 0.240157,
        -0.003110 -0.111677 0.240157,
        -0.002125 -0.110630 0.240157,
        -0.001217 -0.109010 0.240157,
        0.015610 -0.109803 0.240157,
        0.013790 -0.111122 0.240157,
        0.014778 -0.110573 0.240157,
        -0.006180 -0.118322 0.240157,
        -0.007111 -0.118359 0.240157,
        -0.010155 -0.117999 0.240157,
        -0.010667 -0.112340 0.240157,
        -0.009281 -0.112857 0.240157,
        0.021208 -0.102990 0.240157,
        0.021220 -0.103029 0.240157,
        0.016647 0.044883 0.240157,
        0.016647 0.056406 0.240157,
        -0.018402 0.056406 0.240157,
        0.020968 0.044883 0.240157,
        -0.018402 0.061687 0.240157,
        0.016647 0.061687 0.240157,
        0.016647 0.072730 0.240157,
        0.020968 0.072730 0.240157,
        -0.001117 0.025678 0.240157,
        -0.004958 0.025678 0.240157,
        0.020968 0.018956 0.240157,
        -0.001117 0.040561 0.240157,
        -0.004958 0.040561 0.240157,
        0.016647 0.018956 0.240157,
        -0.008727 0.006014 0.240157,
        -0.013797 0.007281 0.240157,
        -0.018402 0.008033 0.240157,
        -0.018402 0.013315 0.240157,
        -0.007839 0.010833 0.240157,
        -0.000395 0.008101 0.240157,
        0.008217 0.004202 0.240157,
        0.012567 0.001981 0.240157,
        0.016647 -0.000249 0.240157,
        0.020968 -0.005530 0.240157,
        0.017967 -0.005530 0.240157,
        0.003399 0.001627 0.240157,
        -0.001117 -0.087631 0.240157,
        -0.004958 -0.087631 0.240157,
        -0.001117 -0.072747 0.240157,
        -0.004958 -0.072747 0.240157,
        -0.003518 -0.137309 0.240157,
        -0.003518 -0.132283 0.240157,
        -0.018402 -0.132283 0.240157,
        0.005868 -0.151108 0.240157,
        0.003335 -0.150176 0.240157,
        0.000983 -0.148571 0.240157,
        0.020968 -0.138134 0.240157,
        0.020646 -0.141971 0.240157,
        0.019769 -0.144970 0.240157,
        0.018469 -0.147285 0.240157,
        0.017197 -0.148724 0.240157,
        0.015224 -0.150141 0.240157,
        0.013015 -0.151009 0.240157,
        0.009876 -0.151471 0.240157,
        0.009183 -0.151487 0.240157,
        -0.001104 -0.146223 0.240157,
        -0.002615 -0.143329 0.240157,
        -0.003383 -0.140222 0.240157,
        -0.018402 -0.127001 0.240157,
        0.020968 -0.127001 0.240157,
        0.021448 -0.105778 0.240157,
        0.020968 0.044883 0.236220,
        0.016647 0.044883 0.236220,
        0.016647 0.056406 0.236220,
        -0.018402 0.056406 0.236220,
        -0.018402 0.061687 0.236220,
        0.016647 0.061687 0.236220,
        0.016647 0.072730 0.236220,
        0.020968 0.072730 0.236220,
        -0.001117 0.025678 0.236220,
        -0.004958 0.025678 0.236220,
        -0.004958 0.040561 0.236220,
        -0.001117 0.040561 0.236220,
        0.020968 -0.005530 0.236220,
        0.017967 -0.005530 0.236220,
        -0.018402 0.008033 0.236220,
        -0.013797 0.007281 0.236220,
        -0.008727 0.006014 0.236220,
        0.003399 0.001627 0.236220,
        -0.018402 0.013315 0.236220,
        0.016647 -0.000249 0.236220,
        0.012567 0.001981 0.236220,
        0.008217 0.004202 0.236220,
        -0.000395 0.008101 0.236220,
        -0.007839 0.010833 0.236220,
        0.016647 0.018956 0.236220,
        0.020968 0.018956 0.236220,
        0.010518 -0.030017 0.236220,
        0.008107 -0.029736 0.236220,
        0.006091 -0.028996 0.236220,
        0.003927 -0.027498 0.236220,
        -0.000712 -0.021982 0.236220,
        0.017127 -0.022439 0.236220,
        0.016917 -0.024689 0.236220,
        0.016299 -0.026559 0.236220,
        0.015528 -0.027785 0.236220,
        0.014656 -0.028683 0.236220,
        0.013565 -0.029373 0.236220,
        0.012224 -0.029840 0.236220,
        0.012341 -0.012732 0.236220,
        0.013575 -0.014013 0.236220,
        0.015541 -0.016795 0.236220,
        0.016686 -0.019472 0.236220,
        0.017157 -0.012732 0.236220,
        0.021448 -0.022920 0.236220,
        0.021380 -0.021305 0.236220,
        0.020730 -0.018133 0.236220,
        0.019422 -0.015441 0.236220,
        0.021133 -0.026267 0.236220,
        0.020287 -0.028923 0.236220,
        0.018811 -0.031302 0.236220,
        0.017183 -0.032882 0.236220,
        0.015330 -0.033967 0.236220,
        0.013188 -0.034618 0.236220,
        0.010901 -0.034818 0.236220,
        -0.003113 -0.026018 0.236220,
        -0.002845 -0.026403 0.236220,
        0.001431 -0.031347 0.236220,
        0.004115 -0.033253 0.236220,
        0.007228 -0.034418 0.236220,
        -0.014081 -0.016453 0.236220,
        -0.012230 -0.016631 0.236220,
        -0.010822 -0.017107 0.236220,
        -0.009470 -0.017987 0.236220,
        -0.007615 -0.019875 0.236220,
        -0.014081 -0.035778 0.236220,
        -0.018402 -0.035778 0.236220,
        -0.018402 -0.011292 0.236220,
        -0.016451 -0.011292 0.236220,
        -0.001276 -0.021181 0.236220,
        -0.004037 -0.017544 0.236220,
        -0.007339 -0.014207 0.236220,
        -0.009831 -0.012607 0.236220,
        -0.012731 -0.011631 0.236220,
        -0.016841 -0.042500 0.236220,
        -0.011560 -0.042500 0.236220,
        -0.014561 -0.051532 0.236220,
        -0.014370 -0.049060 0.236220,
        -0.013428 -0.045732 0.236220,
        -0.007419 -0.060264 0.236220,
        -0.009281 -0.060044 0.236220,
        -0.010667 -0.059527 0.236220,
        -0.011822 -0.058733 0.236220,
        -0.012897 -0.057561 0.236220,
        -0.013707 -0.056145 0.236220,
        -0.014330 -0.054127 0.236220,
        -0.000157 -0.049604 0.236220,
        -0.000428 -0.053328 0.236220,
        -0.001217 -0.056196 0.236220,
        -0.002125 -0.057816 0.236220,
        -0.003110 -0.058863 0.236220,
        -0.004296 -0.059625 0.236220,
        -0.005641 -0.060083 0.236220,
        -0.000157 -0.046341 0.236220,
        0.004164 -0.046341 0.236220,
        0.004164 -0.049439 0.236220,
        0.010901 -0.058824 0.236220,
        0.010728 -0.058820 0.236220,
        0.008942 -0.058587 0.236220,
        0.007719 -0.058124 0.236220,
        0.006713 -0.057432 0.236220,
        0.005837 -0.056455 0.236220,
        0.004997 -0.054880 0.236220,
        0.004410 -0.052666 0.236220,
        0.017127 -0.051659 0.236220,
        0.017100 -0.052611 0.236220,
        0.016709 -0.054892 0.236220,
        0.016108 -0.056281 0.236220,
        0.015610 -0.056990 0.236220,
        0.014778 -0.057760 0.236220,
        0.013790 -0.058308 0.236220,
        0.012521 -0.058683 0.236220,
        0.014126 -0.043940 0.236220,
        0.015642 -0.046125 0.236220,
        0.016774 -0.048898 0.236220,
        0.018448 -0.043940 0.236220,
        0.020259 -0.046981 0.236220,
        0.021448 -0.052965 0.236220,
        0.021220 -0.050215 0.236220,
        0.021148 -0.056139 0.236220,
        0.020352 -0.058674 0.236220,
        0.019177 -0.060650 0.236220,
        0.017652 -0.062231 0.236220,
        0.016058 -0.063254 0.236220,
        0.014201 -0.063895 0.236220,
        0.012124 -0.064105 0.236220,
        0.002326 -0.056063 0.236220,
        0.002584 -0.056933 0.236220,
        0.003887 -0.059793 0.236220,
        0.005186 -0.061474 0.236220,
        0.005898 -0.062120 0.236220,
        0.007589 -0.063180 0.236220,
        0.009625 -0.063856 0.236220,
        0.002228 -0.056063 0.236220,
        -0.007111 -0.065546 0.236220,
        -0.006180 -0.065508 0.236220,
        -0.004213 -0.065116 0.236220,
        -0.002452 -0.064324 0.236220,
        -0.000830 -0.063060 0.236220,
        0.000636 -0.061193 0.236220,
        0.001631 -0.058972 0.236220,
        -0.018882 -0.051532 0.236220,
        -0.018697 -0.054420 0.236220,
        -0.017754 -0.058144 0.236220,
        -0.016413 -0.060702 0.236220,
        -0.014571 -0.062832 0.236220,
        -0.012408 -0.064339 0.236220,
        -0.010155 -0.065185 0.236220,
        -0.017367 -0.043487 0.236220,
        -0.018457 -0.046874 0.236220,
        -0.001117 -0.087631 0.236220,
        -0.004958 -0.087631 0.236220,
        -0.004958 -0.072747 0.236220,
        -0.001117 -0.072747 0.236220,
        -0.016841 -0.095313 0.236220,
        -0.011560 -0.095313 0.236220,
        -0.014561 -0.104346 0.236220,
        -0.014370 -0.101874 0.236220,
        -0.013428 -0.098545 0.236220,
        -0.007419 -0.113078 0.236220,
        -0.009281 -0.112857 0.236220,
        -0.010667 -0.112340 0.236220,
        -0.011822 -0.111546 0.236220,
        -0.012897 -0.110375 0.236220,
        -0.013707 -0.108958 0.236220,
        -0.014330 -0.106941 0.236220,
        -0.000157 -0.102417 0.236220,
        -0.000428 -0.106141 0.236220,
        -0.001217 -0.109010 0.236220,
        -0.002125 -0.110630 0.236220,
        -0.003110 -0.111677 0.236220,
        -0.004296 -0.112438 0.236220,
        -0.005641 -0.112896 0.236220,
        -0.000157 -0.099154 0.236220,
        0.004164 -0.099154 0.236220,
        0.004164 -0.102252 0.236220,
        0.010901 -0.111637 0.236220,
        0.010728 -0.111633 0.236220,
        0.008942 -0.111401 0.236220,
        0.007719 -0.110938 0.236220,
        0.006713 -0.110246 0.236220,
        0.005837 -0.109269 0.236220,
        0.004997 -0.107693 0.236220,
        0.004410 -0.105480 0.236220,
        0.017127 -0.104473 0.236220,
        0.017100 -0.105425 0.236220,
        0.016709 -0.107706 0.236220,
        0.016108 -0.109094 0.236220,
        0.015610 -0.109803 0.236220,
        0.014778 -0.110573 0.236220,
        0.013790 -0.111122 0.236220,
        0.012521 -0.111496 0.236220,
        0.014126 -0.096754 0.236220,
        0.015642 -0.098939 0.236220,
        0.016774 -0.101711 0.236220,
        0.018448 -0.096754 0.236220,
        0.020259 -0.099794 0.236220,
        0.021448 -0.105778 0.236220,
        0.021220 -0.103029 0.236220,
        0.021148 -0.108953 0.236220,
        0.020352 -0.111487 0.236220,
        0.019177 -0.113463 0.236220,
        0.017652 -0.115045 0.236220,
        0.016058 -0.116068 0.236220,
        0.014201 -0.116709 0.236220,
        0.012124 -0.116919 0.236220,
        0.002326 -0.108877 0.236220,
        0.002584 -0.109747 0.236220,
        0.003887 -0.112607 0.236220,
        0.005186 -0.114287 0.236220,
        0.005898 -0.114933 0.236220,
        0.007589 -0.115993 0.236220,
        0.009625 -0.116669 0.236220,
        0.002228 -0.108877 0.236220,
        -0.007111 -0.118359 0.236220,
        -0.006180 -0.118322 0.236220,
        -0.004213 -0.117930 0.236220,
        -0.002452 -0.117138 0.236220,
        -0.000830 -0.115874 0.236220,
        0.000636 -0.114006 0.236220,
        0.001631 -0.111785 0.236220,
        -0.018882 -0.104346 0.236220,
        -0.018697 -0.107234 0.236220,
        -0.017754 -0.110958 0.236220,
        -0.016413 -0.113515 0.236220,
        -0.014571 -0.115646 0.236220,
        -0.012408 -0.117152 0.236220,
        -0.010155 -0.117999 0.236220,
        -0.017367 -0.096301 0.236220,
        -0.018457 -0.099688 0.236220,
        -0.003518 -0.137309 0.236220,
        -0.003518 -0.132283 0.236220,
        -0.018402 -0.132283 0.236220,
        -0.018402 -0.127001 0.236220,
        0.020968 -0.127001 0.236220,
        0.020968 -0.138134 0.236220,
        0.009183 -0.151487 0.236220,
        0.009876 -0.151471 0.236220,
        0.013015 -0.151009 0.236220,
        0.015224 -0.150141 0.236220,
        0.017197 -0.148724 0.236220,
        0.018469 -0.147285 0.236220,
        0.019769 -0.144970 0.236220,
        0.020646 -0.141971 0.236220,
        -0.003383 -0.140222 0.236220,
        -0.002615 -0.143329 0.236220,
        -0.001104 -0.146223 0.236220,
        0.000983 -0.148571 0.236220,
        0.003335 -0.150176 0.236220,
        0.005868 -0.151108 0.236220,
        0.001573 -0.141611 0.236220,
        0.001017 -0.139560 0.236220,
        0.000803 -0.136896 0.236220,
        0.000803 -0.132283 0.236220,
        0.016647 -0.132283 0.236220,
        0.002401 -0.143173 0.236220,
        0.003529 -0.144439 0.236220,
        0.004896 -0.145351 0.236220,
        0.006435 -0.145916 0.236220,
        0.008813 -0.146203 0.236220,
        0.008980 -0.146206 0.236220,
        0.010974 -0.146038 0.236220,
        0.012568 -0.145557 0.236220,
        0.013813 -0.144848 0.236220,
        0.014766 -0.143964 0.236220,
        0.015428 -0.143009 0.236220,
        0.016170 -0.141230 0.236220,
        0.016623 -0.138325 0.236220,
        0.016647 -0.137376 0.236220,
        0.016647 -0.137376 0.240157,
        0.016647 -0.132283 0.240157,
        0.016623 -0.138325 0.240157,
        0.016170 -0.141230 0.240157,
        0.015428 -0.143009 0.240157,
        0.014766 -0.143964 0.240157,
        0.013813 -0.144848 0.240157,
        0.012568 -0.145557 0.240157,
        0.010974 -0.146038 0.240157,
        0.008980 -0.146206 0.240157,
        0.008813 -0.146203 0.240157,
        0.006435 -0.145916 0.240157,
        0.004896 -0.145351 0.240157,
        0.003529 -0.144439 0.240157,
        0.002401 -0.143173 0.240157,
        0.001573 -0.141611 0.240157,
        0.001017 -0.139560 0.240157,
        0.000803 -0.136896 0.240157,
        0.000803 -0.132283 0.240157,
      ]
    }
    coordIndex [
      255, 256, 207, -1,
      207, 256, 204, -1,
      256, 257, 204, -1,
      204, 257, 205, -1,
      257, 258, 205, -1,
      205, 258, 206, -1,
      258, 259, 206, -1,
      206, 259, 208, -1,
      259, 260, 208, -1,
      208, 260, 209, -1,
      260, 261, 209, -1,
      209, 261, 210, -1,
      261, 262, 210, -1,
      210, 262, 211, -1,
      262, 255, 211, -1,
      211, 255, 207, -1,
      255, 262, 260, -1,
      260, 262, 261, -1,
      256, 255, 257, -1,
      257, 255, 260, -1,
      257, 260, 258, -1,
      258, 260, 259, -1,
      263, 264, 212, -1,
      212, 264, 213, -1,
      264, 265, 213, -1,
      213, 265, 216, -1,
      265, 266, 216, -1,
      216, 266, 215, -1,
      266, 263, 215, -1,
      215, 263, 212, -1,
      266, 265, 263, -1,
      263, 265, 264, -1,
      267, 268, 227, -1,
      227, 268, 228, -1,
      269, 220, 219, -1,
      269, 219, 270, -1,
      270, 219, 218, -1,
      270, 218, 271, -1,
      271, 218, 229, -1,
      271, 229, 272, -1,
      272, 229, 228, -1,
      272, 228, 268, -1,
      269, 273, 220, -1,
      220, 273, 221, -1,
      274, 226, 225, -1,
      274, 225, 275, -1,
      275, 225, 224, -1,
      275, 224, 276, -1,
      276, 224, 223, -1,
      276, 223, 277, -1,
      277, 223, 222, -1,
      277, 222, 278, -1,
      278, 222, 221, -1,
      278, 221, 273, -1,
      274, 279, 226, -1,
      226, 279, 217, -1,
      279, 280, 217, -1,
      217, 280, 214, -1,
      280, 267, 214, -1,
      214, 267, 227, -1,
      280, 279, 267, -1,
      267, 279, 274, -1,
      278, 273, 269, -1,
      269, 270, 278, -1,
      278, 270, 271, -1,
      278, 271, 277, -1,
      277, 271, 272, -1,
      277, 272, 276, -1,
      276, 272, 275, -1,
      275, 272, 274, -1,
      274, 272, 268, -1,
      274, 268, 267, -1,
      281, 49, 48, -1,
      281, 48, 282, -1,
      282, 48, 47, -1,
      282, 47, 283, -1,
      283, 47, 46, -1,
      283, 46, 284, -1,
      284, 46, 9, -1,
      284, 9, 285, -1,
      286, 56, 55, -1,
      286, 55, 287, -1,
      287, 55, 54, -1,
      287, 54, 288, -1,
      288, 54, 53, -1,
      288, 53, 289, -1,
      289, 53, 52, -1,
      289, 52, 290, -1,
      290, 52, 51, -1,
      290, 51, 291, -1,
      291, 51, 50, -1,
      291, 50, 292, -1,
      292, 50, 49, -1,
      292, 49, 281, -1,
      293, 0, 10, -1,
      293, 10, 294, -1,
      294, 10, 69, -1,
      294, 69, 295, -1,
      295, 69, 68, -1,
      295, 68, 296, -1,
      296, 68, 56, -1,
      296, 56, 286, -1,
      293, 297, 0, -1,
      0, 297, 22, -1,
      298, 119, 118, -1,
      298, 118, 299, -1,
      299, 118, 4, -1,
      299, 4, 300, -1,
      4, 3, 300, -1,
      300, 3, 16, -1,
      300, 16, 301, -1,
      301, 16, 22, -1,
      301, 22, 297, -1,
      119, 298, 120, -1,
      120, 298, 302, -1,
      120, 302, 125, -1,
      125, 302, 303, -1,
      125, 303, 126, -1,
      126, 303, 304, -1,
      126, 304, 57, -1,
      57, 304, 305, -1,
      57, 305, 58, -1,
      58, 305, 306, -1,
      58, 306, 60, -1,
      60, 306, 307, -1,
      60, 307, 61, -1,
      61, 307, 308, -1,
      61, 308, 62, -1,
      309, 34, 15, -1,
      309, 15, 310, -1,
      310, 15, 14, -1,
      310, 14, 311, -1,
      311, 14, 64, -1,
      311, 64, 312, -1,
      312, 64, 63, -1,
      312, 63, 313, -1,
      313, 63, 62, -1,
      313, 62, 308, -1,
      314, 67, 66, -1,
      314, 66, 315, -1,
      315, 66, 65, -1,
      315, 65, 316, -1,
      316, 65, 36, -1,
      316, 36, 317, -1,
      317, 36, 35, -1,
      317, 35, 318, -1,
      318, 35, 34, -1,
      318, 34, 309, -1,
      314, 319, 67, -1,
      67, 319, 11, -1,
      319, 320, 11, -1,
      11, 320, 21, -1,
      320, 321, 21, -1,
      21, 321, 20, -1,
      321, 322, 20, -1,
      20, 322, 1, -1,
      285, 9, 8, -1,
      285, 8, 323, -1,
      323, 8, 7, -1,
      323, 7, 324, -1,
      324, 7, 6, -1,
      324, 6, 325, -1,
      325, 6, 5, -1,
      325, 5, 326, -1,
      326, 5, 2, -1,
      326, 2, 327, -1,
      327, 2, 1, -1,
      327, 1, 322, -1,
      320, 319, 321, -1,
      321, 319, 314, -1,
      321, 314, 322, -1,
      286, 299, 296, -1,
      296, 299, 300, -1,
      296, 300, 295, -1,
      295, 300, 301, -1,
      295, 301, 294, -1,
      294, 301, 297, -1,
      294, 297, 293, -1,
      322, 314, 327, -1,
      327, 314, 315, -1,
      327, 315, 326, -1,
      326, 315, 316, -1,
      326, 316, 325, -1,
      325, 316, 317, -1,
      325, 317, 324, -1,
      324, 317, 318, -1,
      324, 318, 323, -1,
      323, 318, 309, -1,
      323, 309, 285, -1,
      285, 309, 310, -1,
      285, 310, 284, -1,
      284, 310, 311, -1,
      284, 311, 283, -1,
      283, 311, 312, -1,
      283, 312, 282, -1,
      282, 312, 313, -1,
      282, 313, 281, -1,
      281, 313, 308, -1,
      281, 308, 292, -1,
      292, 308, 307, -1,
      292, 307, 291, -1,
      291, 307, 306, -1,
      291, 306, 290, -1,
      290, 306, 305, -1,
      290, 305, 289, -1,
      289, 305, 304, -1,
      289, 304, 288, -1,
      288, 304, 303, -1,
      288, 303, 287, -1,
      287, 303, 302, -1,
      287, 302, 286, -1,
      286, 302, 298, -1,
      286, 298, 299, -1,
      328, 329, 42, -1,
      42, 329, 43, -1,
      330, 31, 45, -1,
      330, 45, 331, -1,
      331, 45, 44, -1,
      331, 44, 332, -1,
      332, 44, 43, -1,
      332, 43, 329, -1,
      333, 74, 117, -1,
      333, 117, 334, -1,
      334, 117, 116, -1,
      334, 116, 335, -1,
      335, 116, 106, -1,
      335, 106, 336, -1,
      336, 106, 105, -1,
      336, 105, 337, -1,
      337, 105, 104, -1,
      337, 104, 338, -1,
      338, 104, 33, -1,
      338, 33, 339, -1,
      339, 33, 31, -1,
      339, 31, 330, -1,
      340, 30, 32, -1,
      340, 32, 341, -1,
      341, 32, 115, -1,
      341, 115, 342, -1,
      342, 115, 114, -1,
      342, 114, 343, -1,
      343, 114, 113, -1,
      343, 113, 344, -1,
      344, 113, 76, -1,
      344, 76, 345, -1,
      345, 76, 75, -1,
      345, 75, 346, -1,
      346, 75, 74, -1,
      346, 74, 333, -1,
      340, 347, 30, -1,
      30, 347, 12, -1,
      347, 348, 12, -1,
      12, 348, 13, -1,
      348, 349, 13, -1,
      13, 349, 25, -1,
      350, 29, 28, -1,
      350, 28, 351, -1,
      351, 28, 81, -1,
      351, 81, 352, -1,
      352, 81, 80, -1,
      352, 80, 353, -1,
      353, 80, 79, -1,
      353, 79, 354, -1,
      354, 79, 78, -1,
      354, 78, 355, -1,
      355, 78, 77, -1,
      355, 77, 356, -1,
      356, 77, 23, -1,
      356, 23, 357, -1,
      357, 23, 25, -1,
      357, 25, 349, -1,
      358, 86, 85, -1,
      358, 85, 359, -1,
      359, 85, 83, -1,
      359, 83, 360, -1,
      360, 83, 82, -1,
      360, 82, 361, -1,
      361, 82, 107, -1,
      361, 107, 362, -1,
      362, 107, 109, -1,
      362, 109, 363, -1,
      363, 109, 108, -1,
      363, 108, 364, -1,
      364, 108, 84, -1,
      364, 84, 365, -1,
      365, 84, 29, -1,
      365, 29, 350, -1,
      366, 27, 26, -1,
      366, 26, 367, -1,
      367, 26, 24, -1,
      367, 24, 368, -1,
      368, 24, 86, -1,
      368, 86, 358, -1,
      366, 369, 27, -1,
      27, 369, 59, -1,
      59, 369, 370, -1,
      371, 121, 122, -1,
      371, 122, 372, -1,
      372, 122, 123, -1,
      372, 123, 370, -1,
      370, 123, 124, -1,
      370, 124, 59, -1,
      121, 371, 87, -1,
      87, 371, 373, -1,
      87, 373, 88, -1,
      88, 373, 374, -1,
      88, 374, 89, -1,
      89, 374, 375, -1,
      89, 375, 90, -1,
      90, 375, 376, -1,
      90, 376, 91, -1,
      91, 376, 377, -1,
      91, 377, 92, -1,
      92, 377, 378, -1,
      92, 378, 93, -1,
      93, 378, 379, -1,
      93, 379, 94, -1,
      380, 98, 100, -1,
      380, 100, 381, -1,
      381, 100, 102, -1,
      381, 102, 382, -1,
      382, 102, 103, -1,
      382, 103, 383, -1,
      383, 103, 97, -1,
      383, 97, 384, -1,
      384, 97, 96, -1,
      384, 96, 385, -1,
      385, 96, 95, -1,
      385, 95, 386, -1,
      386, 95, 94, -1,
      386, 94, 379, -1,
      380, 387, 98, -1,
      98, 387, 99, -1,
      388, 111, 110, -1,
      388, 110, 389, -1,
      389, 110, 73, -1,
      389, 73, 390, -1,
      390, 73, 72, -1,
      390, 72, 391, -1,
      391, 72, 71, -1,
      391, 71, 392, -1,
      392, 71, 70, -1,
      392, 70, 393, -1,
      393, 70, 101, -1,
      393, 101, 394, -1,
      394, 101, 99, -1,
      394, 99, 387, -1,
      395, 39, 38, -1,
      395, 38, 396, -1,
      396, 38, 37, -1,
      396, 37, 397, -1,
      397, 37, 19, -1,
      397, 19, 398, -1,
      398, 19, 18, -1,
      398, 18, 399, -1,
      399, 18, 17, -1,
      399, 17, 400, -1,
      400, 17, 112, -1,
      400, 112, 401, -1,
      401, 112, 111, -1,
      401, 111, 388, -1,
      328, 42, 41, -1,
      328, 41, 402, -1,
      402, 41, 40, -1,
      402, 40, 403, -1,
      403, 40, 39, -1,
      403, 39, 395, -1,
      348, 347, 349, -1,
      349, 347, 340, -1,
      349, 340, 357, -1,
      357, 340, 341, -1,
      329, 328, 332, -1,
      332, 328, 402, -1,
      332, 402, 331, -1,
      331, 402, 403, -1,
      331, 403, 330, -1,
      330, 403, 395, -1,
      330, 395, 339, -1,
      339, 395, 396, -1,
      339, 396, 338, -1,
      338, 396, 397, -1,
      338, 397, 337, -1,
      337, 397, 398, -1,
      337, 398, 336, -1,
      336, 398, 399, -1,
      336, 399, 335, -1,
      335, 399, 400, -1,
      335, 400, 334, -1,
      334, 400, 401, -1,
      334, 401, 333, -1,
      401, 388, 333, -1,
      333, 388, 389, -1,
      333, 389, 346, -1,
      346, 389, 390, -1,
      346, 390, 345, -1,
      345, 390, 391, -1,
      345, 391, 344, -1,
      344, 391, 392, -1,
      344, 392, 343, -1,
      343, 392, 393, -1,
      343, 393, 342, -1,
      342, 393, 394, -1,
      342, 394, 341, -1,
      341, 394, 387, -1,
      341, 387, 357, -1,
      357, 387, 380, -1,
      357, 380, 356, -1,
      356, 380, 381, -1,
      356, 381, 355, -1,
      355, 381, 382, -1,
      355, 382, 354, -1,
      354, 382, 383, -1,
      354, 383, 353, -1,
      353, 383, 384, -1,
      353, 384, 352, -1,
      352, 384, 385, -1,
      352, 385, 351, -1,
      351, 385, 386, -1,
      351, 386, 350, -1,
      350, 386, 379, -1,
      350, 379, 365, -1,
      365, 379, 378, -1,
      365, 378, 364, -1,
      364, 378, 377, -1,
      364, 377, 363, -1,
      363, 377, 376, -1,
      363, 376, 362, -1,
      362, 376, 375, -1,
      362, 375, 361, -1,
      361, 375, 374, -1,
      361, 374, 360, -1,
      360, 374, 373, -1,
      360, 373, 359, -1,
      359, 373, 371, -1,
      359, 371, 358, -1,
      358, 371, 372, -1,
      358, 372, 368, -1,
      368, 372, 370, -1,
      368, 370, 367, -1,
      367, 370, 369, -1,
      367, 369, 366, -1,
      404, 405, 230, -1,
      230, 405, 231, -1,
      405, 406, 231, -1,
      231, 406, 233, -1,
      406, 407, 233, -1,
      233, 407, 232, -1,
      407, 404, 232, -1,
      232, 404, 230, -1,
      407, 406, 404, -1,
      404, 406, 405, -1,
      408, 409, 148, -1,
      148, 409, 128, -1,
      410, 139, 138, -1,
      410, 138, 411, -1,
      411, 138, 130, -1,
      411, 130, 412, -1,
      412, 130, 128, -1,
      412, 128, 409, -1,
      413, 154, 201, -1,
      413, 201, 414, -1,
      414, 201, 200, -1,
      414, 200, 415, -1,
      415, 200, 163, -1,
      415, 163, 416, -1,
      416, 163, 162, -1,
      416, 162, 417, -1,
      417, 162, 161, -1,
      417, 161, 418, -1,
      418, 161, 141, -1,
      418, 141, 419, -1,
      419, 141, 139, -1,
      419, 139, 410, -1,
      420, 131, 140, -1,
      420, 140, 421, -1,
      421, 140, 193, -1,
      421, 193, 422, -1,
      422, 193, 192, -1,
      422, 192, 423, -1,
      423, 192, 191, -1,
      423, 191, 424, -1,
      424, 191, 156, -1,
      424, 156, 425, -1,
      425, 156, 155, -1,
      425, 155, 426, -1,
      426, 155, 154, -1,
      426, 154, 413, -1,
      420, 427, 131, -1,
      131, 427, 129, -1,
      427, 428, 129, -1,
      129, 428, 127, -1,
      428, 429, 127, -1,
      127, 429, 143, -1,
      430, 147, 146, -1,
      430, 146, 431, -1,
      431, 146, 168, -1,
      431, 168, 432, -1,
      432, 168, 167, -1,
      432, 167, 433, -1,
      433, 167, 166, -1,
      433, 166, 434, -1,
      434, 166, 165, -1,
      434, 165, 435, -1,
      435, 165, 164, -1,
      435, 164, 436, -1,
      436, 164, 145, -1,
      436, 145, 437, -1,
      437, 145, 143, -1,
      437, 143, 429, -1,
      438, 173, 172, -1,
      438, 172, 439, -1,
      439, 172, 170, -1,
      439, 170, 440, -1,
      440, 170, 169, -1,
      440, 169, 441, -1,
      441, 169, 194, -1,
      441, 194, 442, -1,
      442, 194, 196, -1,
      442, 196, 443, -1,
      443, 196, 195, -1,
      443, 195, 444, -1,
      444, 195, 171, -1,
      444, 171, 445, -1,
      445, 171, 147, -1,
      445, 147, 430, -1,
      446, 132, 142, -1,
      446, 142, 447, -1,
      447, 142, 144, -1,
      447, 144, 448, -1,
      448, 144, 173, -1,
      448, 173, 438, -1,
      446, 449, 132, -1,
      132, 449, 133, -1,
      133, 449, 450, -1,
      451, 254, 203, -1,
      451, 203, 452, -1,
      452, 203, 202, -1,
      452, 202, 450, -1,
      450, 202, 134, -1,
      450, 134, 133, -1,
      254, 451, 174, -1,
      174, 451, 453, -1,
      174, 453, 175, -1,
      175, 453, 454, -1,
      175, 454, 176, -1,
      176, 454, 455, -1,
      176, 455, 177, -1,
      177, 455, 456, -1,
      177, 456, 178, -1,
      178, 456, 457, -1,
      178, 457, 179, -1,
      179, 457, 458, -1,
      179, 458, 180, -1,
      180, 458, 459, -1,
      180, 459, 181, -1,
      460, 185, 187, -1,
      460, 187, 461, -1,
      461, 187, 189, -1,
      461, 189, 462, -1,
      462, 189, 190, -1,
      462, 190, 463, -1,
      463, 190, 184, -1,
      463, 184, 464, -1,
      464, 184, 183, -1,
      464, 183, 465, -1,
      465, 183, 182, -1,
      465, 182, 466, -1,
      466, 182, 181, -1,
      466, 181, 459, -1,
      460, 467, 185, -1,
      185, 467, 186, -1,
      468, 198, 197, -1,
      468, 197, 469, -1,
      469, 197, 160, -1,
      469, 160, 470, -1,
      470, 160, 159, -1,
      470, 159, 471, -1,
      471, 159, 158, -1,
      471, 158, 472, -1,
      472, 158, 157, -1,
      472, 157, 473, -1,
      473, 157, 188, -1,
      473, 188, 474, -1,
      474, 188, 186, -1,
      474, 186, 467, -1,
      475, 153, 152, -1,
      475, 152, 476, -1,
      476, 152, 151, -1,
      476, 151, 477, -1,
      477, 151, 137, -1,
      477, 137, 478, -1,
      478, 137, 136, -1,
      478, 136, 479, -1,
      479, 136, 135, -1,
      479, 135, 480, -1,
      480, 135, 199, -1,
      480, 199, 481, -1,
      481, 199, 198, -1,
      481, 198, 468, -1,
      408, 148, 149, -1,
      408, 149, 482, -1,
      482, 149, 150, -1,
      482, 150, 483, -1,
      483, 150, 153, -1,
      483, 153, 475, -1,
      428, 427, 429, -1,
      429, 427, 420, -1,
      429, 420, 437, -1,
      437, 420, 421, -1,
      409, 408, 412, -1,
      412, 408, 482, -1,
      412, 482, 411, -1,
      411, 482, 483, -1,
      411, 483, 410, -1,
      410, 483, 475, -1,
      410, 475, 419, -1,
      419, 475, 476, -1,
      419, 476, 418, -1,
      418, 476, 477, -1,
      418, 477, 417, -1,
      417, 477, 478, -1,
      417, 478, 416, -1,
      416, 478, 479, -1,
      416, 479, 415, -1,
      415, 479, 480, -1,
      415, 480, 414, -1,
      414, 480, 481, -1,
      414, 481, 413, -1,
      481, 468, 413, -1,
      413, 468, 469, -1,
      413, 469, 426, -1,
      426, 469, 470, -1,
      426, 470, 425, -1,
      425, 470, 471, -1,
      425, 471, 424, -1,
      424, 471, 472, -1,
      424, 472, 423, -1,
      423, 472, 473, -1,
      423, 473, 422, -1,
      422, 473, 474, -1,
      422, 474, 421, -1,
      421, 474, 467, -1,
      421, 467, 437, -1,
      437, 467, 460, -1,
      437, 460, 436, -1,
      436, 460, 461, -1,
      436, 461, 435, -1,
      435, 461, 462, -1,
      435, 462, 434, -1,
      434, 462, 463, -1,
      434, 463, 433, -1,
      433, 463, 464, -1,
      433, 464, 432, -1,
      432, 464, 465, -1,
      432, 465, 431, -1,
      431, 465, 466, -1,
      431, 466, 430, -1,
      430, 466, 459, -1,
      430, 459, 445, -1,
      445, 459, 458, -1,
      445, 458, 444, -1,
      444, 458, 457, -1,
      444, 457, 443, -1,
      443, 457, 456, -1,
      443, 456, 442, -1,
      442, 456, 455, -1,
      442, 455, 441, -1,
      441, 455, 454, -1,
      441, 454, 440, -1,
      440, 454, 453, -1,
      440, 453, 439, -1,
      439, 453, 451, -1,
      439, 451, 438, -1,
      438, 451, 452, -1,
      438, 452, 448, -1,
      448, 452, 450, -1,
      448, 450, 447, -1,
      447, 450, 449, -1,
      447, 449, 446, -1,
      484, 485, 234, -1,
      234, 485, 235, -1,
      485, 486, 235, -1,
      235, 486, 236, -1,
      486, 487, 236, -1,
      236, 487, 252, -1,
      487, 488, 252, -1,
      252, 488, 253, -1,
      488, 489, 253, -1,
      253, 489, 240, -1,
      490, 248, 247, -1,
      490, 247, 491, -1,
      491, 247, 246, -1,
      491, 246, 492, -1,
      492, 246, 245, -1,
      492, 245, 493, -1,
      493, 245, 244, -1,
      493, 244, 494, -1,
      494, 244, 243, -1,
      494, 243, 495, -1,
      495, 243, 242, -1,
      495, 242, 496, -1,
      496, 242, 241, -1,
      496, 241, 497, -1,
      497, 241, 240, -1,
      497, 240, 489, -1,
      484, 234, 251, -1,
      484, 251, 498, -1,
      498, 251, 250, -1,
      498, 250, 499, -1,
      499, 250, 249, -1,
      499, 249, 500, -1,
      500, 249, 239, -1,
      500, 239, 501, -1,
      501, 239, 238, -1,
      501, 238, 502, -1,
      502, 238, 237, -1,
      502, 237, 503, -1,
      503, 237, 248, -1,
      503, 248, 490, -1,
      504, 505, 485, -1,
      485, 505, 506, -1,
      485, 506, 507, -1,
      486, 485, 487, -1,
      487, 485, 507, -1,
      487, 507, 488, -1,
      488, 507, 508, -1,
      488, 508, 489, -1,
      504, 485, 509, -1,
      509, 485, 484, -1,
      509, 484, 498, -1,
      498, 499, 509, -1,
      509, 499, 500, -1,
      509, 500, 510, -1,
      510, 500, 501, -1,
      510, 501, 511, -1,
      511, 501, 502, -1,
      511, 502, 512, -1,
      512, 502, 503, -1,
      512, 503, 513, -1,
      513, 503, 490, -1,
      513, 490, 514, -1,
      514, 490, 491, -1,
      514, 491, 515, -1,
      515, 491, 492, -1,
      515, 492, 516, -1,
      516, 492, 493, -1,
      516, 493, 517, -1,
      517, 493, 494, -1,
      517, 494, 518, -1,
      518, 494, 495, -1,
      518, 495, 519, -1,
      519, 495, 496, -1,
      519, 496, 520, -1,
      520, 496, 497, -1,
      520, 497, 521, -1,
      521, 497, 489, -1,
      521, 489, 522, -1,
      522, 489, 508, -1,
      522, 508, 523, -1,
      523, 508, 524, -1,
      522, 523, 525, -1,
      522, 525, 521, -1,
      521, 525, 526, -1,
      521, 526, 520, -1,
      520, 526, 527, -1,
      520, 527, 519, -1,
      519, 527, 528, -1,
      519, 528, 518, -1,
      518, 528, 529, -1,
      518, 529, 517, -1,
      517, 529, 530, -1,
      517, 530, 516, -1,
      516, 530, 531, -1,
      516, 531, 515, -1,
      515, 531, 532, -1,
      515, 532, 514, -1,
      514, 532, 533, -1,
      514, 533, 513, -1,
      513, 533, 534, -1,
      513, 534, 512, -1,
      512, 534, 535, -1,
      512, 535, 511, -1,
      511, 535, 536, -1,
      511, 536, 510, -1,
      510, 536, 537, -1,
      510, 537, 509, -1,
      509, 537, 538, -1,
      509, 538, 504, -1,
      504, 538, 539, -1,
      504, 539, 505, -1,
      505, 539, 540, -1,
      505, 540, 506, -1,
      507, 506, 541, -1,
      541, 506, 540, -1,
      508, 507, 524, -1,
      524, 507, 541, -1,
    ]
  }
}

Shape {
  appearance Appearance {
    material Material {
      diffuseColor 0.2510 0.2510 0.2510
      specularColor 0.0745 0.0745 0.0745
      ambientIntensity 0.2
      transparency 0.0000
      shininess 0.5
    }
  }
  geometry IndexedFaceSet {
    ccw TRUE
    solid FALSE
    coord DEF co Coordinate {
      point [
        0.016647 -0.137376 0.240157,
        0.016647 -0.132283 0.240157,
        0.016623 -0.138325 0.240157,
        0.016170 -0.141230 0.240157,
        0.015428 -0.143009 0.240157,
        0.014766 -0.143964 0.240157,
        0.013813 -0.144848 0.240157,
        0.012568 -0.145557 0.240157,
        0.010974 -0.146038 0.240157,
        0.008980 -0.146206 0.240157,
        0.008813 -0.146203 0.240157,
        0.006435 -0.145916 0.240157,
        0.004896 -0.145351 0.240157,
        0.003529 -0.144439 0.240157,
        0.002401 -0.143173 0.240157,
        0.001573 -0.141611 0.240157,
        0.001017 -0.139560 0.240157,
        0.000803 -0.136896 0.240157,
        0.000803 -0.132283 0.240157,
      ]
    }
    coordIndex [
      1, 18, 0, -1,
      0, 18, 17, -1,
      17, 16, 0, -1,
      0, 16, 15, -1,
      0, 15, 14, -1,
      11, 10, 0, -1,
      0, 10, 9, -1,
      0, 9, 2, -1,
      2, 9, 8, -1,
      2, 8, 3, -1,
      3, 8, 4, -1,
      14, 13, 0, -1,
      0, 13, 12, -1,
      0, 12, 11, -1,
      4, 8, 5, -1,
      5, 8, 7, -1,
      5, 7, 6, -1,
    ]
  }
}

Shape {
  appearance Appearance {
    material Material {
      diffuseColor 1.0000 1.0000 1.0000
      specularColor 0.8784 0.8784 0.8784
      ambientIntensity 0.2
      transparency 0.0000
      shininess 0.5
    }
  }
  geometry IndexedFaceSet {
    ccw TRUE
    solid FALSE
    coord DEF co Coordinate {
      point [
        0.024159 -0.063760 0.003937,
        -0.039217 -0.065530 0.003937,
        -0.034176 -0.045320 0.003937,
        -0.042818 -0.045320 0.003937,
        -0.046899 -0.110617 0.003937,
        -0.046899 -0.150947 0.003937,
        -0.008369 -0.093333 0.003937,
        -0.038257 -0.110617 0.003937,
        0.019118 -0.045320 0.003937,
        0.031841 -0.140385 0.003937,
        0.031841 -0.150947 0.003937,
        0.032802 -0.063850 0.003937,
        0.032151 -0.054424 0.003937,
        0.029681 -0.045320 0.003937,
        -0.038257 -0.140385 0.003937,
        -0.009014 -0.103895 0.003937,
        -0.046899 0.156331 0.003937,
        -0.024813 0.148364 0.003937,
        -0.024813 0.115836 0.003937,
        -0.046899 0.012294 0.003937,
        -0.046899 -0.029956 0.003937,
        0.031841 -0.029956 0.003937,
        -0.046899 0.096796 0.003937,
        0.031841 0.137126 0.003937,
        0.031841 0.010374 0.003937,
        0.023199 0.010374 0.003937,
        0.023199 -0.019394 0.003937,
        -0.002728 -0.019394 0.003937,
        0.031841 0.126564 0.003937,
        -0.011370 0.008454 0.003937,
        -0.011370 -0.019394 0.003937,
        -0.038257 -0.019394 0.003937,
        -0.046899 0.049069 0.003937,
        -0.038257 0.012294 0.003937,
        -0.046899 0.027658 0.003937,
        -0.002728 0.008454 0.003937,
        0.031841 0.027658 0.003937,
        0.031841 0.049879 0.003937,
        -0.006539 0.091035 0.003937,
        -0.046899 0.108319 0.003937,
        -0.046899 0.167854 0.003937,
        -0.047859 -0.066986 0.003937,
        0.031841 0.137126 0.007874,
        -0.046899 0.167854 0.007874,
        -0.046899 0.156331 0.007874,
        -0.024813 0.148364 0.007874,
        -0.024813 0.115836 0.007874,
        -0.046899 0.108319 0.007874,
        -0.046899 0.096796 0.007874,
        0.031841 0.126564 0.007874,
        -0.016171 0.118492 0.007874,
        0.016717 0.130240 0.007874,
        0.019448 0.130998 0.007874,
        0.022239 0.131500 0.007874,
        0.022239 0.131755 0.007874,
        0.019457 0.132269 0.007874,
        -0.016171 0.144823 0.007874,
        0.016717 0.132970 0.007874,
        -0.016171 0.118492 0.003937,
        -0.016171 0.144823 0.003937,
        0.016717 0.130240 0.003937,
        0.019448 0.130998 0.003937,
        0.022239 0.131500 0.003937,
        0.022239 0.131755 0.003937,
        0.019457 0.132269 0.003937,
        0.016717 0.132970 0.003937,
        -0.046899 0.049069 0.007874,
        -0.046899 0.027658 0.007874,
        0.031841 0.027658 0.007874,
        0.031841 0.049879 0.007874,
        -0.006539 0.091035 0.007874,
        -0.002904 0.090902 0.003937,
        -0.002904 0.090902 0.007874,
        0.005213 0.089500 0.003937,
        0.005213 0.089500 0.007874,
        0.012825 0.086335 0.003937,
        0.012825 0.086335 0.007874,
        0.019082 0.081707 0.003937,
        0.019082 0.081707 0.007874,
        0.024902 0.074794 0.003937,
        0.024902 0.074794 0.007874,
        0.028797 0.067259 0.003937,
        0.028797 0.067259 0.007874,
        0.031144 0.058668 0.003937,
        0.031144 0.058668 0.007874,
        -0.046572 0.055309 0.003937,
        -0.046572 0.055309 0.007874,
        -0.044754 0.064071 0.003937,
        -0.044754 0.064071 0.007874,
        -0.041197 0.072191 0.003937,
        -0.041197 0.072191 0.007874,
        -0.036026 0.079135 0.003937,
        -0.036026 0.079135 0.007874,
        -0.030044 0.084333 0.003937,
        -0.030044 0.084333 0.007874,
        -0.022990 0.088124 0.003937,
        -0.022990 0.088124 0.007874,
        -0.014924 0.090356 0.003937,
        -0.014924 0.090356 0.007874,
        -0.016992 0.079322 0.007874,
        -0.023103 0.077123 0.007874,
        -0.028412 0.073658 0.007874,
        -0.032628 0.069168 0.007874,
        -0.035678 0.063731 0.007874,
        -0.037672 0.056678 0.007874,
        -0.038257 0.049399 0.007874,
        -0.038257 0.038221 0.007874,
        0.023199 0.038221 0.007874,
        0.023199 0.049834 0.007874,
        0.023079 0.053195 0.007874,
        0.021850 0.060559 0.007874,
        0.019340 0.066814 0.007874,
        0.015426 0.072307 0.007874,
        0.011874 0.075433 0.007874,
        0.006957 0.078102 0.007874,
        0.000230 0.079949 0.007874,
        -0.006763 0.080472 0.007874,
        -0.009560 0.080385 0.007874,
        0.023199 0.049834 0.003937,
        0.023199 0.038221 0.003937,
        0.023079 0.053195 0.003937,
        0.021850 0.060559 0.003937,
        0.019340 0.066814 0.003937,
        0.015426 0.072307 0.003937,
        0.011874 0.075433 0.003937,
        0.006957 0.078102 0.003937,
        0.000230 0.079949 0.003937,
        -0.006763 0.080472 0.003937,
        -0.009560 0.080385 0.003937,
        -0.016992 0.079322 0.003937,
        -0.023103 0.077123 0.003937,
        -0.028412 0.073658 0.003937,
        -0.032628 0.069168 0.003937,
        -0.035678 0.063731 0.003937,
        -0.037672 0.056678 0.003937,
        -0.038257 0.049399 0.003937,
        -0.038257 0.038221 0.003937,
        -0.038257 0.012294 0.007874,
        -0.046899 0.012294 0.007874,
        -0.046899 -0.029956 0.007874,
        0.031841 -0.029956 0.007874,
        0.031841 0.010374 0.007874,
        0.023199 0.010374 0.007874,
        0.023199 -0.019394 0.007874,
        -0.002728 -0.019394 0.007874,
        -0.002728 0.008454 0.007874,
        -0.011370 0.008454 0.007874,
        -0.011370 -0.019394 0.007874,
        -0.038257 -0.019394 0.007874,
        -0.034176 -0.045320 0.007874,
        -0.042818 -0.045320 0.007874,
        -0.046075 -0.053030 0.007874,
        -0.047859 -0.066986 0.007874,
        -0.047605 -0.061342 0.003937,
        -0.047605 -0.061342 0.007874,
        -0.047379 -0.060116 0.003937,
        -0.046075 -0.053030 0.003937,
        -0.047379 -0.072748 0.003937,
        -0.047190 -0.075019 0.007874,
        -0.047190 -0.075019 0.003937,
        -0.044982 -0.082656 0.007874,
        -0.044982 -0.082656 0.003937,
        -0.041347 -0.089155 0.007874,
        -0.041347 -0.089155 0.003937,
        -0.035608 -0.095276 0.007874,
        -0.035608 -0.095276 0.003937,
        -0.028598 -0.099812 0.007874,
        -0.028598 -0.099812 0.003937,
        -0.020637 -0.102621 0.007874,
        -0.020637 -0.102621 0.003937,
        -0.012010 -0.103817 0.007874,
        -0.012010 -0.103817 0.003937,
        -0.009014 -0.103895 0.007874,
        0.032802 -0.063850 0.007874,
        0.032600 -0.068368 0.003937,
        0.032600 -0.068368 0.007874,
        0.030941 -0.076881 0.003937,
        0.030941 -0.076881 0.007874,
        0.027482 -0.084739 0.003937,
        0.027482 -0.084739 0.007874,
        0.022212 -0.091676 0.003937,
        0.022212 -0.091676 0.007874,
        0.015548 -0.097253 0.003937,
        0.015548 -0.097253 0.007874,
        0.008123 -0.101008 0.003937,
        0.008123 -0.101008 0.007874,
        -0.000403 -0.103246 0.003937,
        -0.000403 -0.103246 0.007874,
        0.029681 -0.045320 0.007874,
        0.032151 -0.054424 0.007874,
        0.019118 -0.045320 0.007874,
        0.024159 -0.063760 0.007874,
        0.024052 -0.060804 0.003937,
        0.024052 -0.060804 0.007874,
        0.022448 -0.052608 0.003937,
        0.022448 -0.052608 0.007874,
        -0.008369 -0.093333 0.007874,
        -0.000446 -0.092684 0.003937,
        -0.000446 -0.092684 0.007874,
        0.006479 -0.090739 0.003937,
        0.006479 -0.090739 0.007874,
        0.012513 -0.087439 0.003937,
        0.012513 -0.087439 0.007874,
        0.017682 -0.082661 0.003937,
        0.017682 -0.082661 0.007874,
        0.021375 -0.076954 0.003937,
        0.021375 -0.076954 0.007874,
        0.023403 -0.071009 0.003937,
        0.023403 -0.071009 0.007874,
        -0.039217 -0.065530 0.007874,
        -0.038507 -0.072374 0.003937,
        -0.038507 -0.072374 0.007874,
        -0.036507 -0.078165 0.003937,
        -0.036507 -0.078165 0.007874,
        -0.033345 -0.083045 0.003937,
        -0.033345 -0.083045 0.007874,
        -0.028579 -0.087540 0.003937,
        -0.028579 -0.087540 0.007874,
        -0.022985 -0.090693 0.003937,
        -0.022985 -0.090693 0.007874,
        -0.015819 -0.092735 0.003937,
        -0.015819 -0.092735 0.007874,
        -0.036063 -0.049039 0.003937,
        -0.036063 -0.049039 0.007874,
        -0.038411 -0.056708 0.003937,
        -0.038411 -0.056708 0.007874,
        -0.038257 -0.110617 0.007874,
        -0.046899 -0.110617 0.007874,
        -0.046899 -0.150947 0.007874,
        0.031841 -0.150947 0.007874,
        0.031841 -0.140385 0.007874,
        -0.038257 -0.140385 0.007874,
      ]
    }
    coordIndex [
      42, 43, 23, -1,
      23, 43, 40, -1,
      43, 44, 40, -1,
      40, 44, 16, -1,
      44, 45, 16, -1,
      16, 45, 17, -1,
      45, 46, 17, -1,
      17, 46, 18, -1,
      46, 47, 18, -1,
      18, 47, 39, -1,
      47, 48, 39, -1,
      39, 48, 22, -1,
      48, 49, 22, -1,
      22, 49, 28, -1,
      49, 42, 28, -1,
      28, 42, 23, -1,
      50, 51, 49, -1,
      48, 47, 46, -1,
      51, 52, 49, -1,
      49, 52, 53, -1,
      49, 53, 42, -1,
      42, 53, 54, -1,
      42, 54, 55, -1,
      49, 48, 50, -1,
      50, 48, 46, -1,
      50, 46, 56, -1,
      56, 46, 45, -1,
      55, 57, 42, -1,
      42, 57, 56, -1,
      42, 56, 43, -1,
      43, 56, 45, -1,
      43, 45, 44, -1,
      50, 56, 58, -1,
      58, 56, 59, -1,
      51, 50, 60, -1,
      60, 50, 58, -1,
      51, 60, 61, -1,
      51, 61, 52, -1,
      52, 61, 62, -1,
      52, 62, 53, -1,
      54, 53, 63, -1,
      63, 53, 62, -1,
      54, 63, 64, -1,
      54, 64, 55, -1,
      55, 64, 65, -1,
      55, 65, 57, -1,
      56, 57, 59, -1,
      59, 57, 65, -1,
      66, 67, 32, -1,
      32, 67, 34, -1,
      67, 68, 34, -1,
      34, 68, 36, -1,
      68, 69, 36, -1,
      36, 69, 37, -1,
      70, 38, 71, -1,
      70, 71, 72, -1,
      72, 71, 73, -1,
      72, 73, 74, -1,
      74, 73, 75, -1,
      74, 75, 76, -1,
      76, 75, 77, -1,
      76, 77, 78, -1,
      78, 77, 79, -1,
      78, 79, 80, -1,
      80, 79, 81, -1,
      80, 81, 82, -1,
      82, 81, 83, -1,
      82, 83, 84, -1,
      84, 83, 37, -1,
      84, 37, 69, -1,
      66, 32, 85, -1,
      66, 85, 86, -1,
      86, 85, 87, -1,
      86, 87, 88, -1,
      88, 87, 89, -1,
      88, 89, 90, -1,
      90, 89, 91, -1,
      90, 91, 92, -1,
      92, 91, 93, -1,
      92, 93, 94, -1,
      94, 93, 95, -1,
      94, 95, 96, -1,
      96, 95, 97, -1,
      96, 97, 98, -1,
      98, 97, 38, -1,
      98, 38, 70, -1,
      99, 100, 94, -1,
      94, 100, 92, -1,
      92, 100, 101, -1,
      92, 101, 90, -1,
      90, 101, 102, -1,
      90, 102, 88, -1,
      88, 102, 103, -1,
      88, 103, 86, -1,
      86, 103, 104, -1,
      86, 104, 66, -1,
      66, 104, 105, -1,
      66, 105, 67, -1,
      67, 105, 106, -1,
      67, 106, 68, -1,
      68, 106, 107, -1,
      68, 107, 69, -1,
      107, 108, 69, -1,
      69, 108, 109, -1,
      69, 109, 84, -1,
      84, 109, 110, -1,
      84, 110, 82, -1,
      82, 110, 111, -1,
      82, 111, 80, -1,
      80, 111, 112, -1,
      80, 112, 78, -1,
      78, 112, 113, -1,
      78, 113, 76, -1,
      76, 113, 114, -1,
      76, 114, 74, -1,
      74, 114, 115, -1,
      74, 115, 72, -1,
      72, 115, 116, -1,
      72, 116, 70, -1,
      70, 116, 117, -1,
      70, 117, 98, -1,
      98, 117, 99, -1,
      98, 99, 96, -1,
      96, 99, 94, -1,
      108, 107, 118, -1,
      118, 107, 119, -1,
      108, 118, 120, -1,
      108, 120, 109, -1,
      109, 120, 121, -1,
      109, 121, 110, -1,
      110, 121, 122, -1,
      110, 122, 111, -1,
      111, 122, 123, -1,
      111, 123, 112, -1,
      112, 123, 124, -1,
      112, 124, 113, -1,
      113, 124, 125, -1,
      113, 125, 114, -1,
      114, 125, 126, -1,
      114, 126, 115, -1,
      115, 126, 127, -1,
      115, 127, 116, -1,
      116, 127, 128, -1,
      116, 128, 117, -1,
      117, 128, 129, -1,
      117, 129, 99, -1,
      99, 129, 130, -1,
      99, 130, 100, -1,
      100, 130, 131, -1,
      100, 131, 101, -1,
      101, 131, 132, -1,
      101, 132, 102, -1,
      102, 132, 133, -1,
      102, 133, 103, -1,
      103, 133, 134, -1,
      103, 134, 104, -1,
      104, 134, 135, -1,
      104, 135, 105, -1,
      106, 105, 136, -1,
      136, 105, 135, -1,
      107, 106, 119, -1,
      119, 106, 136, -1,
      137, 138, 33, -1,
      33, 138, 19, -1,
      138, 139, 19, -1,
      19, 139, 20, -1,
      139, 140, 20, -1,
      20, 140, 21, -1,
      140, 141, 21, -1,
      21, 141, 24, -1,
      141, 142, 24, -1,
      24, 142, 25, -1,
      142, 143, 25, -1,
      25, 143, 26, -1,
      143, 144, 26, -1,
      26, 144, 27, -1,
      144, 145, 27, -1,
      27, 145, 35, -1,
      145, 146, 35, -1,
      35, 146, 29, -1,
      146, 147, 29, -1,
      29, 147, 30, -1,
      147, 148, 30, -1,
      30, 148, 31, -1,
      148, 137, 31, -1,
      31, 137, 33, -1,
      139, 138, 137, -1,
      137, 148, 139, -1,
      139, 148, 147, -1,
      139, 147, 140, -1,
      142, 141, 143, -1,
      143, 141, 140, -1,
      143, 140, 144, -1,
      144, 140, 147, -1,
      144, 147, 145, -1,
      145, 147, 146, -1,
      149, 150, 2, -1,
      2, 150, 3, -1,
      3, 150, 151, -1,
      152, 41, 153, -1,
      152, 153, 154, -1,
      154, 153, 155, -1,
      154, 155, 151, -1,
      151, 155, 156, -1,
      151, 156, 3, -1,
      41, 152, 157, -1,
      157, 152, 158, -1,
      157, 158, 159, -1,
      159, 158, 160, -1,
      159, 160, 161, -1,
      161, 160, 162, -1,
      161, 162, 163, -1,
      163, 162, 164, -1,
      163, 164, 165, -1,
      165, 164, 166, -1,
      165, 166, 167, -1,
      167, 166, 168, -1,
      167, 168, 169, -1,
      169, 168, 170, -1,
      169, 170, 171, -1,
      171, 170, 172, -1,
      171, 172, 15, -1,
      173, 11, 174, -1,
      173, 174, 175, -1,
      175, 174, 176, -1,
      175, 176, 177, -1,
      177, 176, 178, -1,
      177, 178, 179, -1,
      179, 178, 180, -1,
      179, 180, 181, -1,
      181, 180, 182, -1,
      181, 182, 183, -1,
      183, 182, 184, -1,
      183, 184, 185, -1,
      185, 184, 186, -1,
      185, 186, 187, -1,
      187, 186, 15, -1,
      187, 15, 172, -1,
      188, 13, 12, -1,
      188, 12, 189, -1,
      189, 12, 11, -1,
      189, 11, 173, -1,
      188, 190, 13, -1,
      13, 190, 8, -1,
      191, 0, 192, -1,
      191, 192, 193, -1,
      193, 192, 194, -1,
      193, 194, 195, -1,
      195, 194, 8, -1,
      195, 8, 190, -1,
      196, 6, 197, -1,
      196, 197, 198, -1,
      198, 197, 199, -1,
      198, 199, 200, -1,
      200, 199, 201, -1,
      200, 201, 202, -1,
      202, 201, 203, -1,
      202, 203, 204, -1,
      204, 203, 205, -1,
      204, 205, 206, -1,
      206, 205, 207, -1,
      206, 207, 208, -1,
      208, 207, 0, -1,
      208, 0, 191, -1,
      209, 1, 210, -1,
      209, 210, 211, -1,
      211, 210, 212, -1,
      211, 212, 213, -1,
      213, 212, 214, -1,
      213, 214, 215, -1,
      215, 214, 216, -1,
      215, 216, 217, -1,
      217, 216, 218, -1,
      217, 218, 219, -1,
      219, 218, 220, -1,
      219, 220, 221, -1,
      221, 220, 6, -1,
      221, 6, 196, -1,
      149, 2, 222, -1,
      149, 222, 223, -1,
      223, 222, 224, -1,
      223, 224, 225, -1,
      225, 224, 1, -1,
      225, 1, 209, -1,
      190, 188, 195, -1,
      195, 188, 189, -1,
      195, 189, 193, -1,
      193, 189, 173, -1,
      193, 173, 191, -1,
      191, 173, 175, -1,
      191, 175, 208, -1,
      208, 175, 177, -1,
      208, 177, 206, -1,
      206, 177, 179, -1,
      206, 179, 204, -1,
      204, 179, 181, -1,
      204, 181, 202, -1,
      202, 181, 183, -1,
      202, 183, 200, -1,
      200, 183, 185, -1,
      200, 185, 198, -1,
      198, 185, 187, -1,
      198, 187, 196, -1,
      209, 154, 225, -1,
      225, 154, 151, -1,
      225, 151, 223, -1,
      223, 151, 150, -1,
      223, 150, 149, -1,
      187, 172, 196, -1,
      196, 172, 170, -1,
      196, 170, 221, -1,
      221, 170, 168, -1,
      221, 168, 219, -1,
      219, 168, 166, -1,
      219, 166, 217, -1,
      217, 166, 164, -1,
      217, 164, 215, -1,
      215, 164, 162, -1,
      215, 162, 213, -1,
      213, 162, 160, -1,
      213, 160, 211, -1,
      211, 160, 158, -1,
      211, 158, 209, -1,
      209, 158, 152, -1,
      209, 152, 154, -1,
      226, 227, 7, -1,
      7, 227, 4, -1,
      227, 228, 4, -1,
      4, 228, 5, -1,
      228, 229, 5, -1,
      5, 229, 10, -1,
      229, 230, 10, -1,
      10, 230, 9, -1,
      230, 231, 9, -1,
      9, 231, 14, -1,
      231, 226, 14, -1,
      14, 226, 7, -1,
      230, 229, 231, -1,
      231, 229, 228, -1,
      231, 228, 226, -1,
      226, 228, 227, -1,
    ]
  }
}

Shape {
  appearance Appearance {
    material Material {
      diffuseColor 0.2510 0.2510 0.2510
      specularColor 0.0745 0.0745 0.0745
      ambientIntensity 0.2
      transparency 0.0000
      shininess 0.5
    }
  }
  geometry IndexedFaceSet {
    ccw TRUE
    solid FALSE
    coord DEF co Coordinate {
      point [
        -0.016171 0.118492 0.003937,
        -0.016171 0.144823 0.003937,
        0.016717 0.130240 0.003937,
        0.019448 0.130998 0.003937,
        0.022239 0.131500 0.003937,
        0.022239 0.131755 0.003937,
        0.019457 0.132269 0.003937,
        0.016717 0.132970 0.003937,
        0.023199 0.049834 0.003937,
        0.023199 0.038221 0.003937,
        0.023079 0.053195 0.003937,
        0.021850 0.060559 0.003937,
        0.019340 0.066814 0.003937,
        0.015426 0.072307 0.003937,
        0.011874 0.075433 0.003937,
        0.006957 0.078102 0.003937,
        0.000230 0.079949 0.003937,
        -0.006763 0.080472 0.003937,
        -0.009560 0.080385 0.003937,
        -0.016992 0.079322 0.003937,
        -0.023103 0.077123 0.003937,
        -0.028412 0.073658 0.003937,
        -0.032628 0.069168 0.003937,
        -0.035678 0.063731 0.003937,
        -0.037672 0.056678 0.003937,
        -0.038257 0.049399 0.003937,
        -0.038257 0.038221 0.003937,
      ]
    }
    coordIndex [
      0, 1, 2, -1,
      2, 1, 7, -1,
      2, 7, 3, -1,
      3, 7, 6, -1,
      3, 6, 4, -1,
      4, 6, 5, -1,
      9, 26, 8, -1,
      8, 26, 25, -1,
      8, 25, 10, -1,
      24, 18, 25, -1,
      25, 18, 17, -1,
      25, 17, 16, -1,
      16, 15, 25, -1,
      25, 15, 14, -1,
      25, 14, 13, -1,
      22, 21, 23, -1,
      23, 21, 20, -1,
      23, 20, 24, -1,
      24, 20, 19, -1,
      24, 19, 18, -1,
      13, 12, 25, -1,
      25, 12, 11, -1,
      25, 11, 10, -1,
    ]
  }
}

Shape {
  appearance Appearance {
    material Material {
      diffuseColor 1.0000 1.0000 1.0000
      specularColor 0.8784 0.8784 0.8784
      ambientIntensity 0.2
      transparency 0.0000
      shininess 0.5
    }
  }
  geometry IndexedFaceSet {
    ccw TRUE
    solid FALSE
    coord DEF co Coordinate {
      point [
        0.118110 -0.037638 0.003937,
        0.118110 -0.039370 0.003937,
        0.157480 -0.039370 0.003937,
        0.157480 0.039370 0.003937,
        0.118110 0.039370 0.003937,
        -0.157480 0.118110 0.003937,
        -0.118110 0.118110 0.003937,
        -0.118110 0.196850 0.003937,
        -0.157480 0.196850 0.003937,
        -0.157480 -0.196850 0.003937,
        -0.118110 -0.196850 0.003937,
        -0.118110 -0.118110 0.003937,
        -0.157480 -0.118110 0.003937,
        0.157480 0.039370 0.078740,
        0.157480 -0.039370 0.078740,
        -0.157480 -0.196850 0.078740,
        -0.157480 -0.118110 0.078740,
        -0.157480 0.196850 0.078740,
        -0.157480 0.118110 0.078740,
        -0.118110 0.118110 0.000000,
        -0.118110 0.196850 0.000000,
        -0.236220 0.118110 0.078740,
        -0.236220 0.118110 0.000000,
        -0.236220 0.196850 0.000000,
        -0.236220 0.196850 0.078740,
        -0.118110 -0.196850 0.000000,
        -0.118110 -0.118110 0.000000,
        -0.236220 -0.196850 0.078740,
        -0.236220 -0.196850 0.000000,
        -0.236220 -0.118110 0.000000,
        -0.236220 -0.118110 0.078740,
        0.118110 0.039370 0.000000,
        0.118110 -0.039370 0.000000,
        0.236220 -0.039370 0.000000,
        0.236220 -0.039370 0.078740,
        0.236220 0.039370 0.078740,
        0.236220 0.039370 0.000000,
      ]
    }
    coordIndex [
      6, 19, 7, -1,
      7, 19, 20, -1,
      19, 6, 5, -1,
      18, 21, 5, -1,
      5, 21, 22, -1,
      5, 22, 19, -1,
      7, 20, 8, -1,
      8, 20, 23, -1,
      8, 23, 17, -1,
      17, 23, 24, -1,
      24, 21, 17, -1,
      17, 21, 18, -1,
      21, 24, 22, -1,
      22, 24, 23, -1,
      20, 19, 23, -1,
      23, 19, 22, -1,
      10, 25, 11, -1,
      11, 25, 26, -1,
      25, 10, 9, -1,
      15, 27, 9, -1,
      9, 27, 28, -1,
      9, 28, 25, -1,
      11, 26, 12, -1,
      12, 26, 29, -1,
      12, 29, 16, -1,
      16, 29, 30, -1,
      30, 27, 16, -1,
      16, 27, 15, -1,
      27, 30, 28, -1,
      28, 30, 29, -1,
      26, 25, 29, -1,
      29, 25, 28, -1,
      4, 31, 0, -1,
      0, 31, 32, -1,
      0, 32, 1, -1,
      1, 32, 2, -1,
      2, 32, 33, -1,
      2, 33, 14, -1,
      14, 33, 34, -1,
      31, 4, 3, -1,
      13, 35, 3, -1,
      3, 35, 36, -1,
      3, 36, 31, -1,
      34, 35, 14, -1,
      14, 35, 13, -1,
      35, 34, 36, -1,
      36, 34, 33, -1,
      36, 33, 31, -1,
      31, 33, 32, -1,
    ]
  }
}
