#VRML V2.0 utf8

Shape {
  appearance Appearance {
    material Material {
      diffuseColor 0.2235 0.2235 0.2235
      specularColor 0.1137 0.1137 0.1137
      ambientIntensity 0.2
      transparency 0.0000
      shininess 0.5
    }
  }
  geometry IndexedFaceSet {
    ccw TRUE
    solid FALSE
    coord DEF co Coordinate {
      point [
        0.196850 0.004233 0.177165,
        0.196850 0.012059 0.177165,
        0.128805 0.012059 0.177165,
        0.083411 -0.030198 0.177165,
        0.082641 -0.030282 0.177165,
        0.089159 -0.030282 0.177165,
        0.110061 0.038405 0.177165,
        0.110128 0.038378 0.177165,
        0.110128 0.039199 0.177165,
        0.063012 0.038964 0.177165,
        0.064969 0.039199 0.177165,
        0.054374 0.039199 0.177165,
        0.141320 0.012284 0.177165,
        0.138598 0.019584 0.177165,
        0.128805 0.019584 0.177165,
        -0.104810 0.002550 0.177165,
        -0.104469 0.004233 0.177165,
        -0.119896 0.004233 0.177165,
        -0.061458 0.038734 0.177165,
        -0.060642 0.039199 0.177165,
        -0.119896 0.039199 0.177165,
        -0.019706 0.041085 0.177165,
        -0.017033 0.039199 0.177165,
        0.027084 0.039199 0.177165,
        0.003938 0.018166 0.177165,
        0.009087 0.013815 0.177165,
        0.027084 0.012059 0.177165,
        -0.012879 0.036267 0.177165,
        -0.010847 0.034276 0.177165,
        -0.006038 0.028144 0.177165,
        -0.002631 0.021276 0.177165,
        -0.001709 0.020967 0.177165,
        -0.035300 0.045982 0.177165,
        -0.027285 0.044374 0.177165,
        0.027084 0.118110 0.177165,
        -0.119896 0.118110 0.177165,
        -0.054151 0.042898 0.177165,
        -0.046656 0.045307 0.177165,
        -0.038686 0.046135 0.177165,
        -0.095994 0.021656 0.177165,
        -0.094019 0.023472 0.177165,
        -0.087964 0.027483 0.177165,
        -0.081282 0.029930 0.177165,
        -0.074172 0.030764 0.177165,
        -0.065917 0.034915 0.177165,
        -0.071990 0.030646 0.177165,
        -0.069807 0.030385 0.177165,
        -0.119896 0.012059 0.177165,
        -0.103374 0.009643 0.177165,
        -0.102255 0.012059 0.177165,
        -0.100394 0.016076 0.177165,
        -0.081762 -0.029770 0.177165,
        -0.085138 -0.028700 0.177165,
        -0.119896 -0.030282 0.177165,
        -0.091456 -0.025420 0.177165,
        -0.096943 -0.020661 0.177165,
        -0.097927 -0.019513 0.177165,
        -0.101635 -0.013781 0.177165,
        -0.104078 -0.007071 0.177165,
        -0.104913 0.000023 0.177165,
        -0.073315 -0.040128 0.177165,
        -0.077029 -0.037332 0.177165,
        -0.119896 -0.040854 0.177165,
        -0.079854 -0.033851 0.177165,
        -0.081523 -0.030282 0.177165,
        -0.063735 -0.042674 0.177165,
        -0.119896 -0.118110 0.177165,
        -0.059133 -0.042106 0.177165,
        0.027084 -0.118110 0.177165,
        -0.055880 -0.040854 0.177165,
        -0.064455 -0.042660 0.177165,
        -0.068935 -0.041965 0.177165,
        -0.071582 -0.040854 0.177165,
        -0.045957 -0.030282 0.177165,
        -0.045981 -0.030382 0.177165,
        0.027084 -0.040854 0.177165,
        -0.048232 -0.034607 0.177165,
        -0.051123 -0.037846 0.177165,
        -0.054902 -0.040478 0.177165,
        0.015284 0.002622 0.177165,
        0.016155 -0.003583 0.177165,
        0.027084 0.004233 0.177165,
        0.009134 -0.021610 0.177165,
        0.003974 -0.025978 0.177165,
        0.027084 -0.030282 0.177165,
        -0.049503 -0.010983 0.177165,
        -0.024075 0.002300 0.177165,
        -0.052826 -0.007959 0.177165,
        -0.056854 -0.005802 0.177165,
        -0.021671 -0.019059 0.177165,
        -0.020365 -0.018558 0.177165,
        -0.018192 -0.007757 0.177165,
        0.012904 -0.016356 0.177165,
        0.004294 -0.002083 0.177165,
        0.003396 0.001560 0.177165,
        0.001949 0.004233 0.177165,
        -0.092485 0.004233 0.177165,
        -0.022845 -0.019873 0.177165,
        0.015286 -0.010348 0.177165,
        -0.091360 -0.007189 0.177165,
        -0.089115 -0.011007 0.177165,
        -0.079481 -0.012985 0.177165,
        -0.085714 -0.014504 0.177165,
        -0.081572 -0.017056 0.177165,
        -0.072467 -0.006698 0.177165,
        -0.076345 -0.009396 0.177165,
        -0.092958 0.000402 0.177165,
        -0.092727 -0.002548 0.177165,
        -0.018951 -0.018384 0.177165,
        -0.018767 -0.018397 0.177165,
        -0.018197 -0.018524 0.177165,
        -0.068276 -0.005092 0.177165,
        -0.063735 -0.004531 0.177165,
        -0.061435 -0.004667 0.177165,
        -0.001815 -0.028813 0.177165,
        -0.008135 -0.030149 0.177165,
        -0.019331 -0.030149 0.177165,
        -0.020266 -0.030010 0.177165,
        -0.021527 -0.029549 0.177165,
        -0.022780 -0.028703 0.177165,
        -0.023358 -0.028123 0.177165,
        0.000533 -0.013814 0.177165,
        0.002623 -0.010856 0.177165,
        0.003932 -0.007474 0.177165,
        0.004390 -0.003772 0.177165,
        -0.024834 -0.024267 0.177165,
        -0.024807 -0.023706 0.177165,
        -0.044759 -0.021800 0.177165,
        -0.024473 -0.022250 0.177165,
        -0.023782 -0.020928 0.177165,
        -0.017813 -0.018574 0.177165,
        -0.009273 -0.018574 0.177165,
        -0.005848 -0.017915 0.177165,
        -0.024175 -0.026927 0.177165,
        -0.024664 -0.025638 0.177165,
        -0.044864 -0.025699 0.177165,
        -0.044759 -0.023697 0.177165,
        -0.002502 -0.016359 0.177165,
        0.000301 -0.014064 0.177165,
        -0.011930 0.011029 0.177165,
        -0.090763 0.009236 0.177165,
        -0.092391 0.005004 0.177165,
        -0.010412 0.011029 0.177165,
        0.001626 0.004830 0.177165,
        -0.000541 0.007247 0.177165,
        -0.003483 0.009304 0.177165,
        -0.006794 0.010582 0.177165,
        -0.016035 0.022452 0.177165,
        -0.020320 0.027561 0.177165,
        -0.063925 0.016532 0.177165,
        -0.020773 0.027972 0.177165,
        -0.026104 0.031674 0.177165,
        -0.061022 0.022539 0.177165,
        -0.088796 0.012059 0.177165,
        -0.065246 0.017256 0.177165,
        -0.012157 0.012059 0.177165,
        -0.013101 0.016341 0.177165,
        -0.069500 0.018819 0.177165,
        -0.073982 0.019379 0.177165,
        -0.075984 0.019273 0.177165,
        -0.056765 0.027623 0.177165,
        -0.032054 0.033956 0.177165,
        -0.051687 0.031334 0.177165,
        -0.038496 0.034749 0.177165,
        -0.045489 0.033848 0.177165,
        -0.080667 0.018156 0.177165,
        -0.084892 0.015906 0.177165,
        -0.088131 0.013015 0.177165,
        0.010348 0.012059 0.177165,
        0.012962 0.008417 0.177165,
        0.014639 0.004233 0.177165,
        0.145128 0.012284 0.177165,
        0.134962 0.038974 0.177165,
        0.196850 0.039199 0.177165,
        0.128805 0.039199 0.177165,
        0.124919 0.012284 0.177165,
        0.121112 0.012284 0.177165,
        0.120372 0.012059 0.177165,
        0.127484 0.019584 0.177165,
        0.120372 0.039199 0.177165,
        0.128805 0.032481 0.177165,
        0.131278 0.038974 0.177165,
        0.089159 0.024306 0.177165,
        0.081951 0.024306 0.177165,
        0.089159 0.015327 0.177165,
        0.081951 0.015327 0.177165,
        0.095381 0.039199 0.177165,
        0.089159 0.039199 0.177165,
        0.092253 0.038974 0.177165,
        0.089159 0.038974 0.177165,
        0.091495 0.024306 0.177165,
        0.092860 0.015327 0.177165,
        0.091495 0.027362 0.177165,
        0.092253 0.035904 0.177165,
        0.089159 0.027362 0.177165,
        0.089159 0.035904 0.177165,
        0.081951 0.035904 0.177165,
        0.081951 0.027362 0.177165,
        0.078505 0.012284 0.177165,
        0.076960 0.012059 0.177165,
        0.089159 0.012059 0.177165,
        0.095381 0.012059 0.177165,
        0.092860 0.012284 0.177165,
        0.089159 0.012284 0.177165,
        0.078505 0.038974 0.177165,
        0.076960 0.039199 0.177165,
        0.069538 0.039199 0.177165,
        0.070634 0.039094 0.177165,
        0.073163 0.038333 0.177165,
        0.073163 0.034730 0.177165,
        0.073163 0.016691 0.177165,
        0.073163 0.013389 0.177165,
        0.072708 0.013163 0.177165,
        0.069843 0.012223 0.177165,
        0.068130 0.012059 0.177165,
        0.072563 0.035044 0.177165,
        0.069818 0.036001 0.177165,
        0.067752 0.014970 0.177165,
        0.070734 0.015575 0.177165,
        0.056826 0.024333 0.177165,
        0.056796 0.025329 0.177165,
        0.066873 0.036313 0.177165,
        0.065866 0.036274 0.177165,
        0.063540 0.035832 0.177165,
        0.059133 0.032817 0.177165,
        0.057920 0.030884 0.177165,
        0.057106 0.028451 0.177165,
        0.057255 0.021665 0.177165,
        0.058119 0.019514 0.177165,
        0.059416 0.017715 0.177165,
        0.061735 0.015936 0.177165,
        0.063647 0.015212 0.177165,
        0.066272 0.014904 0.177165,
        0.061438 0.034866 0.177165,
        0.059600 0.033352 0.177165,
        0.059981 0.017159 0.177165,
        0.054374 0.118110 0.177165,
        0.066839 0.039424 0.177165,
        0.076960 0.118110 0.177165,
        0.067203 0.039422 0.177165,
        0.060218 0.037887 0.177165,
        0.055280 0.033266 0.177165,
        0.057035 0.035494 0.177165,
        0.057634 0.036070 0.177165,
        0.054374 0.019065 0.177165,
        0.053694 0.020828 0.177165,
        0.052774 0.012059 0.177165,
        0.053180 0.025124 0.177165,
        0.053261 0.026947 0.177165,
        0.052774 0.039199 0.177165,
        0.053939 0.030352 0.177165,
        0.054374 0.031296 0.177165,
        0.054374 0.004233 0.177165,
        0.063394 0.012059 0.177165,
        0.054374 0.012059 0.177165,
        0.061139 0.012550 0.177165,
        0.058638 0.013767 0.177165,
        0.056605 0.015477 0.177165,
        0.056358 0.015748 0.177165,
        0.054773 0.018032 0.177165,
        0.076960 0.004233 0.177165,
        0.065774 0.011834 0.177165,
        0.064005 0.011926 0.177165,
        0.116863 0.034161 0.177165,
        0.118434 0.031727 0.177165,
        0.118811 0.020872 0.177165,
        0.117433 0.018146 0.177165,
        0.115606 0.035440 0.177165,
        0.110128 0.012978 0.177165,
        0.110128 0.012059 0.177165,
        0.112781 0.014004 0.177165,
        0.115606 0.016023 0.177165,
        0.113220 0.037130 0.177165,
        0.119322 0.029076 0.177165,
        0.119631 0.025970 0.177165,
        0.119517 0.023946 0.177165,
        0.105516 0.038974 0.177165,
        0.106033 0.038967 0.177165,
        0.109730 0.012824 0.177165,
        0.105243 0.012284 0.177165,
        0.097902 0.012284 0.177165,
        0.097902 0.038974 0.177165,
        0.056142 -0.022139 0.177165,
        0.056844 -0.021054 0.177165,
        0.057430 -0.015579 0.177165,
        0.076960 -0.030282 0.177165,
        0.070885 -0.030057 0.177165,
        0.063444 -0.030282 0.177165,
        0.067541 -0.030057 0.177165,
        0.063503 -0.030274 0.177165,
        0.057835 -0.020156 0.177165,
        0.059203 -0.019418 0.177165,
        0.059672 -0.014159 0.177165,
        0.061893 -0.018731 0.177165,
        0.061764 -0.013465 0.177165,
        0.059534 -0.030254 0.177165,
        0.058266 -0.029757 0.177165,
        0.054374 -0.030282 0.177165,
        0.067541 -0.027109 0.177165,
        0.067453 -0.027109 0.177165,
        0.066603 -0.028314 0.177165,
        0.055730 -0.023357 0.177165,
        0.055568 -0.024954 0.177165,
        0.055772 -0.026630 0.177165,
        0.056203 -0.027728 0.177165,
        0.067541 -0.017940 0.177165,
        0.067456 -0.016658 0.177165,
        0.067128 -0.015386 0.177165,
        0.065503 -0.029332 0.177165,
        0.064830 -0.029754 0.177165,
        0.057205 -0.029006 0.177165,
        0.056919 -0.028723 0.177165,
        0.075415 -0.025936 0.177165,
        0.076610 -0.026685 0.177165,
        0.076960 -0.019739 0.177165,
        0.076960 -0.026822 0.177165,
        0.077028 -0.019809 0.177165,
        0.069330 -0.012549 0.177165,
        0.070031 -0.013593 0.177165,
        0.075913 -0.013969 0.177165,
        0.070575 -0.015047 0.177165,
        0.075544 -0.015048 0.177165,
        0.057430 -0.012332 0.177165,
        0.058472 -0.011753 0.177165,
        0.061025 -0.010869 0.177165,
        0.066749 -0.014670 0.177165,
        0.066259 -0.014112 0.177165,
        0.065685 -0.013713 0.177165,
        0.064945 -0.013425 0.177165,
        0.063680 -0.013273 0.177165,
        0.063994 -0.010558 0.177165,
        0.066132 -0.010765 0.177165,
        0.067511 -0.011209 0.177165,
        0.076383 -0.019154 0.177165,
        0.075997 -0.018554 0.177165,
        0.070885 -0.017790 0.177165,
        0.075607 -0.017552 0.177165,
        0.075435 -0.016139 0.177165,
        0.076505 -0.013059 0.177165,
        0.068600 -0.011857 0.177165,
        0.061613 -0.030507 0.177165,
        0.061111 -0.030494 0.177165,
        0.054374 -0.040854 0.177165,
        0.059715 -0.030282 0.177165,
        0.075415 -0.029388 0.177165,
        0.076960 -0.029935 0.177165,
        0.077720 -0.030204 0.177165,
        0.078459 -0.030282 0.177165,
        0.080586 -0.030507 0.177165,
        0.076960 -0.040854 0.177165,
        0.087374 -0.011404 0.177165,
        0.087374 -0.014651 0.177165,
        0.087766 -0.027186 0.177165,
        0.087167 -0.028075 0.177165,
        0.088153 -0.026120 0.177165,
        0.076960 -0.012641 0.177165,
        0.077578 -0.012072 0.177165,
        0.078431 -0.011551 0.177165,
        0.080230 -0.010867 0.177165,
        0.082858 -0.010558 0.177165,
        0.089159 0.004233 0.177165,
        0.085203 -0.010766 0.177165,
        0.086140 -0.028993 0.177165,
        0.085216 -0.029546 0.177165,
        0.087170 -0.021720 0.177165,
        0.087748 -0.022552 0.177165,
        0.088124 -0.023520 0.177165,
        0.088289 -0.024872 0.177165,
        0.082531 -0.013273 0.177165,
        0.079044 -0.016802 0.177165,
        0.079285 -0.017254 0.177165,
        0.079611 -0.017612 0.177165,
        0.080789 -0.018349 0.177165,
        0.084901 -0.013566 0.177165,
        0.082858 -0.019250 0.177165,
        0.086788 -0.014306 0.177165,
        0.083961 -0.019690 0.177165,
        0.086253 -0.020922 0.177165,
        0.078911 -0.016283 0.177165,
        0.081535 -0.013348 0.177165,
        0.078880 -0.015839 0.177165,
        0.080642 -0.013586 0.177165,
        0.079897 -0.013983 0.177165,
        0.079427 -0.014389 0.177165,
        0.079130 -0.014809 0.177165,
        0.078954 -0.015254 0.177165,
        0.078700 -0.027504 0.177165,
        0.080498 -0.021679 0.177165,
        0.078791 -0.020914 0.177165,
        0.080914 -0.027778 0.177165,
        0.081261 -0.027773 0.177165,
        0.082693 -0.022598 0.177165,
        0.082867 -0.027561 0.177165,
        0.084857 -0.025199 0.177165,
        0.084829 -0.024813 0.177165,
        0.083690 -0.027241 0.177165,
        0.083927 -0.027095 0.177165,
        0.084315 -0.026757 0.177165,
        0.084609 -0.026330 0.177165,
        0.084783 -0.025859 0.177165,
        0.084685 -0.024290 0.177165,
        0.084434 -0.023844 0.177165,
        0.083997 -0.023384 0.177165,
        0.104861 -0.010994 0.177165,
        0.108327 -0.010994 0.177165,
        0.110128 0.004233 0.177165,
        0.098748 -0.025322 0.177165,
        0.099157 -0.026891 0.177165,
        0.099246 -0.026891 0.177165,
        0.095381 0.004233 0.177165,
        0.095381 -0.015636 0.177165,
        0.099655 -0.025349 0.177165,
        0.099399 -0.026238 0.177165,
        0.095381 -0.030282 0.177165,
        0.095381 -0.024609 0.177165,
        0.090029 -0.010994 0.177165,
        0.093767 -0.010994 0.177165,
        0.097506 -0.030016 0.177165,
        0.097393 -0.030282 0.177165,
        0.096039 -0.033481 0.177165,
        0.089159 -0.040854 0.177165,
        0.090718 -0.038762 0.177165,
        0.090718 -0.035788 0.177165,
        0.092614 -0.036170 0.177165,
        0.092712 -0.036169 0.177165,
        0.091681 -0.036076 0.177165,
        0.094737 -0.035402 0.177165,
        0.095360 -0.034717 0.177165,
        0.095381 -0.034679 0.177165,
        0.095381 -0.038431 0.177165,
        0.094311 -0.038858 0.177165,
        0.095381 -0.040854 0.177165,
        0.092874 -0.039035 0.177165,
        0.091704 -0.038965 0.177165,
        0.093513 -0.036056 0.177165,
        0.094235 -0.035758 0.177165,
        0.110128 -0.040854 0.177165,
        0.096769 -0.037510 0.177165,
        0.095622 -0.038335 0.177165,
        0.100722 -0.030282 0.177165,
        0.099676 -0.032936 0.177165,
        0.098144 -0.035911 0.177165,
        0.120372 -0.018035 0.177165,
        0.115374 -0.018035 0.177165,
        0.120372 -0.027014 0.177165,
        0.115374 -0.027014 0.177165,
        0.125676 -0.003367 0.177165,
        0.125676 -0.006437 0.177165,
        0.128805 0.004233 0.177165,
        0.126283 -0.027014 0.177165,
        0.128805 -0.030282 0.177165,
        0.126283 -0.030057 0.177165,
        0.120372 -0.030282 0.177165,
        0.124919 -0.018035 0.177165,
        0.124919 -0.014979 0.177165,
        0.120372 -0.014979 0.177165,
        0.120372 -0.006437 0.177165,
        0.115374 -0.006437 0.177165,
        0.115374 -0.014979 0.177165,
        0.120372 -0.030057 0.177165,
        0.111929 -0.030057 0.177165,
        0.110128 -0.030282 0.177165,
        0.111929 -0.003367 0.177165,
        0.120372 -0.003367 0.177165,
        0.120372 0.004233 0.177165,
        0.089159 0.118110 0.177165,
        0.095381 0.118110 0.177165,
        0.110128 0.118110 0.177165,
        0.120372 0.118110 0.177165,
        0.128805 0.118110 0.177165,
        0.196850 0.118110 0.177165,
        0.052774 0.118110 0.177165,
        0.052088 0.015327 0.177165,
        0.052088 0.012284 0.177165,
        0.038013 0.012284 0.177165,
        0.038013 0.038974 0.177165,
        0.041459 0.038974 0.177165,
        0.041459 0.015327 0.177165,
        0.052774 0.004233 0.177165,
        0.158343 -0.030057 0.177165,
        0.154536 -0.030057 0.177165,
        0.172022 -0.022757 0.177165,
        0.160908 -0.022757 0.177165,
        0.174744 -0.030057 0.177165,
        0.196850 -0.030282 0.177165,
        0.146205 -0.028337 0.177165,
        0.149030 -0.026318 0.177165,
        0.150857 -0.024194 0.177165,
        0.168386 -0.003367 0.177165,
        0.178551 -0.030057 0.177165,
        0.164702 -0.003367 0.177165,
        0.152746 -0.013265 0.177165,
        0.153056 -0.016370 0.177165,
        0.152941 -0.018395 0.177165,
        0.152234 -0.021469 0.177165,
        0.143154 -0.029517 0.177165,
        0.138667 -0.030057 0.177165,
        0.131326 -0.030057 0.177165,
        0.131326 -0.003367 0.177165,
        0.138939 -0.003367 0.177165,
        0.149030 -0.006901 0.177165,
        0.150287 -0.008180 0.177165,
        0.151858 -0.010614 0.177165,
        0.139457 -0.003373 0.177165,
        0.143484 -0.003936 0.177165,
        0.146643 -0.005211 0.177165,
        0.052774 -0.030282 0.177165,
        0.038013 -0.030057 0.177165,
        0.052368 -0.030057 0.177165,
        0.052368 -0.027014 0.177165,
        0.051761 -0.006437 0.177165,
        0.038013 -0.003367 0.177165,
        0.051761 -0.003367 0.177165,
        0.041459 -0.018035 0.177165,
        0.041459 -0.027014 0.177165,
        0.051004 -0.018035 0.177165,
        0.051004 -0.014979 0.177165,
        0.041459 -0.014979 0.177165,
        0.041459 -0.006437 0.177165,
        0.120372 -0.040854 0.177165,
        0.128805 -0.040854 0.177165,
        0.196850 -0.040854 0.177165,
        0.052774 -0.040854 0.177165,
        0.052774 -0.118110 0.177165,
        0.054374 -0.118110 0.177165,
        0.076960 -0.118110 0.177165,
        0.089159 -0.118110 0.177165,
        0.095381 -0.118110 0.177165,
        0.110128 -0.118110 0.177165,
        0.120372 -0.118110 0.177165,
        0.128805 -0.118110 0.177165,
        0.196850 -0.118110 0.177165,
        -0.134878 0.118110 0.177165,
        -0.134878 0.039199 0.177165,
        -0.134878 0.012059 0.177165,
        -0.134878 0.004233 0.177165,
        -0.134878 -0.030282 0.177165,
        -0.134878 -0.040854 0.177165,
        -0.134878 -0.118110 0.177165,
        -0.134878 0.118110 0.173228,
        0.196850 0.118110 0.000000,
        0.119891 0.118110 0.016891,
        0.119891 0.118110 0.039370,
        0.079095 0.118110 0.039370,
        0.079095 0.118110 0.016891,
        -0.079095 0.118110 0.016891,
        -0.079095 0.118110 0.039370,
        -0.119891 0.118110 0.039370,
        -0.196850 0.118110 0.000000,
        -0.166516 0.118110 0.173228,
        -0.196850 0.118110 0.177165,
        -0.166516 0.118110 0.177165,
        -0.119891 0.118110 0.016891,
        0.196850 0.019685 0.000000,
        0.177165 0.019685 0.000000,
        0.177165 0.098425 0.000000,
        0.078740 0.098425 0.000000,
        0.177165 -0.019685 0.000000,
        0.196850 -0.019685 0.000000,
        0.177165 -0.098425 0.000000,
        0.196850 -0.118110 0.000000,
        0.078740 -0.098425 0.000000,
        -0.196850 -0.019685 0.000000,
        -0.177165 -0.019685 0.000000,
        -0.196850 -0.118110 0.000000,
        -0.177165 -0.098425 0.000000,
        -0.078740 -0.098425 0.000000,
        -0.177165 0.019685 0.000000,
        -0.196850 0.019685 0.000000,
        -0.177165 0.098425 0.000000,
        -0.078740 0.098425 0.000000,
        -0.196850 -0.019685 0.047244,
        -0.196850 -0.118110 0.177165,
        -0.196850 0.019685 0.047244,
      ]
    }
    coordIndex [
      0, 1, 2, -1,
      3, 4, 5, -1,
      6, 7, 8, -1,
      9, 10, 11, -1,
      12, 13, 14, -1,
      15, 16, 17, -1,
      18, 19, 20, -1,
      21, 22, 23, -1,
      24, 25, 23, -1,
      23, 25, 26, -1,
      22, 27, 23, -1,
      23, 27, 28, -1,
      23, 28, 29, -1,
      29, 30, 23, -1,
      23, 30, 31, -1,
      23, 31, 24, -1,
      32, 33, 34, -1,
      20, 19, 35, -1,
      19, 36, 35, -1,
      35, 36, 37, -1,
      35, 37, 34, -1,
      34, 37, 38, -1,
      34, 38, 32, -1,
      20, 39, 40, -1,
      40, 41, 20, -1,
      20, 41, 42, -1,
      20, 42, 18, -1,
      18, 42, 43, -1,
      18, 43, 44, -1,
      44, 43, 45, -1,
      44, 45, 46, -1,
      17, 16, 47, -1,
      16, 48, 47, -1,
      47, 48, 49, -1,
      47, 49, 20, -1,
      20, 49, 50, -1,
      20, 50, 39, -1,
      51, 52, 53, -1,
      52, 54, 53, -1,
      53, 54, 55, -1,
      53, 55, 56, -1,
      56, 57, 53, -1,
      53, 57, 58, -1,
      53, 58, 17, -1,
      17, 58, 59, -1,
      17, 59, 15, -1,
      60, 61, 62, -1,
      62, 61, 63, -1,
      62, 63, 53, -1,
      53, 63, 64, -1,
      53, 64, 51, -1,
      65, 66, 67, -1,
      67, 66, 68, -1,
      67, 68, 69, -1,
      65, 70, 66, -1,
      66, 70, 71, -1,
      66, 71, 62, -1,
      62, 71, 72, -1,
      62, 72, 60, -1,
      73, 74, 75, -1,
      75, 74, 76, -1,
      76, 77, 75, -1,
      75, 77, 78, -1,
      75, 78, 69, -1,
      79, 80, 81, -1,
      82, 83, 84, -1,
      85, 86, 87, -1,
      87, 86, 88, -1,
      89, 90, 91, -1,
      82, 84, 92, -1,
      93, 94, 86, -1,
      86, 94, 95, -1,
      86, 95, 96, -1,
      89, 91, 97, -1,
      81, 80, 84, -1,
      84, 80, 98, -1,
      84, 98, 92, -1,
      99, 100, 101, -1,
      101, 100, 102, -1,
      101, 102, 103, -1,
      104, 96, 105, -1,
      105, 96, 106, -1,
      105, 106, 101, -1,
      101, 106, 107, -1,
      101, 107, 99, -1,
      90, 108, 91, -1,
      91, 108, 109, -1,
      91, 109, 110, -1,
      104, 111, 96, -1,
      96, 111, 112, -1,
      96, 112, 86, -1,
      86, 112, 113, -1,
      86, 113, 88, -1,
      83, 114, 84, -1,
      84, 114, 115, -1,
      84, 115, 73, -1,
      73, 115, 116, -1,
      73, 116, 117, -1,
      117, 118, 73, -1,
      73, 118, 119, -1,
      73, 119, 120, -1,
      121, 122, 91, -1,
      91, 122, 123, -1,
      91, 123, 86, -1,
      86, 123, 124, -1,
      86, 124, 93, -1,
      125, 126, 127, -1,
      127, 126, 128, -1,
      127, 128, 91, -1,
      91, 128, 129, -1,
      91, 129, 97, -1,
      110, 130, 91, -1,
      91, 130, 131, -1,
      91, 131, 132, -1,
      120, 133, 73, -1,
      73, 133, 134, -1,
      73, 134, 135, -1,
      135, 134, 125, -1,
      135, 125, 136, -1,
      136, 125, 127, -1,
      132, 137, 91, -1,
      91, 137, 138, -1,
      91, 138, 121, -1,
      139, 140, 141, -1,
      141, 96, 139, -1,
      139, 96, 95, -1,
      139, 95, 142, -1,
      142, 95, 143, -1,
      143, 144, 142, -1,
      142, 144, 145, -1,
      142, 145, 146, -1,
      147, 148, 149, -1,
      148, 150, 149, -1,
      149, 150, 151, -1,
      149, 151, 152, -1,
      153, 149, 154, -1,
      140, 139, 153, -1,
      153, 139, 155, -1,
      153, 155, 149, -1,
      149, 155, 156, -1,
      149, 156, 147, -1,
      154, 157, 153, -1,
      153, 157, 158, -1,
      153, 158, 159, -1,
      152, 151, 160, -1,
      160, 151, 161, -1,
      160, 161, 162, -1,
      162, 161, 163, -1,
      162, 163, 164, -1,
      165, 166, 159, -1,
      159, 166, 167, -1,
      159, 167, 153, -1,
      25, 168, 26, -1,
      26, 168, 169, -1,
      26, 169, 81, -1,
      81, 169, 170, -1,
      81, 170, 79, -1,
      12, 2, 171, -1,
      171, 2, 1, -1,
      171, 1, 172, -1,
      172, 1, 173, -1,
      172, 173, 174, -1,
      175, 176, 177, -1,
      12, 14, 2, -1,
      2, 14, 178, -1,
      2, 178, 175, -1,
      177, 176, 179, -1,
      179, 176, 180, -1,
      179, 180, 174, -1,
      174, 180, 181, -1,
      174, 181, 172, -1,
      182, 183, 184, -1,
      184, 183, 185, -1,
      186, 187, 188, -1,
      188, 187, 189, -1,
      182, 184, 190, -1,
      190, 184, 191, -1,
      190, 191, 192, -1,
      192, 191, 193, -1,
      192, 193, 194, -1,
      193, 195, 194, -1,
      194, 195, 196, -1,
      194, 196, 197, -1,
      198, 199, 200, -1,
      188, 193, 186, -1,
      186, 193, 191, -1,
      186, 191, 201, -1,
      201, 191, 202, -1,
      201, 202, 200, -1,
      200, 202, 203, -1,
      200, 203, 198, -1,
      189, 187, 204, -1,
      204, 187, 205, -1,
      204, 205, 198, -1,
      206, 207, 205, -1,
      205, 207, 208, -1,
      205, 208, 209, -1,
      210, 211, 199, -1,
      211, 212, 199, -1,
      199, 212, 213, -1,
      199, 213, 214, -1,
      198, 205, 199, -1,
      199, 205, 209, -1,
      199, 209, 210, -1,
      210, 209, 215, -1,
      210, 215, 216, -1,
      217, 218, 219, -1,
      219, 218, 210, -1,
      219, 210, 220, -1,
      216, 221, 210, -1,
      210, 221, 222, -1,
      210, 222, 223, -1,
      224, 225, 210, -1,
      210, 225, 226, -1,
      210, 226, 220, -1,
      227, 228, 229, -1,
      230, 231, 219, -1,
      219, 231, 232, -1,
      219, 232, 217, -1,
      223, 233, 210, -1,
      210, 233, 234, -1,
      210, 234, 224, -1,
      227, 229, 219, -1,
      219, 229, 235, -1,
      219, 235, 230, -1,
      236, 237, 238, -1,
      238, 237, 239, -1,
      238, 239, 206, -1,
      9, 11, 240, -1,
      241, 242, 11, -1,
      11, 242, 243, -1,
      11, 243, 240, -1,
      244, 245, 246, -1,
      246, 245, 247, -1,
      247, 248, 249, -1,
      249, 248, 250, -1,
      249, 250, 11, -1,
      11, 250, 251, -1,
      11, 251, 241, -1,
      252, 253, 254, -1,
      254, 253, 255, -1,
      254, 255, 256, -1,
      256, 257, 254, -1,
      254, 257, 258, -1,
      254, 258, 259, -1,
      260, 261, 252, -1,
      252, 261, 262, -1,
      252, 262, 253, -1,
      263, 264, 179, -1,
      265, 266, 177, -1,
      263, 179, 267, -1,
      268, 269, 270, -1,
      270, 269, 177, -1,
      270, 177, 271, -1,
      271, 177, 266, -1,
      8, 7, 179, -1,
      179, 7, 272, -1,
      179, 272, 267, -1,
      264, 273, 179, -1,
      179, 273, 274, -1,
      179, 274, 177, -1,
      177, 274, 275, -1,
      177, 275, 265, -1,
      186, 276, 8, -1,
      8, 276, 277, -1,
      8, 277, 6, -1,
      268, 278, 269, -1,
      269, 278, 279, -1,
      269, 279, 201, -1,
      201, 279, 280, -1,
      201, 280, 186, -1,
      186, 280, 281, -1,
      186, 281, 276, -1,
      282, 283, 284, -1,
      285, 286, 287, -1,
      287, 286, 288, -1,
      287, 288, 289, -1,
      283, 290, 284, -1,
      284, 290, 291, -1,
      284, 291, 292, -1,
      292, 291, 293, -1,
      292, 293, 294, -1,
      295, 296, 297, -1,
      298, 299, 288, -1,
      288, 299, 300, -1,
      301, 252, 302, -1,
      302, 252, 297, -1,
      302, 297, 303, -1,
      303, 297, 304, -1,
      305, 306, 293, -1,
      293, 306, 307, -1,
      300, 308, 288, -1,
      288, 308, 309, -1,
      288, 309, 289, -1,
      296, 310, 297, -1,
      297, 310, 311, -1,
      297, 311, 304, -1,
      312, 313, 314, -1,
      314, 313, 315, -1,
      314, 315, 316, -1,
      317, 318, 319, -1,
      319, 318, 320, -1,
      319, 320, 321, -1,
      282, 284, 301, -1,
      301, 284, 322, -1,
      301, 322, 252, -1,
      252, 322, 323, -1,
      252, 323, 324, -1,
      307, 325, 293, -1,
      293, 325, 326, -1,
      293, 326, 327, -1,
      327, 328, 293, -1,
      293, 328, 329, -1,
      293, 329, 294, -1,
      324, 330, 252, -1,
      252, 330, 331, -1,
      252, 331, 332, -1,
      333, 334, 335, -1,
      335, 334, 336, -1,
      335, 336, 320, -1,
      320, 336, 337, -1,
      320, 337, 321, -1,
      260, 252, 338, -1,
      338, 252, 332, -1,
      338, 332, 319, -1,
      319, 332, 339, -1,
      319, 339, 317, -1,
      340, 341, 342, -1,
      342, 341, 343, -1,
      314, 333, 312, -1,
      312, 333, 335, -1,
      312, 335, 344, -1,
      344, 335, 286, -1,
      344, 286, 345, -1,
      345, 286, 285, -1,
      345, 285, 346, -1,
      346, 285, 347, -1,
      348, 347, 349, -1,
      349, 347, 285, -1,
      349, 285, 342, -1,
      342, 285, 287, -1,
      342, 287, 340, -1,
      350, 351, 5, -1,
      352, 353, 5, -1,
      352, 5, 354, -1,
      338, 355, 260, -1,
      260, 355, 356, -1,
      260, 356, 357, -1,
      357, 358, 260, -1,
      260, 358, 359, -1,
      260, 359, 360, -1,
      360, 359, 361, -1,
      360, 361, 350, -1,
      353, 362, 5, -1,
      5, 362, 363, -1,
      5, 363, 3, -1,
      364, 365, 351, -1,
      351, 365, 366, -1,
      351, 366, 5, -1,
      5, 366, 367, -1,
      5, 367, 354, -1,
      368, 369, 370, -1,
      370, 371, 368, -1,
      368, 371, 372, -1,
      368, 372, 373, -1,
      373, 372, 374, -1,
      373, 374, 375, -1,
      375, 374, 376, -1,
      375, 376, 351, -1,
      351, 376, 377, -1,
      351, 377, 364, -1,
      369, 368, 378, -1,
      378, 368, 379, -1,
      378, 379, 380, -1,
      380, 379, 381, -1,
      380, 381, 382, -1,
      382, 383, 380, -1,
      380, 383, 384, -1,
      380, 384, 385, -1,
      386, 387, 315, -1,
      315, 387, 388, -1,
      315, 388, 316, -1,
      386, 389, 387, -1,
      387, 389, 390, -1,
      387, 390, 391, -1,
      391, 390, 392, -1,
      391, 393, 394, -1,
      392, 395, 391, -1,
      391, 395, 396, -1,
      391, 396, 397, -1,
      397, 398, 391, -1,
      391, 398, 399, -1,
      391, 399, 393, -1,
      394, 400, 391, -1,
      391, 400, 401, -1,
      391, 401, 402, -1,
      403, 404, 405, -1,
      406, 407, 408, -1,
      405, 409, 403, -1,
      403, 409, 410, -1,
      403, 410, 411, -1,
      411, 410, 406, -1,
      411, 406, 412, -1,
      412, 406, 408, -1,
      413, 414, 5, -1,
      5, 414, 415, -1,
      350, 5, 360, -1,
      360, 5, 415, -1,
      360, 415, 409, -1,
      409, 415, 416, -1,
      409, 416, 410, -1,
      417, 414, 418, -1,
      418, 414, 413, -1,
      418, 413, 419, -1,
      420, 421, 422, -1,
      413, 423, 424, -1,
      348, 349, 4, -1,
      4, 349, 420, -1,
      4, 420, 5, -1,
      5, 420, 422, -1,
      5, 422, 413, -1,
      413, 422, 425, -1,
      413, 425, 423, -1,
      426, 427, 413, -1,
      413, 427, 428, -1,
      413, 428, 419, -1,
      429, 430, 431, -1,
      431, 430, 432, -1,
      431, 432, 420, -1,
      420, 432, 433, -1,
      420, 433, 421, -1,
      424, 434, 413, -1,
      413, 434, 435, -1,
      413, 435, 426, -1,
      436, 437, 431, -1,
      431, 437, 438, -1,
      431, 438, 429, -1,
      439, 440, 436, -1,
      436, 440, 441, -1,
      436, 441, 437, -1,
      442, 443, 444, -1,
      444, 443, 445, -1,
      446, 447, 448, -1,
      448, 447, 449, -1,
      448, 449, 450, -1,
      450, 449, 451, -1,
      450, 451, 452, -1,
      442, 444, 453, -1,
      453, 444, 449, -1,
      453, 449, 454, -1,
      454, 449, 447, -1,
      454, 447, 455, -1,
      447, 456, 455, -1,
      455, 456, 457, -1,
      455, 457, 458, -1,
      451, 459, 452, -1,
      452, 459, 460, -1,
      452, 460, 461, -1,
      461, 460, 462, -1,
      446, 448, 463, -1,
      463, 448, 464, -1,
      463, 464, 462, -1,
      462, 464, 405, -1,
      462, 405, 461, -1,
      461, 405, 404, -1,
      461, 404, 439, -1,
      206, 205, 238, -1,
      238, 205, 187, -1,
      238, 187, 465, -1,
      465, 187, 186, -1,
      465, 186, 466, -1,
      466, 186, 8, -1,
      466, 8, 467, -1,
      467, 8, 179, -1,
      467, 179, 468, -1,
      468, 179, 174, -1,
      468, 174, 469, -1,
      469, 174, 173, -1,
      469, 173, 470, -1,
      34, 249, 471, -1,
      471, 249, 11, -1,
      471, 11, 236, -1,
      236, 11, 10, -1,
      236, 10, 237, -1,
      247, 249, 246, -1,
      246, 249, 472, -1,
      246, 472, 473, -1,
      26, 474, 23, -1,
      23, 474, 475, -1,
      23, 475, 476, -1,
      477, 472, 476, -1,
      476, 472, 249, -1,
      476, 249, 23, -1,
      23, 249, 34, -1,
      23, 34, 21, -1,
      21, 34, 33, -1,
      448, 177, 464, -1,
      464, 177, 269, -1,
      464, 269, 405, -1,
      405, 269, 201, -1,
      405, 201, 409, -1,
      409, 201, 200, -1,
      409, 200, 360, -1,
      360, 200, 199, -1,
      360, 199, 260, -1,
      260, 199, 214, -1,
      260, 214, 261, -1,
      473, 474, 246, -1,
      246, 474, 26, -1,
      246, 26, 478, -1,
      478, 26, 81, -1,
      479, 480, 450, -1,
      481, 482, 483, -1,
      483, 482, 479, -1,
      483, 479, 484, -1,
      484, 479, 450, -1,
      485, 480, 486, -1,
      486, 480, 487, -1,
      0, 488, 484, -1,
      484, 488, 489, -1,
      484, 489, 483, -1,
      175, 177, 2, -1,
      2, 177, 448, -1,
      2, 448, 0, -1,
      0, 448, 490, -1,
      0, 490, 488, -1,
      491, 492, 490, -1,
      490, 492, 493, -1,
      490, 493, 480, -1,
      480, 493, 494, -1,
      480, 494, 487, -1,
      485, 495, 480, -1,
      480, 495, 496, -1,
      480, 496, 450, -1,
      450, 496, 497, -1,
      450, 497, 448, -1,
      448, 497, 498, -1,
      448, 498, 499, -1,
      500, 501, 490, -1,
      490, 501, 502, -1,
      490, 502, 491, -1,
      499, 503, 448, -1,
      448, 503, 504, -1,
      448, 504, 490, -1,
      490, 504, 505, -1,
      490, 505, 500, -1,
      259, 244, 254, -1,
      254, 244, 246, -1,
      254, 246, 252, -1,
      252, 246, 478, -1,
      252, 478, 297, -1,
      297, 478, 506, -1,
      84, 506, 507, -1,
      507, 506, 508, -1,
      508, 506, 509, -1,
      509, 506, 478, -1,
      509, 478, 510, -1,
      84, 507, 81, -1,
      81, 507, 511, -1,
      81, 511, 478, -1,
      478, 511, 512, -1,
      478, 512, 510, -1,
      513, 514, 515, -1,
      515, 514, 509, -1,
      515, 509, 516, -1,
      516, 509, 510, -1,
      516, 510, 517, -1,
      517, 510, 518, -1,
      439, 436, 461, -1,
      461, 436, 519, -1,
      461, 519, 452, -1,
      452, 519, 520, -1,
      452, 520, 450, -1,
      450, 520, 521, -1,
      450, 521, 484, -1,
      73, 75, 84, -1,
      84, 75, 522, -1,
      84, 522, 506, -1,
      506, 522, 342, -1,
      506, 342, 297, -1,
      297, 342, 343, -1,
      297, 343, 295, -1,
      69, 68, 75, -1,
      75, 68, 523, -1,
      75, 523, 522, -1,
      522, 523, 524, -1,
      522, 524, 342, -1,
      342, 524, 525, -1,
      342, 525, 349, -1,
      349, 525, 526, -1,
      349, 526, 420, -1,
      420, 526, 527, -1,
      420, 527, 431, -1,
      431, 527, 528, -1,
      431, 528, 436, -1,
      436, 528, 529, -1,
      436, 529, 519, -1,
      519, 529, 530, -1,
      519, 530, 520, -1,
      520, 530, 531, -1,
      520, 531, 521, -1,
      35, 532, 20, -1,
      20, 532, 533, -1,
      20, 533, 47, -1,
      47, 533, 534, -1,
      47, 534, 17, -1,
      17, 534, 535, -1,
      17, 535, 53, -1,
      53, 535, 536, -1,
      53, 536, 62, -1,
      62, 536, 537, -1,
      62, 537, 66, -1,
      66, 537, 538, -1,
      539, 532, 470, -1,
      540, 541, 470, -1,
      470, 541, 542, -1,
      470, 542, 543, -1,
      544, 545, 543, -1,
      543, 545, 546, -1,
      543, 546, 470, -1,
      470, 546, 547, -1,
      470, 547, 539, -1,
      539, 547, 548, -1,
      539, 548, 549, -1,
      549, 548, 550, -1,
      549, 550, 551, -1,
      547, 552, 548, -1,
      548, 552, 545, -1,
      548, 545, 540, -1,
      540, 545, 544, -1,
      540, 544, 541, -1,
      540, 553, 554, -1,
      554, 555, 540, -1,
      540, 555, 556, -1,
      540, 556, 548, -1,
      557, 558, 559, -1,
      559, 558, 560, -1,
      559, 560, 561, -1,
      562, 563, 564, -1,
      564, 563, 565, -1,
      564, 565, 566, -1,
      567, 568, 569, -1,
      569, 568, 548, -1,
      569, 548, 570, -1,
      570, 548, 556, -1,
      570, 556, 566, -1,
      566, 556, 561, -1,
      566, 561, 564, -1,
      564, 561, 560, -1,
      562, 564, 571, -1,
      571, 564, 572, -1,
      571, 572, 573, -1,
      573, 572, 550, -1,
      573, 550, 568, -1,
      568, 550, 548, -1,
    ]
  }
}

Shape {
  appearance Appearance {
    material Material {
      diffuseColor 0.6667 0.6980 0.7686
      specularColor 0.3333 0.3490 0.3843
      ambientIntensity 0.2
      transparency 0.0000
      shininess 0.5
    }
  }
  geometry IndexedFaceSet {
    ccw TRUE
    solid FALSE
    coord DEF co Coordinate {
      point [
        0.177165 -0.019685 0.000000,
        0.177165 -0.098425 0.000000,
        -0.177165 -0.019685 0.000000,
        -0.177165 -0.098425 0.000000,
        -0.177165 0.019685 0.000000,
        -0.177165 0.098425 0.000000,
        -0.177165 0.019685 -0.007874,
        -0.177165 0.098425 -0.007874,
        -0.177165 -0.019685 -0.007874,
        -0.177165 -0.098425 -0.007874,
        0.177165 -0.019685 -0.007874,
        0.177165 -0.098425 -0.007874,
      ]
    }
    coordIndex [
      4, 5, 6, -1,
      6, 5, 7, -1,
      8, 9, 2, -1,
      2, 9, 3, -1,
      0, 1, 10, -1,
      10, 1, 11, -1,
    ]
  }
}

Shape {
  appearance Appearance {
    material Material {
      diffuseColor 0.2235 0.2235 0.2235
      specularColor 0.1137 0.1137 0.1137
      ambientIntensity 0.2
      transparency 0.0000
      shininess 0.5
    }
  }
  geometry IndexedFaceSet {
    ccw TRUE
    solid FALSE
    coord DEF co Coordinate {
      point [
        0.196850 0.118110 0.177165,
        0.196850 -0.118110 0.177165,
        -0.134878 -0.118110 0.177165,
        0.196850 0.118110 0.000000,
        -0.196850 0.118110 0.177165,
        -0.166516 0.118110 0.177165,
        0.196850 0.019685 0.000000,
        0.196850 -0.019685 0.000000,
        0.196850 -0.118110 0.000000,
        -0.196850 -0.118110 0.000000,
        -0.196850 -0.118110 0.177165,
        0.196850 0.019685 0.047244,
        0.196850 -0.019685 0.047244,
        -0.166516 -0.118110 0.177165,
        -0.166516 -0.118110 0.173228,
        -0.134878 -0.118110 0.173228,
        0.079095 -0.118110 0.016891,
        0.079095 -0.118110 0.039370,
        0.119891 -0.118110 0.039370,
        0.119891 -0.118110 0.016891,
        -0.079095 -0.118110 0.016891,
        -0.079095 -0.118110 0.039370,
        -0.119891 -0.118110 0.039370,
        -0.119891 -0.118110 0.016891,
      ]
    }
    coordIndex [
      6, 3, 11, -1,
      11, 3, 0, -1,
      11, 0, 12, -1,
      12, 0, 1, -1,
      12, 1, 7, -1,
      7, 1, 8, -1,
      13, 10, 14, -1,
      14, 10, 9, -1,
      15, 16, 2, -1,
      2, 16, 17, -1,
      2, 17, 1, -1,
      1, 17, 18, -1,
      1, 18, 8, -1,
      8, 18, 19, -1,
      8, 19, 16, -1,
      9, 8, 20, -1,
      20, 8, 16, -1,
      20, 16, 21, -1,
      21, 16, 15, -1,
      21, 15, 22, -1,
      22, 15, 14, -1,
      22, 14, 23, -1,
      23, 14, 9, -1,
      23, 9, 20, -1,
      4, 10, 5, -1,
      5, 10, 13, -1,
    ]
  }
}

Shape {
  appearance Appearance {
    material Material {
      diffuseColor 0.6667 0.6980 0.7686
      specularColor 0.3333 0.3490 0.3843
      ambientIntensity 0.2
      transparency 0.0000
      shininess 0.5
    }
  }
  geometry IndexedFaceSet {
    ccw TRUE
    solid FALSE
    coord DEF co Coordinate {
      point [
        0.119891 0.118110 0.016891,
        0.119891 0.118110 0.039370,
        0.079095 0.118110 0.039370,
        0.079095 0.118110 0.016891,
        -0.079095 0.118110 0.016891,
        -0.079095 0.118110 0.039370,
        -0.119891 0.118110 0.039370,
        -0.119891 0.118110 0.016891,
        0.196850 0.019685 0.000000,
        0.177165 0.019685 0.000000,
        0.177165 0.098425 0.000000,
        0.078740 0.098425 0.000000,
        0.177165 -0.019685 0.000000,
        0.196850 -0.019685 0.000000,
        0.177165 -0.098425 0.000000,
        0.078740 -0.098425 0.000000,
        -0.196850 -0.019685 0.000000,
        -0.177165 -0.019685 0.000000,
        -0.177165 -0.098425 0.000000,
        -0.078740 -0.098425 0.000000,
        -0.177165 0.019685 0.000000,
        -0.196850 0.019685 0.000000,
        -0.177165 0.098425 0.000000,
        -0.078740 0.098425 0.000000,
        -0.196850 -0.019685 0.047244,
        -0.196850 0.019685 0.047244,
        -0.177165 0.019685 -0.007874,
        -0.177165 0.098425 -0.007874,
        -0.177165 -0.019685 -0.007874,
        -0.177165 -0.098425 -0.007874,
        0.177165 -0.019685 -0.007874,
        0.177165 -0.098425 -0.007874,
        0.196850 0.019685 0.047244,
        0.196850 -0.019685 0.047244,
        0.079095 -0.118110 0.016891,
        0.079095 -0.118110 0.039370,
        0.119891 -0.118110 0.039370,
        0.119891 -0.118110 0.016891,
        -0.079095 -0.118110 0.016891,
        -0.079095 -0.118110 0.039370,
        -0.119891 -0.118110 0.039370,
        -0.119891 -0.118110 0.016891,
        0.078740 0.098425 -0.007874,
        0.078740 -0.098425 -0.007874,
        0.177165 0.098425 -0.007874,
        0.177165 0.019685 -0.007874,
        0.200787 -0.019685 -0.007874,
        0.200787 0.019685 -0.007874,
        0.200787 -0.019685 0.047244,
        0.200787 0.019685 0.047244,
        -0.078740 -0.098425 -0.007874,
        -0.078740 0.098425 -0.007874,
        -0.200787 0.019685 -0.007874,
        -0.200787 -0.019685 -0.007874,
        -0.200787 0.019685 0.047244,
        -0.200787 -0.019685 0.047244,
        -0.079095 0.122047 0.016891,
        -0.079095 0.122047 0.039370,
        -0.119891 0.122047 0.016891,
        -0.119891 0.122047 0.039370,
        0.119891 0.122047 0.016891,
        0.119891 0.122047 0.039370,
        0.079095 0.122047 0.016891,
        0.079095 0.122047 0.039370,
        -0.079095 -0.122047 0.039370,
        -0.079095 -0.122047 0.016891,
        -0.119891 -0.122047 0.039370,
        -0.119891 -0.122047 0.016891,
        0.119891 -0.122047 0.039370,
        0.119891 -0.122047 0.016891,
        0.079095 -0.122047 0.039370,
        0.079095 -0.122047 0.016891,
      ]
    }
    coordIndex [
      42, 43, 11, -1,
      11, 43, 15, -1,
      44, 42, 10, -1,
      10, 42, 11, -1,
      45, 44, 9, -1,
      9, 44, 10, -1,
      43, 31, 15, -1,
      15, 31, 14, -1,
      42, 44, 43, -1,
      43, 44, 45, -1,
      31, 43, 30, -1,
      30, 43, 45, -1,
      30, 45, 46, -1,
      46, 45, 47, -1,
      48, 49, 33, -1,
      33, 49, 32, -1,
      12, 30, 13, -1,
      13, 30, 46, -1,
      13, 46, 33, -1,
      33, 46, 48, -1,
      32, 49, 8, -1,
      8, 49, 47, -1,
      8, 47, 9, -1,
      9, 47, 45, -1,
      47, 49, 46, -1,
      46, 49, 48, -1,
      50, 51, 19, -1,
      19, 51, 23, -1,
      29, 50, 18, -1,
      18, 50, 19, -1,
      51, 27, 23, -1,
      23, 27, 22, -1,
      50, 29, 51, -1,
      51, 29, 28, -1,
      27, 51, 26, -1,
      26, 51, 28, -1,
      26, 28, 52, -1,
      52, 28, 53, -1,
      54, 55, 25, -1,
      25, 55, 24, -1,
      20, 26, 21, -1,
      21, 26, 52, -1,
      21, 52, 25, -1,
      25, 52, 54, -1,
      24, 55, 16, -1,
      16, 55, 53, -1,
      16, 53, 17, -1,
      17, 53, 28, -1,
      53, 55, 52, -1,
      52, 55, 54, -1,
      56, 57, 4, -1,
      4, 57, 5, -1,
      58, 56, 7, -1,
      7, 56, 4, -1,
      59, 58, 6, -1,
      6, 58, 7, -1,
      57, 59, 5, -1,
      5, 59, 6, -1,
      58, 59, 56, -1,
      56, 59, 57, -1,
      60, 61, 0, -1,
      0, 61, 1, -1,
      62, 60, 3, -1,
      3, 60, 0, -1,
      63, 62, 2, -1,
      2, 62, 3, -1,
      61, 63, 1, -1,
      1, 63, 2, -1,
      62, 63, 60, -1,
      60, 63, 61, -1,
      64, 65, 39, -1,
      39, 65, 38, -1,
      66, 64, 40, -1,
      40, 64, 39, -1,
      67, 66, 41, -1,
      41, 66, 40, -1,
      65, 67, 38, -1,
      38, 67, 41, -1,
      66, 67, 64, -1,
      64, 67, 65, -1,
      68, 69, 36, -1,
      36, 69, 37, -1,
      70, 68, 35, -1,
      35, 68, 36, -1,
      71, 70, 34, -1,
      34, 70, 35, -1,
      69, 71, 37, -1,
      37, 71, 34, -1,
      70, 71, 68, -1,
      68, 71, 69, -1,
    ]
  }
}

Shape {
  appearance Appearance {
    material Material {
      diffuseColor 1.0000 1.0000 1.0000
      specularColor 0.5020 0.5020 0.5020
      ambientIntensity 0.2
      transparency 0.0000
      shininess 0.5
    }
  }
  geometry IndexedFaceSet {
    ccw TRUE
    solid FALSE
    coord DEF co Coordinate {
      point [
        0.110061 0.038405 0.177165,
        0.110128 0.038378 0.177165,
        0.063012 0.038964 0.177165,
        0.064969 0.039199 0.177165,
        0.089159 0.024306 0.177165,
        0.081951 0.024306 0.177165,
        0.089159 0.015327 0.177165,
        0.081951 0.015327 0.177165,
        0.092253 0.038974 0.177165,
        0.089159 0.038974 0.177165,
        0.091495 0.024306 0.177165,
        0.092860 0.015327 0.177165,
        0.091495 0.027362 0.177165,
        0.092253 0.035904 0.177165,
        0.089159 0.027362 0.177165,
        0.089159 0.035904 0.177165,
        0.081951 0.035904 0.177165,
        0.081951 0.027362 0.177165,
        0.078505 0.012284 0.177165,
        0.092860 0.012284 0.177165,
        0.089159 0.012284 0.177165,
        0.078505 0.038974 0.177165,
        0.069538 0.039199 0.177165,
        0.070634 0.039094 0.177165,
        0.073163 0.038333 0.177165,
        0.073163 0.034730 0.177165,
        0.073163 0.016691 0.177165,
        0.073163 0.013389 0.177165,
        0.072708 0.013163 0.177165,
        0.069843 0.012223 0.177165,
        0.068130 0.012059 0.177165,
        0.072563 0.035044 0.177165,
        0.069818 0.036001 0.177165,
        0.067752 0.014970 0.177165,
        0.070734 0.015575 0.177165,
        0.056826 0.024333 0.177165,
        0.056796 0.025329 0.177165,
        0.066873 0.036313 0.177165,
        0.065866 0.036274 0.177165,
        0.063540 0.035832 0.177165,
        0.059133 0.032817 0.177165,
        0.057920 0.030884 0.177165,
        0.057106 0.028451 0.177165,
        0.057255 0.021665 0.177165,
        0.058119 0.019514 0.177165,
        0.059416 0.017715 0.177165,
        0.061735 0.015936 0.177165,
        0.063647 0.015212 0.177165,
        0.066272 0.014904 0.177165,
        0.061438 0.034866 0.177165,
        0.059600 0.033352 0.177165,
        0.059981 0.017159 0.177165,
        0.066839 0.039424 0.177165,
        0.067203 0.039422 0.177165,
        0.060218 0.037887 0.177165,
        0.055280 0.033266 0.177165,
        0.057035 0.035494 0.177165,
        0.057634 0.036070 0.177165,
        0.054374 0.019065 0.177165,
        0.053694 0.020828 0.177165,
        0.053180 0.025124 0.177165,
        0.053261 0.026947 0.177165,
        0.053939 0.030352 0.177165,
        0.054374 0.031296 0.177165,
        0.063394 0.012059 0.177165,
        0.061139 0.012550 0.177165,
        0.058638 0.013767 0.177165,
        0.056605 0.015477 0.177165,
        0.056358 0.015748 0.177165,
        0.054773 0.018032 0.177165,
        0.065774 0.011834 0.177165,
        0.064005 0.011926 0.177165,
        0.116863 0.034161 0.177165,
        0.118434 0.031727 0.177165,
        0.118811 0.020872 0.177165,
        0.117433 0.018146 0.177165,
        0.115606 0.035440 0.177165,
        0.110128 0.012978 0.177165,
        0.112781 0.014004 0.177165,
        0.115606 0.016023 0.177165,
        0.113220 0.037130 0.177165,
        0.119322 0.029076 0.177165,
        0.119631 0.025970 0.177165,
        0.119517 0.023946 0.177165,
        0.105516 0.038974 0.177165,
        0.106033 0.038967 0.177165,
        0.109730 0.012824 0.177165,
        0.105243 0.012284 0.177165,
        0.097902 0.012284 0.177165,
        0.097902 0.038974 0.177165,
        0.052088 0.015327 0.177165,
        0.052088 0.012284 0.177165,
        0.038013 0.012284 0.177165,
        0.038013 0.038974 0.177165,
        0.041459 0.038974 0.177165,
        0.041459 0.015327 0.177165,
        -0.134878 0.118110 0.177165,
        -0.134878 -0.118110 0.177165,
        -0.134878 0.118110 0.173228,
        -0.166516 0.118110 0.173228,
        -0.166516 0.118110 0.177165,
        -0.166516 -0.118110 0.177165,
        -0.166516 -0.118110 0.173228,
        -0.134878 -0.118110 0.173228,
        0.052088 0.015327 0.181102,
        0.052088 0.012284 0.181102,
        0.041459 0.015327 0.181102,
        0.041459 0.038974 0.181102,
        0.038013 0.038974 0.181102,
        0.038013 0.012284 0.181102,
        0.065774 0.011834 0.181102,
        0.069843 0.012223 0.181102,
        0.072708 0.013163 0.181102,
        0.073163 0.013389 0.181102,
        0.073163 0.016691 0.181102,
        0.070734 0.015575 0.181102,
        0.067752 0.014970 0.181102,
        0.066272 0.014904 0.181102,
        0.063647 0.015212 0.181102,
        0.061735 0.015936 0.181102,
        0.059981 0.017159 0.181102,
        0.059416 0.017715 0.181102,
        0.058119 0.019514 0.181102,
        0.057255 0.021665 0.181102,
        0.056826 0.024333 0.181102,
        0.056796 0.025329 0.181102,
        0.057106 0.028451 0.181102,
        0.057920 0.030884 0.181102,
        0.059133 0.032817 0.181102,
        0.059600 0.033352 0.181102,
        0.061438 0.034866 0.181102,
        0.063540 0.035832 0.181102,
        0.065866 0.036274 0.181102,
        0.066873 0.036313 0.181102,
        0.069818 0.036001 0.181102,
        0.072563 0.035044 0.181102,
        0.073163 0.034730 0.181102,
        0.073163 0.038333 0.181102,
        0.066839 0.039424 0.181102,
        0.067203 0.039422 0.181102,
        0.070634 0.039094 0.181102,
        0.063012 0.038964 0.181102,
        0.060218 0.037887 0.181102,
        0.057634 0.036070 0.181102,
        0.057035 0.035494 0.181102,
        0.055280 0.033266 0.181102,
        0.053939 0.030352 0.181102,
        0.053261 0.026947 0.181102,
        0.053180 0.025124 0.181102,
        0.053694 0.020828 0.181102,
        0.054773 0.018032 0.181102,
        0.056358 0.015748 0.181102,
        0.056605 0.015477 0.181102,
        0.064005 0.011926 0.181102,
        0.058638 0.013767 0.181102,
        0.061139 0.012550 0.181102,
        0.092860 0.015327 0.181102,
        0.092860 0.012284 0.181102,
        0.081951 0.015327 0.181102,
        0.081951 0.024306 0.181102,
        0.091495 0.024306 0.181102,
        0.091495 0.027362 0.181102,
        0.081951 0.027362 0.181102,
        0.081951 0.035904 0.181102,
        0.092253 0.035904 0.181102,
        0.092253 0.038974 0.181102,
        0.078505 0.038974 0.181102,
        0.078505 0.012284 0.181102,
        0.115606 0.016023 0.181102,
        0.117433 0.018146 0.181102,
        0.114483 0.019755 0.181102,
        0.115402 0.021737 0.181102,
        0.118811 0.020872 0.181102,
        0.115920 0.024181 0.181102,
        0.119517 0.023946 0.181102,
        0.116009 0.025875 0.181102,
        0.119631 0.025970 0.181102,
        0.115699 0.028864 0.181102,
        0.119322 0.029076 0.181102,
        0.114991 0.030908 0.181102,
        0.118434 0.031727 0.181102,
        0.113999 0.032457 0.181102,
        0.116863 0.034161 0.181102,
        0.113082 0.033393 0.181102,
        0.115606 0.035440 0.181102,
        0.111142 0.034684 0.181102,
        0.113220 0.037130 0.181102,
        0.108830 0.035521 0.181102,
        0.110061 0.038405 0.181102,
        0.106033 0.038967 0.181102,
        0.105380 0.035904 0.181102,
        0.105516 0.038974 0.181102,
        0.101347 0.035904 0.181102,
        0.097902 0.038974 0.181102,
        0.101347 0.015327 0.181102,
        0.097902 0.012284 0.181102,
        0.105222 0.015327 0.181102,
        0.105243 0.012284 0.181102,
        0.108369 0.015637 0.181102,
        0.109730 0.012824 0.181102,
        0.110717 0.016419 0.181102,
        0.112781 0.014004 0.181102,
        0.112522 0.017546 0.181102,
        0.113157 0.018111 0.181102,
        0.105380 0.035904 0.177165,
        0.101347 0.035904 0.177165,
        0.101347 0.015327 0.177165,
        0.105222 0.015327 0.177165,
        0.113157 0.018111 0.177165,
        0.112522 0.017546 0.177165,
        0.110717 0.016419 0.177165,
        0.108369 0.015637 0.177165,
        0.116009 0.025875 0.177165,
        0.115920 0.024181 0.177165,
        0.115402 0.021737 0.177165,
        0.114483 0.019755 0.177165,
        0.113082 0.033393 0.177165,
        0.113999 0.032457 0.177165,
        0.114991 0.030908 0.177165,
        0.115699 0.028864 0.177165,
        0.108830 0.035521 0.177165,
        0.111142 0.034684 0.177165,
      ]
    }
    coordIndex [
      98, 103, 96, -1,
      96, 103, 97, -1,
      102, 99, 101, -1,
      101, 99, 100, -1,
      99, 102, 98, -1,
      98, 102, 103, -1,
      104, 105, 90, -1,
      90, 105, 91, -1,
      106, 104, 95, -1,
      95, 104, 90, -1,
      107, 106, 94, -1,
      94, 106, 95, -1,
      108, 107, 93, -1,
      93, 107, 94, -1,
      109, 108, 92, -1,
      92, 108, 93, -1,
      105, 109, 91, -1,
      91, 109, 92, -1,
      107, 108, 106, -1,
      106, 108, 109, -1,
      106, 109, 104, -1,
      104, 109, 105, -1,
      70, 30, 110, -1,
      110, 30, 111, -1,
      30, 29, 111, -1,
      111, 29, 28, -1,
      111, 28, 112, -1,
      112, 28, 27, -1,
      112, 27, 113, -1,
      114, 113, 26, -1,
      26, 113, 27, -1,
      114, 26, 34, -1,
      114, 34, 115, -1,
      115, 34, 33, -1,
      115, 33, 116, -1,
      116, 33, 48, -1,
      116, 48, 117, -1,
      117, 48, 47, -1,
      117, 47, 118, -1,
      118, 47, 46, -1,
      118, 46, 119, -1,
      119, 46, 51, -1,
      119, 51, 120, -1,
      120, 51, 45, -1,
      120, 45, 121, -1,
      121, 45, 44, -1,
      121, 44, 122, -1,
      122, 44, 43, -1,
      122, 43, 123, -1,
      123, 43, 35, -1,
      123, 35, 124, -1,
      124, 35, 36, -1,
      124, 36, 125, -1,
      125, 36, 42, -1,
      125, 42, 126, -1,
      126, 42, 41, -1,
      126, 41, 127, -1,
      127, 41, 40, -1,
      127, 40, 128, -1,
      128, 40, 50, -1,
      128, 50, 129, -1,
      129, 50, 49, -1,
      129, 49, 130, -1,
      130, 49, 39, -1,
      130, 39, 131, -1,
      131, 39, 38, -1,
      131, 38, 132, -1,
      132, 38, 37, -1,
      132, 37, 133, -1,
      133, 37, 32, -1,
      133, 32, 134, -1,
      134, 32, 31, -1,
      134, 31, 135, -1,
      135, 31, 25, -1,
      135, 25, 136, -1,
      137, 136, 24, -1,
      24, 136, 25, -1,
      52, 138, 139, -1,
      137, 24, 23, -1,
      137, 23, 140, -1,
      140, 23, 22, -1,
      140, 22, 139, -1,
      139, 22, 53, -1,
      139, 53, 52, -1,
      138, 52, 3, -1,
      138, 3, 141, -1,
      3, 2, 141, -1,
      141, 2, 54, -1,
      141, 54, 142, -1,
      142, 54, 57, -1,
      142, 57, 143, -1,
      143, 57, 56, -1,
      143, 56, 144, -1,
      144, 56, 55, -1,
      144, 55, 145, -1,
      145, 55, 63, -1,
      145, 63, 146, -1,
      63, 62, 146, -1,
      146, 62, 61, -1,
      146, 61, 147, -1,
      147, 61, 60, -1,
      147, 60, 148, -1,
      148, 60, 59, -1,
      148, 59, 149, -1,
      149, 59, 58, -1,
      149, 58, 150, -1,
      58, 69, 150, -1,
      150, 69, 68, -1,
      150, 68, 151, -1,
      151, 68, 67, -1,
      151, 67, 152, -1,
      70, 110, 153, -1,
      152, 67, 66, -1,
      152, 66, 154, -1,
      154, 66, 65, -1,
      154, 65, 155, -1,
      155, 65, 64, -1,
      155, 64, 153, -1,
      153, 64, 71, -1,
      153, 71, 70, -1,
      135, 136, 137, -1,
      130, 131, 141, -1,
      126, 127, 145, -1,
      141, 131, 138, -1,
      135, 137, 134, -1,
      145, 127, 144, -1,
      131, 132, 138, -1,
      138, 132, 133, -1,
      138, 133, 139, -1,
      139, 133, 134, -1,
      139, 134, 140, -1,
      140, 134, 137, -1,
      113, 114, 112, -1,
      112, 114, 115, -1,
      112, 115, 111, -1,
      111, 115, 116, -1,
      111, 116, 110, -1,
      110, 116, 117, -1,
      110, 117, 153, -1,
      153, 117, 118, -1,
      153, 118, 155, -1,
      155, 118, 119, -1,
      155, 119, 154, -1,
      154, 119, 120, -1,
      154, 120, 152, -1,
      152, 120, 121, -1,
      152, 121, 151, -1,
      151, 121, 122, -1,
      151, 122, 150, -1,
      150, 122, 149, -1,
      149, 122, 123, -1,
      149, 123, 148, -1,
      141, 142, 130, -1,
      130, 142, 143, -1,
      130, 143, 129, -1,
      129, 143, 144, -1,
      129, 144, 128, -1,
      128, 144, 127, -1,
      123, 124, 148, -1,
      148, 124, 125, -1,
      148, 125, 147, -1,
      147, 125, 126, -1,
      147, 126, 146, -1,
      146, 126, 145, -1,
      156, 157, 11, -1,
      11, 157, 19, -1,
      7, 158, 6, -1,
      6, 158, 156, -1,
      6, 156, 11, -1,
      159, 158, 5, -1,
      5, 158, 7, -1,
      159, 5, 160, -1,
      160, 5, 4, -1,
      160, 4, 10, -1,
      161, 160, 12, -1,
      12, 160, 10, -1,
      17, 162, 14, -1,
      14, 162, 161, -1,
      14, 161, 12, -1,
      163, 162, 16, -1,
      16, 162, 17, -1,
      163, 16, 164, -1,
      164, 16, 15, -1,
      164, 15, 13, -1,
      165, 164, 8, -1,
      8, 164, 13, -1,
      21, 166, 9, -1,
      9, 166, 165, -1,
      9, 165, 8, -1,
      167, 166, 18, -1,
      18, 166, 21, -1,
      167, 18, 157, -1,
      157, 18, 20, -1,
      157, 20, 19, -1,
      167, 157, 156, -1,
      156, 158, 167, -1,
      167, 158, 159, -1,
      167, 159, 166, -1,
      164, 165, 163, -1,
      163, 165, 166, -1,
      163, 166, 162, -1,
      162, 166, 159, -1,
      162, 159, 161, -1,
      161, 159, 160, -1,
      168, 169, 170, -1,
      170, 169, 171, -1,
      171, 169, 172, -1,
      171, 172, 173, -1,
      173, 172, 174, -1,
      173, 174, 175, -1,
      175, 174, 176, -1,
      175, 176, 177, -1,
      177, 176, 178, -1,
      177, 178, 179, -1,
      179, 178, 180, -1,
      179, 180, 181, -1,
      181, 180, 182, -1,
      181, 182, 183, -1,
      183, 182, 184, -1,
      183, 184, 185, -1,
      185, 184, 186, -1,
      185, 186, 187, -1,
      186, 188, 187, -1,
      187, 188, 189, -1,
      187, 189, 190, -1,
      190, 189, 191, -1,
      190, 191, 192, -1,
      192, 191, 193, -1,
      192, 193, 194, -1,
      194, 193, 195, -1,
      194, 195, 196, -1,
      196, 195, 197, -1,
      196, 197, 198, -1,
      198, 197, 199, -1,
      198, 199, 200, -1,
      200, 199, 201, -1,
      200, 201, 202, -1,
      202, 201, 168, -1,
      202, 168, 203, -1,
      203, 168, 170, -1,
      197, 195, 87, -1,
      87, 195, 88, -1,
      79, 168, 201, -1,
      197, 87, 86, -1,
      197, 86, 199, -1,
      199, 86, 77, -1,
      199, 77, 201, -1,
      201, 77, 78, -1,
      201, 78, 79, -1,
      168, 79, 75, -1,
      168, 75, 169, -1,
      169, 75, 74, -1,
      169, 74, 172, -1,
      172, 74, 83, -1,
      172, 83, 174, -1,
      174, 83, 82, -1,
      174, 82, 176, -1,
      176, 82, 81, -1,
      176, 81, 178, -1,
      178, 81, 73, -1,
      178, 73, 180, -1,
      180, 73, 72, -1,
      180, 72, 182, -1,
      182, 72, 76, -1,
      182, 76, 184, -1,
      184, 76, 80, -1,
      184, 80, 186, -1,
      186, 80, 1, -1,
      186, 1, 188, -1,
      1, 0, 188, -1,
      188, 0, 85, -1,
      188, 85, 189, -1,
      189, 85, 84, -1,
      189, 84, 191, -1,
      193, 191, 89, -1,
      89, 191, 84, -1,
      195, 193, 88, -1,
      88, 193, 89, -1,
      190, 192, 204, -1,
      204, 192, 205, -1,
      192, 194, 205, -1,
      205, 194, 206, -1,
      194, 196, 206, -1,
      206, 196, 207, -1,
      203, 208, 209, -1,
      203, 209, 202, -1,
      202, 209, 210, -1,
      202, 210, 200, -1,
      200, 210, 211, -1,
      200, 211, 198, -1,
      198, 211, 207, -1,
      198, 207, 196, -1,
      175, 212, 213, -1,
      175, 213, 173, -1,
      173, 213, 214, -1,
      173, 214, 171, -1,
      171, 214, 215, -1,
      171, 215, 170, -1,
      170, 215, 208, -1,
      170, 208, 203, -1,
      183, 216, 217, -1,
      183, 217, 181, -1,
      181, 217, 218, -1,
      181, 218, 179, -1,
      179, 218, 219, -1,
      179, 219, 177, -1,
      177, 219, 212, -1,
      177, 212, 175, -1,
      190, 204, 220, -1,
      190, 220, 187, -1,
      187, 220, 221, -1,
      187, 221, 185, -1,
      185, 221, 216, -1,
      185, 216, 183, -1,
    ]
  }
}

Shape {
  appearance Appearance {
    material Material {
      diffuseColor 0.2235 0.2235 0.2235
      specularColor 0.1137 0.1137 0.1137
      ambientIntensity 0.2
      transparency 0.0000
      shininess 0.5
    }
  }
  geometry IndexedFaceSet {
    ccw TRUE
    solid FALSE
    coord DEF co Coordinate {
      point [
        0.105380 0.035904 0.177165,
        0.101347 0.035904 0.177165,
        0.101347 0.015327 0.177165,
        0.105222 0.015327 0.177165,
        0.113157 0.018111 0.177165,
        0.112522 0.017546 0.177165,
        0.110717 0.016419 0.177165,
        0.108369 0.015637 0.177165,
        0.116009 0.025875 0.177165,
        0.115920 0.024181 0.177165,
        0.115402 0.021737 0.177165,
        0.114483 0.019755 0.177165,
        0.113082 0.033393 0.177165,
        0.113999 0.032457 0.177165,
        0.114991 0.030908 0.177165,
        0.115699 0.028864 0.177165,
        0.108830 0.035521 0.177165,
        0.111142 0.034684 0.177165,
      ]
    }
    coordIndex [
      1, 2, 0, -1,
      0, 2, 3, -1,
      3, 8, 15, -1,
      7, 6, 5, -1,
      11, 10, 3, -1,
      3, 10, 9, -1,
      3, 9, 8, -1,
      15, 14, 3, -1,
      3, 14, 13, -1,
      3, 13, 12, -1,
      7, 5, 3, -1,
      3, 5, 4, -1,
      3, 4, 11, -1,
      12, 17, 3, -1,
      3, 17, 16, -1,
      3, 16, 0, -1,
    ]
  }
}

Shape {
  appearance Appearance {
    material Material {
      diffuseColor 1.0000 1.0000 1.0000
      specularColor 0.5020 0.5020 0.5020
      ambientIntensity 0.2
      transparency 0.0000
      shininess 0.5
    }
  }
  geometry IndexedFaceSet {
    ccw TRUE
    solid FALSE
    coord DEF co Coordinate {
      point [
        0.141320 0.012284 0.177165,
        0.138598 0.019584 0.177165,
        0.128805 0.019584 0.177165,
        0.145128 0.012284 0.177165,
        0.134962 0.038974 0.177165,
        0.124919 0.012284 0.177165,
        0.121112 0.012284 0.177165,
        0.127484 0.019584 0.177165,
        0.128805 0.032481 0.177165,
        0.131278 0.038974 0.177165,
        0.128576 0.022600 0.181102,
        0.127484 0.019584 0.181102,
        0.137534 0.022600 0.181102,
        0.138598 0.019584 0.181102,
        0.132567 0.033693 0.181102,
        0.131278 0.038974 0.181102,
        0.121112 0.012284 0.181102,
        0.124919 0.012284 0.181102,
        0.132798 0.034490 0.181102,
        0.133004 0.035563 0.181102,
        0.134962 0.038974 0.181102,
        0.133086 0.035563 0.181102,
        0.133302 0.034433 0.181102,
        0.133502 0.033693 0.181102,
        0.145128 0.012284 0.181102,
        0.141320 0.012284 0.181102,
        0.128576 0.022600 0.177165,
        0.137534 0.022600 0.177165,
        0.133502 0.033693 0.177165,
        0.133086 0.035563 0.177165,
        0.133302 0.034433 0.177165,
        0.133004 0.035563 0.177165,
        0.132567 0.033693 0.177165,
        0.132798 0.034490 0.177165,
      ]
    }
    coordIndex [
      10, 11, 12, -1,
      12, 11, 13, -1,
      14, 15, 10, -1,
      10, 15, 16, -1,
      10, 16, 11, -1,
      11, 16, 17, -1,
      14, 18, 15, -1,
      15, 18, 19, -1,
      15, 19, 20, -1,
      20, 19, 21, -1,
      20, 21, 22, -1,
      22, 23, 20, -1,
      20, 23, 12, -1,
      20, 12, 24, -1,
      24, 12, 13, -1,
      24, 13, 25, -1,
      20, 24, 4, -1,
      4, 24, 3, -1,
      15, 20, 9, -1,
      9, 20, 4, -1,
      6, 16, 8, -1,
      8, 16, 15, -1,
      8, 15, 9, -1,
      17, 16, 5, -1,
      5, 16, 6, -1,
      11, 17, 7, -1,
      7, 17, 5, -1,
      1, 13, 2, -1,
      2, 13, 11, -1,
      2, 11, 7, -1,
      25, 13, 0, -1,
      0, 13, 1, -1,
      24, 25, 3, -1,
      3, 25, 0, -1,
      10, 12, 26, -1,
      26, 12, 27, -1,
      12, 23, 27, -1,
      27, 23, 28, -1,
      21, 29, 30, -1,
      21, 30, 22, -1,
      22, 30, 28, -1,
      22, 28, 23, -1,
      21, 19, 29, -1,
      29, 19, 31, -1,
      14, 32, 33, -1,
      14, 33, 18, -1,
      18, 33, 31, -1,
      18, 31, 19, -1,
      14, 10, 32, -1,
      32, 10, 26, -1,
    ]
  }
}

Shape {
  appearance Appearance {
    material Material {
      diffuseColor 0.2235 0.2235 0.2235
      specularColor 0.1137 0.1137 0.1137
      ambientIntensity 0.2
      transparency 0.0000
      shininess 0.5
    }
  }
  geometry IndexedFaceSet {
    ccw TRUE
    solid FALSE
    coord DEF co Coordinate {
      point [
        0.128576 0.022600 0.177165,
        0.137534 0.022600 0.177165,
        0.133502 0.033693 0.177165,
        0.133086 0.035563 0.177165,
        0.133302 0.034433 0.177165,
        0.133004 0.035563 0.177165,
        0.132567 0.033693 0.177165,
        0.132798 0.034490 0.177165,
      ]
    }
    coordIndex [
      3, 5, 4, -1,
      4, 5, 7, -1,
      4, 7, 2, -1,
      2, 7, 6, -1,
      2, 6, 1, -1,
      1, 6, 0, -1,
    ]
  }
}

Shape {
  appearance Appearance {
    material Material {
      diffuseColor 1.0000 1.0000 1.0000
      specularColor 0.5020 0.5020 0.5020
      ambientIntensity 0.2
      transparency 0.0000
      shininess 0.5
    }
  }
  geometry IndexedFaceSet {
    ccw TRUE
    solid FALSE
    coord DEF co Coordinate {
      point [
        0.056142 -0.022139 0.177165,
        0.056844 -0.021054 0.177165,
        0.057430 -0.015579 0.177165,
        0.070885 -0.030057 0.177165,
        0.063444 -0.030282 0.177165,
        0.067541 -0.030057 0.177165,
        0.063503 -0.030274 0.177165,
        0.057835 -0.020156 0.177165,
        0.059203 -0.019418 0.177165,
        0.059672 -0.014159 0.177165,
        0.061893 -0.018731 0.177165,
        0.061764 -0.013465 0.177165,
        0.059534 -0.030254 0.177165,
        0.058266 -0.029757 0.177165,
        0.067541 -0.027109 0.177165,
        0.067453 -0.027109 0.177165,
        0.066603 -0.028314 0.177165,
        0.055730 -0.023357 0.177165,
        0.055568 -0.024954 0.177165,
        0.055772 -0.026630 0.177165,
        0.056203 -0.027728 0.177165,
        0.067541 -0.017940 0.177165,
        0.067456 -0.016658 0.177165,
        0.067128 -0.015386 0.177165,
        0.065503 -0.029332 0.177165,
        0.064830 -0.029754 0.177165,
        0.057205 -0.029006 0.177165,
        0.056919 -0.028723 0.177165,
        0.069330 -0.012549 0.177165,
        0.070031 -0.013593 0.177165,
        0.070575 -0.015047 0.177165,
        0.057430 -0.012332 0.177165,
        0.058472 -0.011753 0.177165,
        0.061025 -0.010869 0.177165,
        0.066749 -0.014670 0.177165,
        0.066259 -0.014112 0.177165,
        0.065685 -0.013713 0.177165,
        0.064945 -0.013425 0.177165,
        0.063680 -0.013273 0.177165,
        0.063994 -0.010558 0.177165,
        0.066132 -0.010765 0.177165,
        0.067511 -0.011209 0.177165,
        0.070885 -0.017790 0.177165,
        0.068600 -0.011857 0.177165,
        0.061613 -0.030507 0.177165,
        0.061111 -0.030494 0.177165,
        0.059715 -0.030282 0.177165,
        0.038013 -0.030057 0.177165,
        0.052368 -0.030057 0.177165,
        0.052368 -0.027014 0.177165,
        0.051761 -0.006437 0.177165,
        0.038013 -0.003367 0.177165,
        0.051761 -0.003367 0.177165,
        0.041459 -0.018035 0.177165,
        0.041459 -0.027014 0.177165,
        0.051004 -0.018035 0.177165,
        0.051004 -0.014979 0.177165,
        0.041459 -0.014979 0.177165,
        0.041459 -0.006437 0.177165,
        0.052368 -0.027014 0.181102,
        0.052368 -0.030057 0.181102,
        0.041459 -0.027014 0.181102,
        0.041459 -0.018035 0.181102,
        0.051004 -0.018035 0.181102,
        0.051004 -0.014979 0.181102,
        0.041459 -0.014979 0.181102,
        0.041459 -0.006437 0.181102,
        0.051761 -0.006437 0.181102,
        0.051761 -0.003367 0.181102,
        0.038013 -0.003367 0.181102,
        0.038013 -0.030057 0.181102,
        0.063080 -0.021092 0.181102,
        0.067541 -0.020491 0.181102,
        0.070885 -0.017790 0.181102,
        0.067541 -0.030057 0.181102,
        0.070885 -0.030057 0.181102,
        0.067541 -0.027109 0.181102,
        0.067541 -0.017940 0.181102,
        0.060296 -0.021921 0.181102,
        0.061099 -0.021546 0.181102,
        0.067456 -0.016658 0.181102,
        0.070575 -0.015047 0.181102,
        0.067128 -0.015386 0.181102,
        0.070031 -0.013593 0.181102,
        0.066749 -0.014670 0.181102,
        0.069330 -0.012549 0.181102,
        0.066259 -0.014112 0.181102,
        0.068600 -0.011857 0.181102,
        0.065685 -0.013713 0.181102,
        0.067511 -0.011209 0.181102,
        0.064945 -0.013425 0.181102,
        0.066132 -0.010765 0.181102,
        0.063680 -0.013273 0.181102,
        0.063994 -0.010558 0.181102,
        0.061764 -0.013465 0.181102,
        0.061025 -0.010869 0.181102,
        0.059672 -0.014159 0.181102,
        0.058472 -0.011753 0.181102,
        0.057430 -0.015579 0.181102,
        0.057430 -0.012332 0.181102,
        0.067541 -0.022320 0.181102,
        0.067341 -0.023965 0.181102,
        0.066866 -0.025166 0.181102,
        0.067453 -0.027109 0.181102,
        0.066109 -0.026209 0.181102,
        0.066603 -0.028314 0.181102,
        0.065761 -0.026555 0.181102,
        0.065503 -0.029332 0.181102,
        0.064831 -0.027211 0.181102,
        0.064830 -0.029754 0.181102,
        0.063831 -0.027599 0.181102,
        0.063503 -0.030274 0.181102,
        0.062479 -0.027764 0.181102,
        0.061613 -0.030507 0.181102,
        0.062115 -0.027752 0.181102,
        0.061111 -0.030494 0.181102,
        0.061213 -0.027601 0.181102,
        0.059534 -0.030254 0.181102,
        0.060480 -0.027299 0.181102,
        0.058266 -0.029757 0.181102,
        0.059928 -0.026905 0.181102,
        0.057205 -0.029006 0.181102,
        0.059619 -0.026590 0.181102,
        0.061893 -0.018731 0.181102,
        0.059203 -0.019418 0.181102,
        0.059846 -0.022265 0.181102,
        0.057835 -0.020156 0.181102,
        0.059448 -0.022757 0.181102,
        0.056844 -0.021054 0.181102,
        0.059154 -0.023380 0.181102,
        0.056142 -0.022139 0.181102,
        0.058987 -0.024145 0.181102,
        0.055730 -0.023357 0.181102,
        0.058959 -0.024681 0.181102,
        0.055568 -0.024954 0.181102,
        0.059034 -0.025406 0.181102,
        0.055772 -0.026630 0.181102,
        0.059246 -0.026020 0.181102,
        0.056203 -0.027728 0.181102,
        0.056919 -0.028723 0.181102,
        0.059846 -0.022265 0.177165,
        0.060296 -0.021921 0.177165,
        0.061099 -0.021546 0.177165,
        0.063080 -0.021092 0.177165,
        0.058959 -0.024681 0.177165,
        0.058987 -0.024145 0.177165,
        0.059154 -0.023380 0.177165,
        0.059448 -0.022757 0.177165,
        0.059928 -0.026905 0.177165,
        0.059619 -0.026590 0.177165,
        0.059246 -0.026020 0.177165,
        0.059034 -0.025406 0.177165,
        0.062479 -0.027764 0.177165,
        0.062115 -0.027752 0.177165,
        0.061213 -0.027601 0.177165,
        0.060480 -0.027299 0.177165,
        0.066109 -0.026209 0.177165,
        0.065761 -0.026555 0.177165,
        0.064831 -0.027211 0.177165,
        0.063831 -0.027599 0.177165,
        0.067541 -0.022320 0.177165,
        0.067341 -0.023965 0.177165,
        0.066866 -0.025166 0.177165,
        0.067541 -0.020491 0.177165,
      ]
    }
    coordIndex [
      59, 60, 49, -1,
      49, 60, 48, -1,
      61, 59, 54, -1,
      54, 59, 49, -1,
      62, 61, 53, -1,
      53, 61, 54, -1,
      63, 62, 55, -1,
      55, 62, 53, -1,
      64, 63, 56, -1,
      56, 63, 55, -1,
      65, 64, 57, -1,
      57, 64, 56, -1,
      66, 65, 58, -1,
      58, 65, 57, -1,
      67, 66, 50, -1,
      50, 66, 58, -1,
      68, 67, 52, -1,
      52, 67, 50, -1,
      69, 68, 51, -1,
      51, 68, 52, -1,
      70, 69, 47, -1,
      47, 69, 51, -1,
      60, 70, 48, -1,
      48, 70, 47, -1,
      70, 60, 59, -1,
      59, 61, 70, -1,
      70, 61, 62, -1,
      70, 62, 69, -1,
      67, 68, 66, -1,
      66, 68, 69, -1,
      66, 69, 65, -1,
      65, 69, 62, -1,
      65, 62, 64, -1,
      64, 62, 63, -1,
      71, 72, 73, -1,
      74, 75, 76, -1,
      76, 75, 73, -1,
      77, 78, 79, -1,
      79, 71, 77, -1,
      77, 71, 73, -1,
      77, 73, 80, -1,
      80, 73, 81, -1,
      80, 81, 82, -1,
      82, 81, 83, -1,
      82, 83, 84, -1,
      84, 83, 85, -1,
      84, 85, 86, -1,
      86, 85, 87, -1,
      86, 87, 88, -1,
      88, 87, 89, -1,
      88, 89, 90, -1,
      90, 89, 91, -1,
      90, 91, 92, -1,
      92, 91, 93, -1,
      92, 93, 94, -1,
      94, 93, 95, -1,
      94, 95, 96, -1,
      96, 95, 97, -1,
      96, 97, 98, -1,
      98, 97, 99, -1,
      72, 100, 73, -1,
      73, 100, 101, -1,
      73, 101, 76, -1,
      76, 101, 102, -1,
      76, 102, 103, -1,
      103, 102, 104, -1,
      103, 104, 105, -1,
      105, 104, 106, -1,
      105, 106, 107, -1,
      107, 106, 108, -1,
      107, 108, 109, -1,
      109, 108, 110, -1,
      109, 110, 111, -1,
      111, 110, 112, -1,
      111, 112, 113, -1,
      113, 112, 114, -1,
      113, 114, 115, -1,
      115, 114, 116, -1,
      115, 116, 117, -1,
      117, 116, 118, -1,
      117, 118, 119, -1,
      119, 118, 120, -1,
      119, 120, 121, -1,
      121, 120, 122, -1,
      77, 123, 78, -1,
      78, 123, 124, -1,
      78, 124, 125, -1,
      125, 124, 126, -1,
      125, 126, 127, -1,
      127, 126, 128, -1,
      127, 128, 129, -1,
      129, 128, 130, -1,
      129, 130, 131, -1,
      131, 130, 132, -1,
      131, 132, 133, -1,
      133, 132, 134, -1,
      133, 134, 135, -1,
      135, 134, 136, -1,
      135, 136, 137, -1,
      137, 136, 138, -1,
      137, 138, 122, -1,
      122, 138, 139, -1,
      122, 139, 121, -1,
      93, 39, 33, -1,
      93, 33, 95, -1,
      95, 33, 32, -1,
      95, 32, 97, -1,
      97, 32, 31, -1,
      97, 31, 99, -1,
      98, 99, 2, -1,
      2, 99, 31, -1,
      98, 2, 9, -1,
      98, 9, 96, -1,
      96, 9, 11, -1,
      96, 11, 94, -1,
      94, 11, 38, -1,
      94, 38, 92, -1,
      92, 38, 37, -1,
      92, 37, 90, -1,
      90, 37, 36, -1,
      90, 36, 88, -1,
      88, 36, 35, -1,
      88, 35, 86, -1,
      86, 35, 34, -1,
      86, 34, 84, -1,
      84, 34, 23, -1,
      84, 23, 82, -1,
      82, 23, 22, -1,
      82, 22, 80, -1,
      80, 22, 21, -1,
      80, 21, 77, -1,
      123, 77, 10, -1,
      10, 77, 21, -1,
      123, 10, 8, -1,
      123, 8, 124, -1,
      124, 8, 7, -1,
      124, 7, 126, -1,
      126, 7, 1, -1,
      126, 1, 128, -1,
      128, 1, 0, -1,
      128, 0, 130, -1,
      130, 0, 17, -1,
      130, 17, 132, -1,
      132, 17, 18, -1,
      132, 18, 134, -1,
      134, 18, 19, -1,
      134, 19, 136, -1,
      136, 19, 20, -1,
      136, 20, 138, -1,
      138, 20, 27, -1,
      138, 27, 139, -1,
      139, 27, 26, -1,
      139, 26, 121, -1,
      44, 113, 115, -1,
      121, 26, 13, -1,
      121, 13, 119, -1,
      119, 13, 12, -1,
      119, 12, 117, -1,
      117, 12, 46, -1,
      117, 46, 115, -1,
      115, 46, 45, -1,
      115, 45, 44, -1,
      44, 4, 113, -1,
      113, 4, 111, -1,
      4, 6, 111, -1,
      111, 6, 25, -1,
      111, 25, 109, -1,
      109, 25, 24, -1,
      109, 24, 107, -1,
      107, 24, 16, -1,
      107, 16, 105, -1,
      105, 16, 15, -1,
      105, 15, 103, -1,
      76, 103, 14, -1,
      14, 103, 15, -1,
      74, 76, 5, -1,
      5, 76, 14, -1,
      75, 74, 3, -1,
      3, 74, 5, -1,
      73, 75, 42, -1,
      42, 75, 3, -1,
      73, 42, 30, -1,
      73, 30, 81, -1,
      81, 30, 29, -1,
      81, 29, 83, -1,
      83, 29, 28, -1,
      83, 28, 85, -1,
      85, 28, 43, -1,
      85, 43, 87, -1,
      87, 43, 41, -1,
      87, 41, 89, -1,
      89, 41, 40, -1,
      89, 40, 91, -1,
      91, 40, 39, -1,
      91, 39, 93, -1,
      125, 140, 141, -1,
      125, 141, 78, -1,
      78, 141, 142, -1,
      78, 142, 79, -1,
      79, 142, 143, -1,
      79, 143, 71, -1,
      133, 144, 145, -1,
      133, 145, 131, -1,
      131, 145, 146, -1,
      131, 146, 129, -1,
      129, 146, 147, -1,
      129, 147, 127, -1,
      127, 147, 140, -1,
      127, 140, 125, -1,
      120, 148, 149, -1,
      120, 149, 122, -1,
      122, 149, 150, -1,
      122, 150, 137, -1,
      137, 150, 151, -1,
      137, 151, 135, -1,
      135, 151, 144, -1,
      135, 144, 133, -1,
      112, 152, 153, -1,
      112, 153, 114, -1,
      114, 153, 154, -1,
      114, 154, 116, -1,
      116, 154, 155, -1,
      116, 155, 118, -1,
      118, 155, 148, -1,
      118, 148, 120, -1,
      104, 156, 157, -1,
      104, 157, 106, -1,
      106, 157, 158, -1,
      106, 158, 108, -1,
      108, 158, 159, -1,
      108, 159, 110, -1,
      110, 159, 152, -1,
      110, 152, 112, -1,
      100, 160, 161, -1,
      100, 161, 101, -1,
      101, 161, 162, -1,
      101, 162, 102, -1,
      102, 162, 156, -1,
      102, 156, 104, -1,
      100, 72, 160, -1,
      160, 72, 163, -1,
      72, 71, 163, -1,
      163, 71, 143, -1,
    ]
  }
}

Shape {
  appearance Appearance {
    material Material {
      diffuseColor 0.2235 0.2235 0.2235
      specularColor 0.1137 0.1137 0.1137
      ambientIntensity 0.2
      transparency 0.0000
      shininess 0.5
    }
  }
  geometry IndexedFaceSet {
    ccw TRUE
    solid FALSE
    coord DEF co Coordinate {
      point [
        0.059846 -0.022265 0.177165,
        0.060296 -0.021921 0.177165,
        0.061099 -0.021546 0.177165,
        0.063080 -0.021092 0.177165,
        0.058959 -0.024681 0.177165,
        0.058987 -0.024145 0.177165,
        0.059154 -0.023380 0.177165,
        0.059448 -0.022757 0.177165,
        0.059928 -0.026905 0.177165,
        0.059619 -0.026590 0.177165,
        0.059246 -0.026020 0.177165,
        0.059034 -0.025406 0.177165,
        0.062479 -0.027764 0.177165,
        0.062115 -0.027752 0.177165,
        0.061213 -0.027601 0.177165,
        0.060480 -0.027299 0.177165,
        0.066109 -0.026209 0.177165,
        0.065761 -0.026555 0.177165,
        0.064831 -0.027211 0.177165,
        0.063831 -0.027599 0.177165,
        0.067541 -0.022320 0.177165,
        0.067341 -0.023965 0.177165,
        0.066866 -0.025166 0.177165,
        0.067541 -0.020491 0.177165,
      ]
    }
    coordIndex [
      19, 3, 12, -1,
      12, 3, 13, -1,
      3, 16, 22, -1,
      19, 18, 3, -1,
      3, 18, 17, -1,
      3, 17, 16, -1,
      22, 21, 3, -1,
      3, 21, 20, -1,
      3, 20, 23, -1,
      5, 2, 1, -1,
      2, 5, 3, -1,
      3, 5, 4, -1,
      3, 4, 11, -1,
      8, 15, 3, -1,
      3, 15, 14, -1,
      3, 14, 13, -1,
      11, 10, 3, -1,
      3, 10, 9, -1,
      3, 9, 8, -1,
      0, 7, 1, -1,
      1, 7, 6, -1,
      1, 6, 5, -1,
    ]
  }
}

Shape {
  appearance Appearance {
    material Material {
      diffuseColor 1.0000 1.0000 1.0000
      specularColor 0.5020 0.5020 0.5020
      ambientIntensity 0.2
      transparency 0.0000
      shininess 0.5
    }
  }
  geometry IndexedFaceSet {
    ccw TRUE
    solid FALSE
    coord DEF co Coordinate {
      point [
        0.083411 -0.030198 0.177165,
        0.082641 -0.030282 0.177165,
        0.075415 -0.025936 0.177165,
        0.076610 -0.026685 0.177165,
        0.076960 -0.019739 0.177165,
        0.076960 -0.026822 0.177165,
        0.077028 -0.019809 0.177165,
        0.075913 -0.013969 0.177165,
        0.075544 -0.015048 0.177165,
        0.076383 -0.019154 0.177165,
        0.075997 -0.018554 0.177165,
        0.075607 -0.017552 0.177165,
        0.075435 -0.016139 0.177165,
        0.076505 -0.013059 0.177165,
        0.075415 -0.029388 0.177165,
        0.076960 -0.029935 0.177165,
        0.077720 -0.030204 0.177165,
        0.078459 -0.030282 0.177165,
        0.080586 -0.030507 0.177165,
        0.087374 -0.011404 0.177165,
        0.087374 -0.014651 0.177165,
        0.087766 -0.027186 0.177165,
        0.087167 -0.028075 0.177165,
        0.088153 -0.026120 0.177165,
        0.076960 -0.012641 0.177165,
        0.077578 -0.012072 0.177165,
        0.078431 -0.011551 0.177165,
        0.080230 -0.010867 0.177165,
        0.082858 -0.010558 0.177165,
        0.085203 -0.010766 0.177165,
        0.086140 -0.028993 0.177165,
        0.085216 -0.029546 0.177165,
        0.087170 -0.021720 0.177165,
        0.087748 -0.022552 0.177165,
        0.088124 -0.023520 0.177165,
        0.088289 -0.024872 0.177165,
        0.082531 -0.013273 0.177165,
        0.079044 -0.016802 0.177165,
        0.079285 -0.017254 0.177165,
        0.079611 -0.017612 0.177165,
        0.080789 -0.018349 0.177165,
        0.084901 -0.013566 0.177165,
        0.082858 -0.019250 0.177165,
        0.086788 -0.014306 0.177165,
        0.083961 -0.019690 0.177165,
        0.086253 -0.020922 0.177165,
        0.078911 -0.016283 0.177165,
        0.081535 -0.013348 0.177165,
        0.078880 -0.015839 0.177165,
        0.080642 -0.013586 0.177165,
        0.079897 -0.013983 0.177165,
        0.079427 -0.014389 0.177165,
        0.079130 -0.014809 0.177165,
        0.078954 -0.015254 0.177165,
        0.078700 -0.027504 0.177165,
        0.080498 -0.021679 0.177165,
        0.078791 -0.020914 0.177165,
        0.080914 -0.027778 0.177165,
        0.081261 -0.027773 0.177165,
        0.082693 -0.022598 0.177165,
        0.082867 -0.027561 0.177165,
        0.084857 -0.025199 0.177165,
        0.084829 -0.024813 0.177165,
        0.083690 -0.027241 0.177165,
        0.083927 -0.027095 0.177165,
        0.084315 -0.026757 0.177165,
        0.084609 -0.026330 0.177165,
        0.084783 -0.025859 0.177165,
        0.084685 -0.024290 0.177165,
        0.084434 -0.023844 0.177165,
        0.083997 -0.023384 0.177165,
        0.104861 -0.010994 0.177165,
        0.108327 -0.010994 0.177165,
        0.098748 -0.025322 0.177165,
        0.099157 -0.026891 0.177165,
        0.099246 -0.026891 0.177165,
        0.095381 -0.015636 0.177165,
        0.099655 -0.025349 0.177165,
        0.099399 -0.026238 0.177165,
        0.095381 -0.024609 0.177165,
        0.090029 -0.010994 0.177165,
        0.093767 -0.010994 0.177165,
        0.097506 -0.030016 0.177165,
        0.097393 -0.030282 0.177165,
        0.096039 -0.033481 0.177165,
        0.090718 -0.038762 0.177165,
        0.090718 -0.035788 0.177165,
        0.092614 -0.036170 0.177165,
        0.092712 -0.036169 0.177165,
        0.091681 -0.036076 0.177165,
        0.094737 -0.035402 0.177165,
        0.095360 -0.034717 0.177165,
        0.095381 -0.034679 0.177165,
        0.095381 -0.038431 0.177165,
        0.094311 -0.038858 0.177165,
        0.092874 -0.039035 0.177165,
        0.091704 -0.038965 0.177165,
        0.093513 -0.036056 0.177165,
        0.094235 -0.035758 0.177165,
        0.096769 -0.037510 0.177165,
        0.095622 -0.038335 0.177165,
        0.100722 -0.030282 0.177165,
        0.099676 -0.032936 0.177165,
        0.098144 -0.035911 0.177165,
        0.120372 -0.018035 0.177165,
        0.115374 -0.018035 0.177165,
        0.120372 -0.027014 0.177165,
        0.115374 -0.027014 0.177165,
        0.125676 -0.003367 0.177165,
        0.125676 -0.006437 0.177165,
        0.126283 -0.027014 0.177165,
        0.126283 -0.030057 0.177165,
        0.124919 -0.018035 0.177165,
        0.124919 -0.014979 0.177165,
        0.120372 -0.014979 0.177165,
        0.120372 -0.006437 0.177165,
        0.115374 -0.006437 0.177165,
        0.115374 -0.014979 0.177165,
        0.120372 -0.030057 0.177165,
        0.111929 -0.030057 0.177165,
        0.111929 -0.003367 0.177165,
        0.120372 -0.003367 0.177165,
        0.146205 -0.028337 0.177165,
        0.149030 -0.026318 0.177165,
        0.150857 -0.024194 0.177165,
        0.152746 -0.013265 0.177165,
        0.153056 -0.016370 0.177165,
        0.152941 -0.018395 0.177165,
        0.152234 -0.021469 0.177165,
        0.143154 -0.029517 0.177165,
        0.138667 -0.030057 0.177165,
        0.131326 -0.030057 0.177165,
        0.131326 -0.003367 0.177165,
        0.138939 -0.003367 0.177165,
        0.149030 -0.006901 0.177165,
        0.150287 -0.008180 0.177165,
        0.151858 -0.010614 0.177165,
        0.139457 -0.003373 0.177165,
        0.143484 -0.003936 0.177165,
        0.146643 -0.005211 0.177165,
        0.075415 -0.025936 0.181102,
        0.076610 -0.026685 0.181102,
        0.080914 -0.027778 0.181102,
        0.078700 -0.027504 0.181102,
        0.075415 -0.029388 0.181102,
        0.077720 -0.030204 0.181102,
        0.080586 -0.030507 0.181102,
        0.083411 -0.030198 0.181102,
        0.085216 -0.029546 0.181102,
        0.086140 -0.028993 0.181102,
        0.087167 -0.028075 0.181102,
        0.087766 -0.027186 0.181102,
        0.088153 -0.026120 0.181102,
        0.088289 -0.024872 0.181102,
        0.088124 -0.023520 0.181102,
        0.087748 -0.022552 0.181102,
        0.087170 -0.021720 0.181102,
        0.086253 -0.020922 0.181102,
        0.083961 -0.019690 0.181102,
        0.082858 -0.019250 0.181102,
        0.080789 -0.018349 0.181102,
        0.079611 -0.017612 0.181102,
        0.079285 -0.017254 0.181102,
        0.079044 -0.016802 0.181102,
        0.078911 -0.016283 0.181102,
        0.078880 -0.015839 0.181102,
        0.078954 -0.015254 0.181102,
        0.079130 -0.014809 0.181102,
        0.079427 -0.014389 0.181102,
        0.079897 -0.013983 0.181102,
        0.080642 -0.013586 0.181102,
        0.081535 -0.013348 0.181102,
        0.082531 -0.013273 0.181102,
        0.084901 -0.013566 0.181102,
        0.086788 -0.014306 0.181102,
        0.087374 -0.014651 0.181102,
        0.087374 -0.011404 0.181102,
        0.085203 -0.010766 0.181102,
        0.082858 -0.010558 0.181102,
        0.080230 -0.010867 0.181102,
        0.078431 -0.011551 0.181102,
        0.077578 -0.012072 0.181102,
        0.076505 -0.013059 0.181102,
        0.075913 -0.013969 0.181102,
        0.075544 -0.015048 0.181102,
        0.075435 -0.016139 0.181102,
        0.075607 -0.017552 0.181102,
        0.075997 -0.018554 0.181102,
        0.076383 -0.019154 0.181102,
        0.077028 -0.019809 0.181102,
        0.078791 -0.020914 0.181102,
        0.080498 -0.021679 0.181102,
        0.082693 -0.022598 0.181102,
        0.083997 -0.023384 0.181102,
        0.084434 -0.023844 0.181102,
        0.084685 -0.024290 0.181102,
        0.084829 -0.024813 0.181102,
        0.084857 -0.025199 0.181102,
        0.084783 -0.025859 0.181102,
        0.084609 -0.026330 0.181102,
        0.084315 -0.026757 0.181102,
        0.083927 -0.027095 0.181102,
        0.083690 -0.027241 0.181102,
        0.082867 -0.027561 0.181102,
        0.081261 -0.027773 0.181102,
        0.104861 -0.010994 0.181102,
        0.108327 -0.010994 0.181102,
        0.099655 -0.025349 0.181102,
        0.099399 -0.026238 0.181102,
        0.099246 -0.026891 0.181102,
        0.099157 -0.026891 0.181102,
        0.098748 -0.025322 0.181102,
        0.093767 -0.010994 0.181102,
        0.090029 -0.010994 0.181102,
        0.097506 -0.030016 0.181102,
        0.096039 -0.033481 0.181102,
        0.095360 -0.034717 0.181102,
        0.094737 -0.035402 0.181102,
        0.094235 -0.035758 0.181102,
        0.093513 -0.036056 0.181102,
        0.092712 -0.036169 0.181102,
        0.092614 -0.036170 0.181102,
        0.091681 -0.036076 0.181102,
        0.090718 -0.035788 0.181102,
        0.090718 -0.038762 0.181102,
        0.091704 -0.038965 0.181102,
        0.092874 -0.039035 0.181102,
        0.094311 -0.038858 0.181102,
        0.095622 -0.038335 0.181102,
        0.096769 -0.037510 0.181102,
        0.098144 -0.035911 0.181102,
        0.099676 -0.032936 0.181102,
        0.126283 -0.027014 0.181102,
        0.126283 -0.030057 0.181102,
        0.115374 -0.027014 0.181102,
        0.115374 -0.018035 0.181102,
        0.124919 -0.018035 0.181102,
        0.124919 -0.014979 0.181102,
        0.115374 -0.014979 0.181102,
        0.115374 -0.006437 0.181102,
        0.125676 -0.006437 0.181102,
        0.125676 -0.003367 0.181102,
        0.111929 -0.003367 0.181102,
        0.111929 -0.030057 0.181102,
        0.142253 -0.006820 0.181102,
        0.139457 -0.003373 0.181102,
        0.138803 -0.006437 0.181102,
        0.138939 -0.003367 0.181102,
        0.134771 -0.006437 0.181102,
        0.131326 -0.003367 0.181102,
        0.134771 -0.027014 0.181102,
        0.131326 -0.030057 0.181102,
        0.138646 -0.027014 0.181102,
        0.138667 -0.030057 0.181102,
        0.141792 -0.026704 0.181102,
        0.143154 -0.029517 0.181102,
        0.144140 -0.025922 0.181102,
        0.146205 -0.028337 0.181102,
        0.145946 -0.024794 0.181102,
        0.149030 -0.026318 0.181102,
        0.146581 -0.024230 0.181102,
        0.147907 -0.022586 0.181102,
        0.150857 -0.024194 0.181102,
        0.148826 -0.020604 0.181102,
        0.152234 -0.021469 0.181102,
        0.149344 -0.018159 0.181102,
        0.152941 -0.018395 0.181102,
        0.149433 -0.016466 0.181102,
        0.153056 -0.016370 0.181102,
        0.149123 -0.013477 0.181102,
        0.152746 -0.013265 0.181102,
        0.148415 -0.011433 0.181102,
        0.151858 -0.010614 0.181102,
        0.147423 -0.009884 0.181102,
        0.150287 -0.008180 0.181102,
        0.146506 -0.008948 0.181102,
        0.149030 -0.006901 0.181102,
        0.144566 -0.007657 0.181102,
        0.146643 -0.005211 0.181102,
        0.143484 -0.003936 0.181102,
        0.138803 -0.006437 0.177165,
        0.134771 -0.006437 0.177165,
        0.134771 -0.027014 0.177165,
        0.138646 -0.027014 0.177165,
        0.146581 -0.024230 0.177165,
        0.145946 -0.024794 0.177165,
        0.144140 -0.025922 0.177165,
        0.141792 -0.026704 0.177165,
        0.149433 -0.016466 0.177165,
        0.149344 -0.018159 0.177165,
        0.148826 -0.020604 0.177165,
        0.147907 -0.022586 0.177165,
        0.146506 -0.008948 0.177165,
        0.147423 -0.009884 0.177165,
        0.148415 -0.011433 0.177165,
        0.149123 -0.013477 0.177165,
        0.142253 -0.006820 0.177165,
        0.144566 -0.007657 0.177165,
      ]
    }
    coordIndex [
      2, 140, 141, -1,
      142, 57, 54, -1,
      142, 54, 143, -1,
      143, 54, 5, -1,
      143, 5, 141, -1,
      141, 5, 3, -1,
      141, 3, 2, -1,
      144, 140, 14, -1,
      14, 140, 2, -1,
      14, 15, 144, -1,
      144, 15, 145, -1,
      18, 146, 17, -1,
      17, 146, 145, -1,
      17, 145, 16, -1,
      16, 145, 15, -1,
      18, 1, 146, -1,
      146, 1, 147, -1,
      1, 0, 147, -1,
      147, 0, 31, -1,
      147, 31, 148, -1,
      148, 31, 30, -1,
      148, 30, 149, -1,
      149, 30, 22, -1,
      149, 22, 150, -1,
      150, 22, 21, -1,
      150, 21, 151, -1,
      151, 21, 23, -1,
      151, 23, 152, -1,
      152, 23, 35, -1,
      152, 35, 153, -1,
      153, 35, 34, -1,
      153, 34, 154, -1,
      154, 34, 33, -1,
      154, 33, 155, -1,
      155, 33, 32, -1,
      155, 32, 156, -1,
      156, 32, 45, -1,
      156, 45, 157, -1,
      157, 45, 44, -1,
      157, 44, 158, -1,
      158, 44, 42, -1,
      158, 42, 159, -1,
      159, 42, 40, -1,
      159, 40, 160, -1,
      160, 40, 39, -1,
      160, 39, 161, -1,
      161, 39, 38, -1,
      161, 38, 162, -1,
      162, 38, 37, -1,
      162, 37, 163, -1,
      163, 37, 46, -1,
      163, 46, 164, -1,
      164, 46, 48, -1,
      164, 48, 165, -1,
      165, 48, 53, -1,
      165, 53, 166, -1,
      166, 53, 52, -1,
      166, 52, 167, -1,
      167, 52, 51, -1,
      167, 51, 168, -1,
      168, 51, 50, -1,
      168, 50, 169, -1,
      169, 50, 49, -1,
      169, 49, 170, -1,
      170, 49, 47, -1,
      170, 47, 171, -1,
      171, 47, 36, -1,
      171, 36, 172, -1,
      172, 36, 41, -1,
      172, 41, 173, -1,
      173, 41, 43, -1,
      173, 43, 174, -1,
      174, 43, 20, -1,
      174, 20, 175, -1,
      176, 175, 19, -1,
      19, 175, 20, -1,
      176, 19, 29, -1,
      176, 29, 177, -1,
      177, 29, 28, -1,
      177, 28, 178, -1,
      178, 28, 27, -1,
      178, 27, 179, -1,
      179, 27, 26, -1,
      179, 26, 180, -1,
      180, 26, 25, -1,
      180, 25, 181, -1,
      25, 24, 181, -1,
      181, 24, 182, -1,
      24, 13, 182, -1,
      182, 13, 7, -1,
      182, 7, 183, -1,
      183, 7, 8, -1,
      183, 8, 184, -1,
      184, 8, 12, -1,
      184, 12, 185, -1,
      185, 12, 11, -1,
      185, 11, 186, -1,
      186, 11, 10, -1,
      186, 10, 187, -1,
      187, 10, 9, -1,
      187, 9, 188, -1,
      9, 4, 188, -1,
      188, 4, 189, -1,
      4, 6, 189, -1,
      189, 6, 56, -1,
      189, 56, 190, -1,
      190, 56, 55, -1,
      190, 55, 191, -1,
      191, 55, 59, -1,
      191, 59, 192, -1,
      192, 59, 70, -1,
      192, 70, 193, -1,
      193, 70, 69, -1,
      193, 69, 194, -1,
      194, 69, 68, -1,
      194, 68, 195, -1,
      195, 68, 62, -1,
      195, 62, 196, -1,
      196, 62, 61, -1,
      196, 61, 197, -1,
      197, 61, 67, -1,
      197, 67, 198, -1,
      198, 67, 66, -1,
      198, 66, 199, -1,
      199, 66, 65, -1,
      199, 65, 200, -1,
      200, 65, 64, -1,
      200, 64, 201, -1,
      201, 64, 63, -1,
      201, 63, 202, -1,
      202, 63, 60, -1,
      202, 60, 203, -1,
      203, 60, 58, -1,
      203, 58, 204, -1,
      204, 58, 57, -1,
      204, 57, 142, -1,
      199, 200, 149, -1,
      192, 159, 191, -1,
      191, 159, 160, -1,
      191, 160, 190, -1,
      190, 160, 189, -1,
      189, 160, 161, -1,
      189, 161, 188, -1,
      188, 161, 162, -1,
      188, 162, 187, -1,
      187, 162, 163, -1,
      187, 163, 186, -1,
      186, 163, 164, -1,
      186, 164, 185, -1,
      185, 164, 165, -1,
      185, 165, 184, -1,
      184, 165, 166, -1,
      184, 166, 183, -1,
      149, 200, 148, -1,
      146, 142, 145, -1,
      145, 142, 143, -1,
      145, 143, 144, -1,
      144, 143, 141, -1,
      144, 141, 140, -1,
      183, 166, 182, -1,
      182, 166, 167, -1,
      182, 167, 181, -1,
      181, 167, 168, -1,
      181, 168, 180, -1,
      180, 168, 169, -1,
      180, 169, 179, -1,
      149, 150, 199, -1,
      199, 150, 151, -1,
      199, 151, 198, -1,
      198, 151, 152, -1,
      198, 152, 197, -1,
      197, 152, 153, -1,
      197, 153, 196, -1,
      196, 153, 154, -1,
      196, 154, 195, -1,
      195, 154, 155, -1,
      195, 155, 194, -1,
      194, 155, 156, -1,
      194, 156, 193, -1,
      193, 156, 157, -1,
      193, 157, 192, -1,
      192, 157, 158, -1,
      192, 158, 159, -1,
      200, 201, 148, -1,
      148, 201, 202, -1,
      148, 202, 147, -1,
      147, 202, 203, -1,
      147, 203, 146, -1,
      146, 203, 204, -1,
      146, 204, 142, -1,
      169, 170, 179, -1,
      179, 170, 171, -1,
      179, 171, 178, -1,
      178, 171, 172, -1,
      178, 172, 177, -1,
      177, 172, 173, -1,
      177, 173, 176, -1,
      176, 173, 174, -1,
      176, 174, 175, -1,
      205, 206, 71, -1,
      71, 206, 72, -1,
      207, 205, 77, -1,
      77, 205, 71, -1,
      207, 77, 78, -1,
      207, 78, 208, -1,
      208, 78, 75, -1,
      208, 75, 209, -1,
      210, 209, 74, -1,
      74, 209, 75, -1,
      211, 210, 73, -1,
      73, 210, 74, -1,
      211, 73, 212, -1,
      212, 73, 76, -1,
      212, 76, 81, -1,
      213, 212, 80, -1,
      80, 212, 81, -1,
      213, 80, 214, -1,
      214, 80, 79, -1,
      214, 79, 82, -1,
      84, 215, 83, -1,
      83, 215, 214, -1,
      83, 214, 82, -1,
      84, 92, 215, -1,
      215, 92, 216, -1,
      92, 91, 216, -1,
      216, 91, 90, -1,
      216, 90, 217, -1,
      217, 90, 98, -1,
      217, 98, 218, -1,
      218, 98, 97, -1,
      218, 97, 219, -1,
      219, 97, 88, -1,
      219, 88, 220, -1,
      220, 88, 87, -1,
      220, 87, 221, -1,
      221, 87, 89, -1,
      221, 89, 222, -1,
      222, 89, 86, -1,
      222, 86, 223, -1,
      224, 223, 85, -1,
      85, 223, 86, -1,
      224, 85, 96, -1,
      224, 96, 225, -1,
      225, 96, 95, -1,
      225, 95, 226, -1,
      226, 95, 94, -1,
      226, 94, 227, -1,
      227, 94, 93, -1,
      227, 93, 228, -1,
      93, 100, 228, -1,
      228, 100, 99, -1,
      228, 99, 229, -1,
      229, 99, 103, -1,
      229, 103, 230, -1,
      230, 103, 102, -1,
      230, 102, 231, -1,
      72, 206, 101, -1,
      101, 206, 231, -1,
      101, 231, 102, -1,
      208, 209, 231, -1,
      206, 205, 231, -1,
      231, 205, 207, -1,
      231, 207, 208, -1,
      212, 213, 211, -1,
      211, 213, 214, -1,
      211, 214, 210, -1,
      209, 210, 231, -1,
      231, 210, 214, -1,
      231, 214, 230, -1,
      214, 215, 230, -1,
      230, 215, 216, -1,
      230, 216, 229, -1,
      229, 216, 217, -1,
      229, 217, 228, -1,
      228, 217, 218, -1,
      228, 218, 227, -1,
      227, 218, 219, -1,
      227, 219, 226, -1,
      219, 220, 226, -1,
      226, 220, 221, -1,
      226, 221, 225, -1,
      225, 221, 222, -1,
      225, 222, 224, -1,
      224, 222, 223, -1,
      232, 233, 110, -1,
      110, 233, 111, -1,
      232, 110, 234, -1,
      234, 110, 106, -1,
      234, 106, 107, -1,
      235, 234, 105, -1,
      105, 234, 107, -1,
      235, 105, 236, -1,
      236, 105, 104, -1,
      236, 104, 112, -1,
      237, 236, 113, -1,
      113, 236, 112, -1,
      117, 238, 114, -1,
      114, 238, 237, -1,
      114, 237, 113, -1,
      239, 238, 116, -1,
      116, 238, 117, -1,
      109, 240, 115, -1,
      115, 240, 239, -1,
      115, 239, 116, -1,
      241, 240, 108, -1,
      108, 240, 109, -1,
      120, 242, 121, -1,
      121, 242, 241, -1,
      121, 241, 108, -1,
      243, 242, 119, -1,
      119, 242, 120, -1,
      243, 119, 233, -1,
      233, 119, 118, -1,
      233, 118, 111, -1,
      243, 233, 232, -1,
      232, 234, 243, -1,
      243, 234, 235, -1,
      243, 235, 242, -1,
      240, 241, 239, -1,
      239, 241, 242, -1,
      239, 242, 238, -1,
      238, 242, 235, -1,
      238, 235, 237, -1,
      237, 235, 236, -1,
      244, 245, 246, -1,
      246, 245, 247, -1,
      246, 247, 248, -1,
      248, 247, 249, -1,
      248, 249, 250, -1,
      250, 249, 251, -1,
      250, 251, 252, -1,
      252, 251, 253, -1,
      252, 253, 254, -1,
      254, 253, 255, -1,
      254, 255, 256, -1,
      256, 255, 257, -1,
      256, 257, 258, -1,
      258, 257, 259, -1,
      258, 259, 260, -1,
      260, 259, 261, -1,
      261, 259, 262, -1,
      261, 262, 263, -1,
      263, 262, 264, -1,
      263, 264, 265, -1,
      265, 264, 266, -1,
      265, 266, 267, -1,
      267, 266, 268, -1,
      267, 268, 269, -1,
      269, 268, 270, -1,
      269, 270, 271, -1,
      271, 270, 272, -1,
      271, 272, 273, -1,
      273, 272, 274, -1,
      273, 274, 275, -1,
      275, 274, 276, -1,
      275, 276, 277, -1,
      277, 276, 278, -1,
      277, 278, 244, -1,
      244, 278, 279, -1,
      244, 279, 245, -1,
      253, 251, 130, -1,
      130, 251, 131, -1,
      253, 130, 129, -1,
      253, 129, 255, -1,
      255, 129, 122, -1,
      255, 122, 257, -1,
      257, 122, 123, -1,
      257, 123, 259, -1,
      259, 123, 124, -1,
      259, 124, 262, -1,
      262, 124, 128, -1,
      262, 128, 264, -1,
      264, 128, 127, -1,
      264, 127, 266, -1,
      266, 127, 126, -1,
      266, 126, 268, -1,
      268, 126, 125, -1,
      268, 125, 270, -1,
      270, 125, 136, -1,
      270, 136, 272, -1,
      272, 136, 135, -1,
      272, 135, 274, -1,
      274, 135, 134, -1,
      274, 134, 276, -1,
      276, 134, 139, -1,
      276, 139, 278, -1,
      278, 139, 138, -1,
      278, 138, 279, -1,
      279, 138, 137, -1,
      279, 137, 245, -1,
      245, 137, 133, -1,
      245, 133, 247, -1,
      249, 247, 132, -1,
      132, 247, 133, -1,
      251, 249, 131, -1,
      131, 249, 132, -1,
      246, 248, 280, -1,
      280, 248, 281, -1,
      248, 250, 281, -1,
      281, 250, 282, -1,
      250, 252, 282, -1,
      282, 252, 283, -1,
      260, 284, 285, -1,
      260, 285, 258, -1,
      258, 285, 286, -1,
      258, 286, 256, -1,
      256, 286, 287, -1,
      256, 287, 254, -1,
      254, 287, 283, -1,
      254, 283, 252, -1,
      267, 288, 289, -1,
      267, 289, 265, -1,
      265, 289, 290, -1,
      265, 290, 263, -1,
      263, 290, 291, -1,
      263, 291, 261, -1,
      261, 291, 284, -1,
      261, 284, 260, -1,
      275, 292, 293, -1,
      275, 293, 273, -1,
      273, 293, 294, -1,
      273, 294, 271, -1,
      271, 294, 295, -1,
      271, 295, 269, -1,
      269, 295, 288, -1,
      269, 288, 267, -1,
      246, 280, 296, -1,
      246, 296, 244, -1,
      244, 296, 297, -1,
      244, 297, 277, -1,
      277, 297, 292, -1,
      277, 292, 275, -1,
    ]
  }
}

Shape {
  appearance Appearance {
    material Material {
      diffuseColor 0.2235 0.2235 0.2235
      specularColor 0.1137 0.1137 0.1137
      ambientIntensity 0.2
      transparency 0.0000
      shininess 0.5
    }
  }
  geometry IndexedFaceSet {
    ccw TRUE
    solid FALSE
    coord DEF co Coordinate {
      point [
        0.138803 -0.006437 0.177165,
        0.134771 -0.006437 0.177165,
        0.134771 -0.027014 0.177165,
        0.138646 -0.027014 0.177165,
        0.146581 -0.024230 0.177165,
        0.145946 -0.024794 0.177165,
        0.144140 -0.025922 0.177165,
        0.141792 -0.026704 0.177165,
        0.149433 -0.016466 0.177165,
        0.149344 -0.018159 0.177165,
        0.148826 -0.020604 0.177165,
        0.147907 -0.022586 0.177165,
        0.146506 -0.008948 0.177165,
        0.147423 -0.009884 0.177165,
        0.148415 -0.011433 0.177165,
        0.149123 -0.013477 0.177165,
        0.142253 -0.006820 0.177165,
        0.144566 -0.007657 0.177165,
      ]
    }
    coordIndex [
      1, 2, 0, -1,
      0, 2, 3, -1,
      3, 8, 15, -1,
      7, 6, 5, -1,
      11, 10, 3, -1,
      3, 10, 9, -1,
      3, 9, 8, -1,
      15, 14, 3, -1,
      3, 14, 13, -1,
      3, 13, 12, -1,
      7, 5, 3, -1,
      3, 5, 4, -1,
      3, 4, 11, -1,
      12, 17, 3, -1,
      3, 17, 16, -1,
      3, 16, 0, -1,
    ]
  }
}

Shape {
  appearance Appearance {
    material Material {
      diffuseColor 1.0000 1.0000 1.0000
      specularColor 0.5020 0.5020 0.5020
      ambientIntensity 0.2
      transparency 0.0000
      shininess 0.5
    }
  }
  geometry IndexedFaceSet {
    ccw TRUE
    solid FALSE
    coord DEF co Coordinate {
      point [
        0.158343 -0.030057 0.177165,
        0.154536 -0.030057 0.177165,
        0.172022 -0.022757 0.177165,
        0.160908 -0.022757 0.177165,
        0.174744 -0.030057 0.177165,
        0.168386 -0.003367 0.177165,
        0.178551 -0.030057 0.177165,
        0.164702 -0.003367 0.177165,
        0.162000 -0.019741 0.181102,
        0.160908 -0.022757 0.181102,
        0.170958 -0.019741 0.181102,
        0.172022 -0.022757 0.181102,
        0.165991 -0.008648 0.181102,
        0.164702 -0.003367 0.181102,
        0.154536 -0.030057 0.181102,
        0.158343 -0.030057 0.181102,
        0.166222 -0.007851 0.181102,
        0.166428 -0.006778 0.181102,
        0.168386 -0.003367 0.181102,
        0.166509 -0.006778 0.181102,
        0.166725 -0.007907 0.181102,
        0.166926 -0.008648 0.181102,
        0.178551 -0.030057 0.181102,
        0.174744 -0.030057 0.181102,
        0.162000 -0.019741 0.177165,
        0.170958 -0.019741 0.177165,
        0.166926 -0.008648 0.177165,
        0.166509 -0.006778 0.177165,
        0.166725 -0.007907 0.177165,
        0.166428 -0.006778 0.177165,
        0.165991 -0.008648 0.177165,
        0.166222 -0.007851 0.177165,
      ]
    }
    coordIndex [
      8, 9, 10, -1,
      10, 9, 11, -1,
      12, 13, 8, -1,
      8, 13, 14, -1,
      8, 14, 9, -1,
      9, 14, 15, -1,
      12, 16, 13, -1,
      13, 16, 17, -1,
      13, 17, 18, -1,
      18, 17, 19, -1,
      18, 19, 20, -1,
      20, 21, 18, -1,
      18, 21, 10, -1,
      18, 10, 22, -1,
      22, 10, 11, -1,
      22, 11, 23, -1,
      18, 22, 5, -1,
      5, 22, 6, -1,
      13, 18, 7, -1,
      7, 18, 5, -1,
      14, 13, 1, -1,
      1, 13, 7, -1,
      15, 14, 0, -1,
      0, 14, 1, -1,
      9, 15, 3, -1,
      3, 15, 0, -1,
      11, 9, 2, -1,
      2, 9, 3, -1,
      23, 11, 4, -1,
      4, 11, 2, -1,
      22, 23, 6, -1,
      6, 23, 4, -1,
      8, 10, 24, -1,
      24, 10, 25, -1,
      10, 21, 25, -1,
      25, 21, 26, -1,
      19, 27, 28, -1,
      19, 28, 20, -1,
      20, 28, 26, -1,
      20, 26, 21, -1,
      19, 17, 27, -1,
      27, 17, 29, -1,
      12, 30, 31, -1,
      12, 31, 16, -1,
      16, 31, 29, -1,
      16, 29, 17, -1,
      12, 8, 30, -1,
      30, 8, 24, -1,
    ]
  }
}

Shape {
  appearance Appearance {
    material Material {
      diffuseColor 0.2235 0.2235 0.2235
      specularColor 0.1137 0.1137 0.1137
      ambientIntensity 0.2
      transparency 0.0000
      shininess 0.5
    }
  }
  geometry IndexedFaceSet {
    ccw TRUE
    solid FALSE
    coord DEF co Coordinate {
      point [
        0.162000 -0.019741 0.177165,
        0.170958 -0.019741 0.177165,
        0.166926 -0.008648 0.177165,
        0.166509 -0.006778 0.177165,
        0.166725 -0.007907 0.177165,
        0.166428 -0.006778 0.177165,
        0.165991 -0.008648 0.177165,
        0.166222 -0.007851 0.177165,
      ]
    }
    coordIndex [
      3, 5, 4, -1,
      4, 5, 7, -1,
      4, 7, 2, -1,
      2, 7, 6, -1,
      2, 6, 1, -1,
      1, 6, 0, -1,
    ]
  }
}

Shape {
  appearance Appearance {
    material Material {
      diffuseColor 1.0000 1.0000 1.0000
      specularColor 0.5020 0.5020 0.5020
      ambientIntensity 0.2
      transparency 0.0000
      shininess 0.5
    }
  }
  geometry IndexedFaceSet {
    ccw TRUE
    solid FALSE
    coord DEF co Coordinate {
      point [
        -0.104810 0.002550 0.177165,
        -0.104469 0.004233 0.177165,
        -0.061458 0.038734 0.177165,
        -0.060642 0.039199 0.177165,
        -0.019706 0.041085 0.177165,
        -0.017033 0.039199 0.177165,
        0.003938 0.018166 0.177165,
        0.009087 0.013815 0.177165,
        -0.012879 0.036267 0.177165,
        -0.010847 0.034276 0.177165,
        -0.006038 0.028144 0.177165,
        -0.002631 0.021276 0.177165,
        -0.001709 0.020967 0.177165,
        -0.035300 0.045982 0.177165,
        -0.027285 0.044374 0.177165,
        -0.054151 0.042898 0.177165,
        -0.046656 0.045307 0.177165,
        -0.038686 0.046135 0.177165,
        -0.095994 0.021656 0.177165,
        -0.094019 0.023472 0.177165,
        -0.087964 0.027483 0.177165,
        -0.081282 0.029930 0.177165,
        -0.074172 0.030764 0.177165,
        -0.065917 0.034915 0.177165,
        -0.071990 0.030646 0.177165,
        -0.069807 0.030385 0.177165,
        -0.103374 0.009643 0.177165,
        -0.102255 0.012059 0.177165,
        -0.100394 0.016076 0.177165,
        -0.081762 -0.029770 0.177165,
        -0.085138 -0.028700 0.177165,
        -0.091456 -0.025420 0.177165,
        -0.096943 -0.020661 0.177165,
        -0.097927 -0.019513 0.177165,
        -0.101635 -0.013781 0.177165,
        -0.104078 -0.007071 0.177165,
        -0.104913 0.000023 0.177165,
        -0.073315 -0.040128 0.177165,
        -0.077029 -0.037332 0.177165,
        -0.079854 -0.033851 0.177165,
        -0.081523 -0.030282 0.177165,
        -0.063735 -0.042674 0.177165,
        -0.059133 -0.042106 0.177165,
        -0.055880 -0.040854 0.177165,
        -0.064455 -0.042660 0.177165,
        -0.068935 -0.041965 0.177165,
        -0.071582 -0.040854 0.177165,
        -0.045957 -0.030282 0.177165,
        -0.045981 -0.030382 0.177165,
        -0.048232 -0.034607 0.177165,
        -0.051123 -0.037846 0.177165,
        -0.054902 -0.040478 0.177165,
        0.015284 0.002622 0.177165,
        0.016155 -0.003583 0.177165,
        0.009134 -0.021610 0.177165,
        0.003974 -0.025978 0.177165,
        -0.049503 -0.010983 0.177165,
        -0.024075 0.002300 0.177165,
        -0.052826 -0.007959 0.177165,
        -0.056854 -0.005802 0.177165,
        -0.021671 -0.019059 0.177165,
        -0.020365 -0.018558 0.177165,
        -0.018192 -0.007757 0.177165,
        0.012904 -0.016356 0.177165,
        0.004294 -0.002083 0.177165,
        0.003396 0.001560 0.177165,
        0.001949 0.004233 0.177165,
        -0.092485 0.004233 0.177165,
        -0.022845 -0.019873 0.177165,
        0.015286 -0.010348 0.177165,
        -0.091360 -0.007189 0.177165,
        -0.089115 -0.011007 0.177165,
        -0.079481 -0.012985 0.177165,
        -0.085714 -0.014504 0.177165,
        -0.081572 -0.017056 0.177165,
        -0.072467 -0.006698 0.177165,
        -0.076345 -0.009396 0.177165,
        -0.092958 0.000402 0.177165,
        -0.092727 -0.002548 0.177165,
        -0.018951 -0.018384 0.177165,
        -0.018767 -0.018397 0.177165,
        -0.018197 -0.018524 0.177165,
        -0.068276 -0.005092 0.177165,
        -0.063735 -0.004531 0.177165,
        -0.061435 -0.004667 0.177165,
        -0.001815 -0.028813 0.177165,
        -0.008135 -0.030149 0.177165,
        -0.019331 -0.030149 0.177165,
        -0.020266 -0.030010 0.177165,
        -0.021527 -0.029549 0.177165,
        -0.022780 -0.028703 0.177165,
        -0.023358 -0.028123 0.177165,
        0.000533 -0.013814 0.177165,
        0.002623 -0.010856 0.177165,
        0.003932 -0.007474 0.177165,
        0.004390 -0.003772 0.177165,
        -0.024834 -0.024267 0.177165,
        -0.024807 -0.023706 0.177165,
        -0.044759 -0.021800 0.177165,
        -0.024473 -0.022250 0.177165,
        -0.023782 -0.020928 0.177165,
        -0.017813 -0.018574 0.177165,
        -0.009273 -0.018574 0.177165,
        -0.005848 -0.017915 0.177165,
        -0.024175 -0.026927 0.177165,
        -0.024664 -0.025638 0.177165,
        -0.044864 -0.025699 0.177165,
        -0.044759 -0.023697 0.177165,
        -0.002502 -0.016359 0.177165,
        0.000301 -0.014064 0.177165,
        -0.011930 0.011029 0.177165,
        -0.090763 0.009236 0.177165,
        -0.092391 0.005004 0.177165,
        -0.010412 0.011029 0.177165,
        0.001626 0.004830 0.177165,
        -0.000541 0.007247 0.177165,
        -0.003483 0.009304 0.177165,
        -0.006794 0.010582 0.177165,
        -0.016035 0.022452 0.177165,
        -0.020320 0.027561 0.177165,
        -0.063925 0.016532 0.177165,
        -0.020773 0.027972 0.177165,
        -0.026104 0.031674 0.177165,
        -0.061022 0.022539 0.177165,
        -0.088796 0.012059 0.177165,
        -0.065246 0.017256 0.177165,
        -0.012157 0.012059 0.177165,
        -0.013101 0.016341 0.177165,
        -0.069500 0.018819 0.177165,
        -0.073982 0.019379 0.177165,
        -0.075984 0.019273 0.177165,
        -0.056765 0.027623 0.177165,
        -0.032054 0.033956 0.177165,
        -0.051687 0.031334 0.177165,
        -0.038496 0.034749 0.177165,
        -0.045489 0.033848 0.177165,
        -0.080667 0.018156 0.177165,
        -0.084892 0.015906 0.177165,
        -0.088131 0.013015 0.177165,
        0.010348 0.012059 0.177165,
        0.012962 0.008417 0.177165,
        0.014639 0.004233 0.177165,
        -0.079854 -0.033851 0.181102,
        -0.077029 -0.037332 0.181102,
        -0.081572 -0.017056 0.181102,
        -0.044759 -0.023697 0.181102,
        -0.044759 -0.021800 0.181102,
        -0.060850 -0.017159 0.181102,
        -0.062639 -0.016600 0.181102,
        -0.085714 -0.014504 0.181102,
        -0.085138 -0.028700 0.181102,
        -0.081762 -0.029770 0.181102,
        -0.058005 -0.019447 0.181102,
        -0.057119 -0.020972 0.181102,
        -0.044864 -0.025699 0.181102,
        -0.018192 -0.007757 0.181102,
        -0.024075 0.002300 0.181102,
        -0.049503 -0.010983 0.181102,
        -0.063925 -0.016486 0.181102,
        -0.065709 -0.016706 0.181102,
        -0.068276 -0.005092 0.181102,
        -0.067371 -0.017343 0.181102,
        -0.072467 -0.006698 0.181102,
        -0.068864 -0.018382 0.181102,
        -0.076345 -0.009396 0.181102,
        -0.069816 -0.019409 0.181102,
        -0.079481 -0.012985 0.181102,
        -0.070749 -0.021015 0.181102,
        -0.071250 -0.022820 0.181102,
        -0.056854 -0.005802 0.181102,
        -0.061435 -0.004667 0.181102,
        -0.063735 -0.004531 0.181102,
        -0.059278 -0.018133 0.181102,
        -0.068876 -0.029381 0.181102,
        -0.067367 -0.030433 0.181102,
        -0.073315 -0.040128 0.181102,
        -0.065616 -0.031091 0.181102,
        0.009087 0.013815 0.181102,
        0.003938 0.018166 0.181102,
        -0.003483 0.009304 0.181102,
        -0.001709 0.020967 0.181102,
        -0.006794 0.010582 0.181102,
        -0.002631 0.021276 0.181102,
        -0.010412 0.011029 0.181102,
        -0.065246 0.017256 0.181102,
        -0.063925 0.016532 0.181102,
        -0.069807 0.030385 0.181102,
        -0.061022 0.022539 0.181102,
        -0.065917 0.034915 0.181102,
        -0.056765 0.027623 0.181102,
        -0.061458 0.038734 0.181102,
        -0.051687 0.031334 0.181102,
        -0.054151 0.042898 0.181102,
        -0.046656 0.045307 0.181102,
        -0.045489 0.033848 0.181102,
        -0.038686 0.046135 0.181102,
        -0.038496 0.034749 0.181102,
        -0.035300 0.045982 0.181102,
        -0.032054 0.033956 0.181102,
        -0.027285 0.044374 0.181102,
        -0.016035 0.022452 0.181102,
        -0.013101 0.016341 0.181102,
        -0.011930 0.011029 0.181102,
        -0.052826 -0.007959 0.181102,
        0.009134 -0.021610 0.181102,
        0.000301 -0.014064 0.181102,
        0.003974 -0.025978 0.181102,
        -0.002502 -0.016359 0.181102,
        -0.001815 -0.028813 0.181102,
        -0.005848 -0.017915 0.181102,
        -0.008135 -0.030149 0.181102,
        -0.009273 -0.018574 0.181102,
        -0.019331 -0.030149 0.181102,
        -0.017813 -0.018574 0.181102,
        -0.020266 -0.030010 0.181102,
        -0.089115 -0.011007 0.181102,
        -0.096943 -0.020661 0.181102,
        -0.091456 -0.025420 0.181102,
        -0.070079 -0.027998 0.181102,
        -0.070879 -0.026428 0.181102,
        -0.071285 -0.024671 0.181102,
        -0.000541 0.007247 0.181102,
        0.001626 0.004830 0.181102,
        0.012962 0.008417 0.181102,
        0.003396 0.001560 0.181102,
        0.015284 0.002622 0.181102,
        0.004294 -0.002083 0.181102,
        0.016155 -0.003583 0.181102,
        0.004390 -0.003772 0.181102,
        0.015286 -0.010348 0.181102,
        0.003932 -0.007474 0.181102,
        0.012904 -0.016356 0.181102,
        0.002623 -0.010856 0.181102,
        0.000533 -0.013814 0.181102,
        -0.012879 0.036267 0.181102,
        -0.020320 0.027561 0.181102,
        -0.010847 0.034276 0.181102,
        -0.006038 0.028144 0.181102,
        -0.092391 0.005004 0.181102,
        -0.104810 0.002550 0.181102,
        -0.092958 0.000402 0.181102,
        -0.104913 0.000023 0.181102,
        -0.092727 -0.002548 0.181102,
        -0.104078 -0.007071 0.181102,
        -0.091360 -0.007189 0.181102,
        -0.101635 -0.013781 0.181102,
        -0.097927 -0.019513 0.181102,
        -0.056618 -0.022699 0.181102,
        -0.056553 -0.024538 0.181102,
        -0.045981 -0.030382 0.181102,
        -0.056956 -0.026372 0.181102,
        -0.048232 -0.034607 0.181102,
        -0.057798 -0.028030 0.181102,
        -0.051123 -0.037846 0.181102,
        -0.059006 -0.029414 0.181102,
        -0.054902 -0.040478 0.181102,
        -0.060459 -0.030429 0.181102,
        -0.059133 -0.042106 0.181102,
        -0.062111 -0.031065 0.181102,
        -0.063735 -0.042674 0.181102,
        -0.063925 -0.031288 0.181102,
        -0.064455 -0.042660 0.181102,
        -0.068935 -0.041965 0.181102,
        -0.019706 0.041085 0.181102,
        -0.026104 0.031674 0.181102,
        -0.020773 0.027972 0.181102,
        -0.069500 0.018819 0.181102,
        -0.071990 0.030646 0.181102,
        -0.073982 0.019379 0.181102,
        -0.074172 0.030764 0.181102,
        -0.075984 0.019273 0.181102,
        -0.081282 0.029930 0.181102,
        -0.080667 0.018156 0.181102,
        -0.087964 0.027483 0.181102,
        -0.084892 0.015906 0.181102,
        -0.094019 0.023472 0.181102,
        -0.088131 0.013015 0.181102,
        -0.095994 0.021656 0.181102,
        -0.090763 0.009236 0.181102,
        -0.100394 0.016076 0.181102,
        -0.103374 0.009643 0.181102,
        -0.018767 -0.018397 0.181102,
        -0.023358 -0.028123 0.181102,
        -0.022780 -0.028703 0.181102,
        -0.024834 -0.024267 0.181102,
        -0.024664 -0.025638 0.181102,
        -0.024175 -0.026927 0.181102,
        -0.018197 -0.018524 0.181102,
        -0.021527 -0.029549 0.181102,
        -0.020365 -0.018558 0.181102,
        -0.021671 -0.019059 0.181102,
        -0.024807 -0.023706 0.181102,
        -0.022845 -0.019873 0.181102,
        -0.023782 -0.020928 0.181102,
        -0.024473 -0.022250 0.181102,
        -0.018951 -0.018384 0.181102,
        -0.063925 -0.016486 0.177165,
        -0.062639 -0.016600 0.177165,
        -0.060850 -0.017159 0.177165,
        -0.059278 -0.018133 0.177165,
        -0.058005 -0.019447 0.177165,
        -0.057119 -0.020972 0.177165,
        -0.056618 -0.022699 0.177165,
        -0.056553 -0.024538 0.177165,
        -0.056956 -0.026372 0.177165,
        -0.057798 -0.028030 0.177165,
        -0.059006 -0.029414 0.177165,
        -0.060459 -0.030429 0.177165,
        -0.062111 -0.031065 0.177165,
        -0.063925 -0.031288 0.177165,
        -0.065616 -0.031091 0.177165,
        -0.067367 -0.030433 0.177165,
        -0.068876 -0.029381 0.177165,
        -0.070079 -0.027998 0.177165,
        -0.070879 -0.026428 0.177165,
        -0.071285 -0.024671 0.177165,
        -0.071250 -0.022820 0.177165,
        -0.070749 -0.021015 0.177165,
        -0.069816 -0.019409 0.177165,
        -0.068864 -0.018382 0.177165,
        -0.067371 -0.017343 0.177165,
        -0.065709 -0.016706 0.177165,
      ]
    }
    coordIndex [
      142, 143, 144, -1,
      145, 146, 147, -1,
      147, 146, 148, -1,
      149, 150, 144, -1,
      144, 150, 151, -1,
      144, 151, 142, -1,
      152, 153, 154, -1,
      155, 156, 146, -1,
      146, 156, 157, -1,
      146, 157, 148, -1,
      148, 157, 158, -1,
      159, 160, 161, -1,
      161, 160, 162, -1,
      161, 162, 163, -1,
      163, 162, 164, -1,
      163, 164, 165, -1,
      165, 164, 166, -1,
      165, 166, 167, -1,
      167, 166, 144, -1,
      167, 144, 168, -1,
      169, 170, 159, -1,
      159, 170, 171, -1,
      159, 171, 160, -1,
      145, 147, 154, -1,
      154, 147, 172, -1,
      154, 172, 152, -1,
      173, 143, 174, -1,
      174, 143, 175, -1,
      174, 175, 176, -1,
      177, 178, 179, -1,
      179, 178, 180, -1,
      179, 180, 181, -1,
      181, 180, 182, -1,
      181, 182, 183, -1,
      184, 185, 186, -1,
      186, 185, 187, -1,
      186, 187, 188, -1,
      188, 187, 189, -1,
      188, 189, 190, -1,
      190, 189, 191, -1,
      190, 191, 192, -1,
      192, 191, 193, -1,
      193, 191, 194, -1,
      193, 194, 195, -1,
      195, 194, 196, -1,
      195, 196, 197, -1,
      197, 196, 198, -1,
      197, 198, 199, -1,
      200, 201, 182, -1,
      182, 201, 202, -1,
      182, 202, 183, -1,
      158, 157, 159, -1,
      159, 157, 203, -1,
      159, 203, 169, -1,
      204, 205, 206, -1,
      206, 205, 207, -1,
      206, 207, 208, -1,
      208, 207, 209, -1,
      208, 209, 210, -1,
      210, 209, 211, -1,
      210, 211, 212, -1,
      212, 211, 213, -1,
      212, 213, 214, -1,
      215, 216, 149, -1,
      149, 216, 217, -1,
      149, 217, 150, -1,
      173, 218, 143, -1,
      143, 218, 219, -1,
      143, 219, 144, -1,
      144, 219, 220, -1,
      144, 220, 168, -1,
      179, 221, 177, -1,
      177, 221, 222, -1,
      177, 222, 223, -1,
      223, 222, 224, -1,
      223, 224, 225, -1,
      225, 224, 226, -1,
      225, 226, 227, -1,
      227, 226, 228, -1,
      227, 228, 229, -1,
      229, 228, 230, -1,
      229, 230, 231, -1,
      231, 230, 232, -1,
      231, 232, 204, -1,
      204, 232, 233, -1,
      204, 233, 205, -1,
      234, 235, 236, -1,
      236, 235, 200, -1,
      236, 200, 237, -1,
      237, 200, 182, -1,
      238, 239, 240, -1,
      240, 239, 241, -1,
      240, 241, 242, -1,
      242, 241, 243, -1,
      242, 243, 244, -1,
      244, 243, 245, -1,
      244, 245, 215, -1,
      215, 245, 246, -1,
      215, 246, 216, -1,
      153, 247, 154, -1,
      154, 247, 248, -1,
      154, 248, 249, -1,
      249, 248, 250, -1,
      249, 250, 251, -1,
      251, 250, 252, -1,
      251, 252, 253, -1,
      253, 252, 254, -1,
      253, 254, 255, -1,
      255, 254, 256, -1,
      255, 256, 257, -1,
      257, 256, 258, -1,
      257, 258, 259, -1,
      259, 258, 260, -1,
      259, 260, 261, -1,
      261, 260, 176, -1,
      261, 176, 262, -1,
      262, 176, 175, -1,
      199, 198, 263, -1,
      263, 198, 264, -1,
      263, 264, 234, -1,
      234, 264, 265, -1,
      234, 265, 235, -1,
      184, 186, 266, -1,
      266, 186, 267, -1,
      266, 267, 268, -1,
      268, 267, 269, -1,
      268, 269, 270, -1,
      270, 269, 271, -1,
      270, 271, 272, -1,
      272, 271, 273, -1,
      272, 273, 274, -1,
      274, 273, 275, -1,
      274, 275, 276, -1,
      276, 275, 277, -1,
      276, 277, 278, -1,
      278, 277, 279, -1,
      278, 279, 238, -1,
      238, 279, 280, -1,
      238, 280, 239, -1,
      281, 282, 283, -1,
      284, 285, 281, -1,
      281, 285, 286, -1,
      281, 286, 282, -1,
      213, 287, 214, -1,
      214, 287, 281, -1,
      214, 281, 288, -1,
      288, 281, 283, -1,
      289, 290, 291, -1,
      290, 292, 291, -1,
      291, 292, 293, -1,
      291, 293, 294, -1,
      284, 281, 291, -1,
      291, 281, 295, -1,
      291, 295, 289, -1,
      227, 53, 52, -1,
      227, 52, 225, -1,
      225, 52, 141, -1,
      225, 141, 223, -1,
      141, 140, 223, -1,
      223, 140, 139, -1,
      223, 139, 177, -1,
      139, 7, 177, -1,
      177, 7, 6, -1,
      177, 6, 178, -1,
      178, 6, 12, -1,
      178, 12, 180, -1,
      180, 12, 11, -1,
      180, 11, 182, -1,
      182, 11, 10, -1,
      182, 10, 237, -1,
      237, 10, 9, -1,
      237, 9, 236, -1,
      236, 9, 8, -1,
      236, 8, 234, -1,
      234, 8, 263, -1,
      263, 8, 5, -1,
      5, 4, 263, -1,
      263, 4, 14, -1,
      263, 14, 199, -1,
      199, 14, 13, -1,
      199, 13, 197, -1,
      197, 13, 17, -1,
      197, 17, 195, -1,
      2, 190, 3, -1,
      3, 190, 192, -1,
      3, 192, 15, -1,
      15, 192, 193, -1,
      15, 193, 16, -1,
      16, 193, 195, -1,
      16, 195, 17, -1,
      190, 2, 23, -1,
      190, 23, 188, -1,
      188, 23, 25, -1,
      188, 25, 186, -1,
      186, 25, 24, -1,
      186, 24, 267, -1,
      267, 24, 22, -1,
      267, 22, 269, -1,
      269, 22, 21, -1,
      269, 21, 271, -1,
      271, 21, 20, -1,
      271, 20, 273, -1,
      273, 20, 19, -1,
      273, 19, 275, -1,
      275, 19, 18, -1,
      275, 18, 277, -1,
      36, 241, 239, -1,
      277, 18, 28, -1,
      27, 280, 28, -1,
      28, 280, 279, -1,
      28, 279, 277, -1,
      27, 26, 280, -1,
      280, 26, 1, -1,
      280, 1, 239, -1,
      239, 1, 0, -1,
      239, 0, 36, -1,
      241, 36, 35, -1,
      241, 35, 243, -1,
      243, 35, 34, -1,
      243, 34, 245, -1,
      245, 34, 33, -1,
      245, 33, 246, -1,
      246, 33, 32, -1,
      246, 32, 216, -1,
      216, 32, 31, -1,
      216, 31, 217, -1,
      217, 31, 30, -1,
      217, 30, 150, -1,
      150, 30, 29, -1,
      150, 29, 151, -1,
      151, 29, 40, -1,
      151, 40, 142, -1,
      40, 39, 142, -1,
      142, 39, 38, -1,
      142, 38, 143, -1,
      143, 38, 37, -1,
      143, 37, 175, -1,
      175, 37, 46, -1,
      175, 46, 262, -1,
      46, 45, 262, -1,
      262, 45, 44, -1,
      262, 44, 261, -1,
      261, 44, 41, -1,
      261, 41, 259, -1,
      107, 145, 154, -1,
      259, 41, 42, -1,
      259, 42, 257, -1,
      257, 42, 43, -1,
      257, 43, 255, -1,
      43, 51, 255, -1,
      255, 51, 50, -1,
      255, 50, 253, -1,
      253, 50, 49, -1,
      253, 49, 251, -1,
      251, 49, 48, -1,
      251, 48, 249, -1,
      249, 48, 47, -1,
      249, 47, 154, -1,
      154, 47, 106, -1,
      154, 106, 107, -1,
      146, 145, 98, -1,
      98, 145, 107, -1,
      155, 146, 62, -1,
      62, 146, 98, -1,
      156, 155, 57, -1,
      57, 155, 62, -1,
      157, 156, 56, -1,
      56, 156, 57, -1,
      157, 56, 58, -1,
      157, 58, 203, -1,
      203, 58, 59, -1,
      203, 59, 169, -1,
      169, 59, 84, -1,
      169, 84, 170, -1,
      170, 84, 83, -1,
      170, 83, 171, -1,
      171, 83, 82, -1,
      171, 82, 160, -1,
      160, 82, 75, -1,
      160, 75, 162, -1,
      162, 75, 76, -1,
      162, 76, 164, -1,
      164, 76, 72, -1,
      164, 72, 166, -1,
      166, 72, 74, -1,
      166, 74, 144, -1,
      144, 74, 73, -1,
      144, 73, 149, -1,
      149, 73, 71, -1,
      149, 71, 215, -1,
      215, 71, 70, -1,
      215, 70, 244, -1,
      244, 70, 78, -1,
      244, 78, 242, -1,
      242, 78, 77, -1,
      242, 77, 240, -1,
      77, 67, 240, -1,
      240, 67, 238, -1,
      67, 112, 238, -1,
      238, 112, 111, -1,
      238, 111, 278, -1,
      278, 111, 124, -1,
      278, 124, 276, -1,
      124, 138, 276, -1,
      276, 138, 137, -1,
      276, 137, 274, -1,
      274, 137, 136, -1,
      274, 136, 272, -1,
      272, 136, 130, -1,
      272, 130, 270, -1,
      270, 130, 129, -1,
      270, 129, 268, -1,
      268, 129, 128, -1,
      268, 128, 266, -1,
      266, 128, 125, -1,
      266, 125, 184, -1,
      184, 125, 120, -1,
      184, 120, 185, -1,
      185, 120, 123, -1,
      185, 123, 187, -1,
      187, 123, 131, -1,
      187, 131, 189, -1,
      189, 131, 133, -1,
      189, 133, 191, -1,
      191, 133, 135, -1,
      191, 135, 194, -1,
      194, 135, 134, -1,
      194, 134, 196, -1,
      110, 202, 126, -1,
      126, 202, 201, -1,
      126, 201, 127, -1,
      127, 201, 200, -1,
      127, 200, 118, -1,
      118, 200, 235, -1,
      118, 235, 119, -1,
      119, 235, 265, -1,
      119, 265, 121, -1,
      121, 265, 264, -1,
      121, 264, 122, -1,
      122, 264, 198, -1,
      122, 198, 132, -1,
      132, 198, 196, -1,
      132, 196, 134, -1,
      183, 202, 113, -1,
      113, 202, 110, -1,
      183, 113, 117, -1,
      183, 117, 181, -1,
      181, 117, 116, -1,
      181, 116, 179, -1,
      179, 116, 115, -1,
      179, 115, 221, -1,
      221, 115, 114, -1,
      221, 114, 222, -1,
      222, 114, 66, -1,
      222, 66, 224, -1,
      66, 65, 224, -1,
      224, 65, 64, -1,
      224, 64, 226, -1,
      226, 64, 95, -1,
      226, 95, 228, -1,
      228, 95, 94, -1,
      228, 94, 230, -1,
      230, 94, 93, -1,
      230, 93, 232, -1,
      232, 93, 92, -1,
      232, 92, 233, -1,
      233, 92, 109, -1,
      233, 109, 205, -1,
      205, 109, 108, -1,
      205, 108, 207, -1,
      207, 108, 103, -1,
      207, 103, 209, -1,
      209, 103, 102, -1,
      209, 102, 211, -1,
      213, 211, 101, -1,
      101, 211, 102, -1,
      213, 101, 81, -1,
      213, 81, 287, -1,
      287, 81, 80, -1,
      287, 80, 281, -1,
      281, 80, 79, -1,
      281, 79, 295, -1,
      295, 79, 61, -1,
      295, 61, 289, -1,
      289, 61, 60, -1,
      289, 60, 290, -1,
      290, 60, 68, -1,
      290, 68, 292, -1,
      292, 68, 100, -1,
      292, 100, 293, -1,
      293, 100, 99, -1,
      293, 99, 294, -1,
      294, 99, 97, -1,
      294, 97, 291, -1,
      291, 97, 96, -1,
      291, 96, 284, -1,
      284, 96, 105, -1,
      284, 105, 285, -1,
      285, 105, 104, -1,
      285, 104, 286, -1,
      286, 104, 91, -1,
      286, 91, 282, -1,
      282, 91, 90, -1,
      282, 90, 283, -1,
      283, 90, 89, -1,
      283, 89, 288, -1,
      288, 89, 88, -1,
      288, 88, 214, -1,
      214, 88, 87, -1,
      214, 87, 212, -1,
      210, 212, 86, -1,
      86, 212, 87, -1,
      210, 86, 85, -1,
      210, 85, 208, -1,
      208, 85, 55, -1,
      208, 55, 206, -1,
      206, 55, 54, -1,
      206, 54, 204, -1,
      204, 54, 63, -1,
      204, 63, 231, -1,
      231, 63, 69, -1,
      231, 69, 229, -1,
      229, 69, 53, -1,
      229, 53, 227, -1,
      158, 296, 297, -1,
      158, 297, 148, -1,
      148, 297, 298, -1,
      148, 298, 147, -1,
      147, 298, 299, -1,
      147, 299, 172, -1,
      172, 299, 300, -1,
      172, 300, 152, -1,
      152, 300, 301, -1,
      152, 301, 153, -1,
      153, 301, 302, -1,
      153, 302, 247, -1,
      247, 302, 303, -1,
      247, 303, 248, -1,
      248, 303, 304, -1,
      248, 304, 250, -1,
      250, 304, 305, -1,
      250, 305, 252, -1,
      252, 305, 306, -1,
      252, 306, 254, -1,
      254, 306, 307, -1,
      254, 307, 256, -1,
      256, 307, 308, -1,
      256, 308, 258, -1,
      258, 308, 309, -1,
      258, 309, 260, -1,
      260, 309, 310, -1,
      260, 310, 176, -1,
      176, 310, 311, -1,
      176, 311, 174, -1,
      174, 311, 312, -1,
      174, 312, 173, -1,
      173, 312, 313, -1,
      173, 313, 218, -1,
      218, 313, 314, -1,
      218, 314, 219, -1,
      219, 314, 315, -1,
      219, 315, 220, -1,
      220, 315, 316, -1,
      220, 316, 168, -1,
      168, 316, 317, -1,
      168, 317, 167, -1,
      167, 317, 318, -1,
      167, 318, 165, -1,
      165, 318, 319, -1,
      165, 319, 163, -1,
      163, 319, 320, -1,
      163, 320, 161, -1,
      161, 320, 321, -1,
      161, 321, 159, -1,
      159, 321, 296, -1,
      159, 296, 158, -1,
    ]
  }
}

Shape {
  appearance Appearance {
    material Material {
      diffuseColor 0.2235 0.2235 0.2235
      specularColor 0.1137 0.1137 0.1137
      ambientIntensity 0.2
      transparency 0.0000
      shininess 0.5
    }
  }
  geometry IndexedFaceSet {
    ccw TRUE
    solid FALSE
    coord DEF co Coordinate {
      point [
        -0.063925 -0.016486 0.177165,
        -0.062639 -0.016600 0.177165,
        -0.060850 -0.017159 0.177165,
        -0.059278 -0.018133 0.177165,
        -0.058005 -0.019447 0.177165,
        -0.057119 -0.020972 0.177165,
        -0.056618 -0.022699 0.177165,
        -0.056553 -0.024538 0.177165,
        -0.056956 -0.026372 0.177165,
        -0.057798 -0.028030 0.177165,
        -0.059006 -0.029414 0.177165,
        -0.060459 -0.030429 0.177165,
        -0.062111 -0.031065 0.177165,
        -0.063925 -0.031288 0.177165,
        -0.065616 -0.031091 0.177165,
        -0.067367 -0.030433 0.177165,
        -0.068876 -0.029381 0.177165,
        -0.070079 -0.027998 0.177165,
        -0.070879 -0.026428 0.177165,
        -0.071285 -0.024671 0.177165,
        -0.071250 -0.022820 0.177165,
        -0.070749 -0.021015 0.177165,
        -0.069816 -0.019409 0.177165,
        -0.068864 -0.018382 0.177165,
        -0.067371 -0.017343 0.177165,
        -0.065709 -0.016706 0.177165,
      ]
    }
    coordIndex [
      13, 23, 22, -1,
      0, 13, 1, -1,
      1, 13, 12, -1,
      0, 25, 13, -1,
      13, 25, 24, -1,
      13, 24, 23, -1,
      10, 4, 3, -1,
      18, 17, 22, -1,
      22, 17, 16, -1,
      12, 11, 1, -1,
      1, 11, 10, -1,
      1, 10, 2, -1,
      2, 10, 3, -1,
      16, 15, 22, -1,
      22, 15, 14, -1,
      22, 14, 13, -1,
      21, 20, 22, -1,
      22, 20, 19, -1,
      22, 19, 18, -1,
      8, 7, 9, -1,
      9, 7, 6, -1,
      9, 6, 10, -1,
      10, 6, 5, -1,
      10, 5, 4, -1,
    ]
  }
}
